<?xml version='1.0' encoding='UTF-8'?>
<gpx version="1.1" creator="https://www.komoot.de" xmlns="http://www.topografix.com/GPX/1/1" xmlns:xsi="http://www.w3.org/2001/XMLSchema-instance" xsi:schemaLocation="http://www.topografix.com/GPX/1/1 http://www.topografix.com/GPX/1/1/gpx.xsd">
  <metadata>
    <name>Ahrtal und Eifel - Tag 6 - von Nehren nach Koblenz</name>
    <author>
      <link href="https://www.komoot.de">
        <text>komoot</text>
        <type>text/html</type>
      </link>
    </author>
  </metadata>
  <wpt lat="50.098276" lon="7.145214">
    <name>Strand</name>
    <sym>Flag, Blue</sym>
  </wpt>
  <wpt lat="50.092853" lon="7.160114">
    <name>Wohnmobilsplatz Ediger</name>
    <sym>Drinking Water</sym>
  </wpt>
  <wpt lat="50.091272" lon="7.162727">
    <name>Strand</name>
    <sym>Flag, Blue</sym>
  </wpt>
  <wpt lat="50.110640" lon="7.236442">
    <name>Blick auf Beilstein und Burg Metternich</name>
    <sym>Flag, Blue</sym>
  </wpt>
  <wpt lat="50.138706" lon="7.180279">
    <name>Blick auf die Reichsburg Cochem</name>
    <sym>Flag, Blue</sym>
  </wpt>
  <wpt lat="50.140180" lon="7.170711">
    <name>Blick auf die Reichsburg Cochem</name>
    <sym>Flag, Blue</sym>
  </wpt>
  <wpt lat="50.163243" lon="7.201275">
    <name>Weindorf Klotten</name>
    <sym>Shopping Center</sym>
  </wpt>
  <wpt lat="50.239018" lon="7.441783">
    <name>Löf an der Mosel</name>
    <sym>Shopping Center</sym>
  </wpt>
  <wpt lat="50.263829" lon="7.445164">
    <name>Moselradweg bei Alken</name>
    <sym>Flag, Blue</sym>
  </wpt>
  <wpt lat="50.272128" lon="7.453715">
    <name>Lehmer Razejunge Rastplatz</name>
    <sym>Picnic Area</sym>
  </wpt>
  <wpt lat="50.272410" lon="7.454060">
    <name>Lavendel- und Naturkräuterfelsterrassen der Lehmer Razejunge</name>
    <sym>Flag, Blue</sym>
  </wpt>
  <wpt lat="50.310092" lon="7.460002">
    <name>Historische Altstadt von Kobern-Gondorf</name>
    <sym>Flag, Blue</sym>
  </wpt>
  <wpt lat="50.311272" lon="7.459737">
    <name>Mosella-Tanzburg</name>
    <sym>Flag, Blue</sym>
  </wpt>
  <wpt lat="50.318059" lon="7.467365">
    <name>Weinberge entlang des Moselradwegs</name>
    <sym>Flag, Blue</sym>
  </wpt>
  <wpt lat="50.321922" lon="7.477802">
    <name>Ehemalige Bellthal-Moselsprudel Abfüllanlage</name>
    <sym>Flag, Blue</sym>
  </wpt>
  <wpt lat="50.320211" lon="7.488733">
    <name>Weinberg Winninger Uhlen und Moselradweg</name>
    <sym>Flag, Blue</sym>
  </wpt>
  <wpt lat="50.313064" lon="7.499935">
    <name>Winninger Hamm Weinberg</name>
    <sym>Flag, Blue</sym>
  </wpt>
  <wpt lat="50.313384" lon="7.517374">
    <name>Winningen – historische Altstadt</name>
    <sym>Shopping Center</sym>
  </wpt>
  <wpt lat="50.322756" lon="7.532223">
    <name>Weinberge in der Eifel</name>
    <sym>Flag, Blue</sym>
  </wpt>
  <wpt lat="50.324372" lon="7.541963">
    <name>Mosel-Uferweg</name>
    <sym>Flag, Blue</sym>
  </wpt>
  <wpt lat="50.331471" lon="7.556835">
    <name>Strand</name>
    <sym>Flag, Blue</sym>
  </wpt>
  <wpt lat="50.321505" lon="7.590951">
    <name>Blick auf die Koblenzer Brauerei</name>
    <sym>Flag, Blue</sym>
  </wpt>
  <trk>
    <name>Ahrtal und Eifel - Tag 6 - von Nehren nach Koblenz</name>
    <type>e_touring_bicycle</type>
    <trkseg>
      <trkpt lat="50.081692" lon="7.130871">
        <ele>94.693383</ele>
        <time>2026-08-08T11:48:54.103Z</time>
      </trkpt>
      <trkpt lat="50.082164" lon="7.131162">
        <ele>94.693383</ele>
        <time>2026-08-08T11:49:03.836Z</time>
      </trkpt>
      <trkpt lat="50.082201" lon="7.131305">
        <ele>94.693383</ele>
        <time>2026-08-08T11:49:05.696Z</time>
      </trkpt>
      <trkpt lat="50.082396" lon="7.131303">
        <ele>94.693383</ele>
        <time>2026-08-08T11:49:09.449Z</time>
      </trkpt>
      <trkpt lat="50.082329" lon="7.131696">
        <ele>94.564456</ele>
        <time>2026-08-08T11:49:27.557Z</time>
      </trkpt>
      <trkpt lat="50.082375" lon="7.131698">
        <ele>94.528090</ele>
        <time>2026-08-08T11:49:28.502Z</time>
      </trkpt>
      <trkpt lat="50.082499" lon="7.131707">
        <ele>94.429994</ele>
        <time>2026-08-08T11:49:30.858Z</time>
      </trkpt>
      <trkpt lat="50.082560" lon="7.131703">
        <ele>94.381747</ele>
        <time>2026-08-08T11:49:32.011Z</time>
      </trkpt>
      <trkpt lat="50.082770" lon="7.131583">
        <ele>94.204991</ele>
        <time>2026-08-08T11:49:36.040Z</time>
      </trkpt>
      <trkpt lat="50.083363" lon="7.131939">
        <ele>93.702809</ele>
        <time>2026-08-08T11:49:48.389Z</time>
      </trkpt>
      <trkpt lat="50.083735" lon="7.132053">
        <ele>93.403210</ele>
        <time>2026-08-08T11:49:56.381Z</time>
      </trkpt>
      <trkpt lat="50.084349" lon="7.132108">
        <ele>93.490978</ele>
        <time>2026-08-08T11:50:09.248Z</time>
      </trkpt>
      <trkpt lat="50.085931" lon="7.132291">
        <ele>94.279792</ele>
        <time>2026-08-08T11:50:44.475Z</time>
      </trkpt>
      <trkpt lat="50.086547" lon="7.132420">
        <ele>94.622830</ele>
        <time>2026-08-08T11:50:58.324Z</time>
      </trkpt>
      <trkpt lat="50.087419" lon="7.132671">
        <ele>95.112243</ele>
        <time>2026-08-08T11:51:17.412Z</time>
      </trkpt>
      <trkpt lat="50.088344" lon="7.132985">
        <ele>96.521504</ele>
        <time>2026-08-08T11:51:38.439Z</time>
      </trkpt>
      <trkpt lat="50.089662" lon="7.133641">
        <ele>98.876334</ele>
        <time>2026-08-08T11:52:11.268Z</time>
      </trkpt>
      <trkpt lat="50.090886" lon="7.134180">
        <ele>101.419705</ele>
        <time>2026-08-08T11:52:41.409Z</time>
      </trkpt>
      <trkpt lat="50.092415" lon="7.134981">
        <ele>100.508308</ele>
        <time>2026-08-08T11:53:14.211Z</time>
      </trkpt>
      <trkpt lat="50.092854" lon="7.135116">
        <ele>99.675423</ele>
        <time>2026-08-08T11:53:21.653Z</time>
      </trkpt>
      <trkpt lat="50.093261" lon="7.135154">
        <ele>98.371048</ele>
        <time>2026-08-08T11:53:28.159Z</time>
      </trkpt>
      <trkpt lat="50.093534" lon="7.135141">
        <ele>97.497280</ele>
        <time>2026-08-08T11:53:32.425Z</time>
      </trkpt>
      <trkpt lat="50.093937" lon="7.135042">
        <ele>96.192123</ele>
        <time>2026-08-08T11:53:38.854Z</time>
      </trkpt>
      <trkpt lat="50.094486" lon="7.134798">
        <ele>94.501637</ele>
        <time>2026-08-08T11:53:48.066Z</time>
      </trkpt>
      <trkpt lat="50.094743" lon="7.134629">
        <ele>94.120132</ele>
        <time>2026-08-08T11:53:52.899Z</time>
      </trkpt>
      <trkpt lat="50.095043" lon="7.134363">
        <ele>93.648077</ele>
        <time>2026-08-08T11:53:59.120Z</time>
      </trkpt>
      <trkpt lat="50.095245" lon="7.134131">
        <ele>93.304902</ele>
        <time>2026-08-08T11:54:03.949Z</time>
      </trkpt>
      <trkpt lat="50.095539" lon="7.133727">
        <ele>92.768853</ele>
        <time>2026-08-08T11:54:11.899Z</time>
      </trkpt>
      <trkpt lat="50.095605" lon="7.133755">
        <ele>92.675299</ele>
        <time>2026-08-08T11:54:13.229Z</time>
      </trkpt>
      <trkpt lat="50.095748" lon="7.133728">
        <ele>92.478284</ele>
        <time>2026-08-08T11:54:16.156Z</time>
      </trkpt>
      <trkpt lat="50.096058" lon="7.133321">
        <ele>92.039427</ele>
        <time>2026-08-08T11:54:24.307Z</time>
      </trkpt>
      <trkpt lat="50.096132" lon="7.133173">
        <ele>91.961579</ele>
        <time>2026-08-08T11:54:26.687Z</time>
      </trkpt>
      <trkpt lat="50.096862" lon="7.130522">
        <ele>90.868561</ele>
        <time>2026-08-08T11:55:03.495Z</time>
      </trkpt>
      <trkpt lat="50.096884" lon="7.130441">
        <ele>90.849686</ele>
        <time>2026-08-08T11:55:04.645Z</time>
      </trkpt>
      <trkpt lat="50.097921" lon="7.126677">
        <ele>90.288124</ele>
        <time>2026-08-08T11:55:58.916Z</time>
      </trkpt>
      <trkpt lat="50.098023" lon="7.126303">
        <ele>90.268859</ele>
        <time>2026-08-08T11:56:04.468Z</time>
      </trkpt>
      <trkpt lat="50.098047" lon="7.126217">
        <ele>90.264414</ele>
        <time>2026-08-08T11:56:05.750Z</time>
      </trkpt>
      <trkpt lat="50.098717" lon="7.123473">
        <ele>90.892025</ele>
        <time>2026-08-08T11:56:46.585Z</time>
      </trkpt>
      <trkpt lat="50.099574" lon="7.120266">
        <ele>91.901271</ele>
        <time>2026-08-08T11:57:35.981Z</time>
      </trkpt>
      <trkpt lat="50.099960" lon="7.119599">
        <ele>91.655464</ele>
        <time>2026-08-08T11:57:47.785Z</time>
      </trkpt>
      <trkpt lat="50.100333" lon="7.119057">
        <ele>91.437955</ele>
        <time>2026-08-08T11:57:57.872Z</time>
      </trkpt>
      <trkpt lat="50.100573" lon="7.118741">
        <ele>91.303951</ele>
        <time>2026-08-08T11:58:03.898Z</time>
      </trkpt>
      <trkpt lat="50.101066" lon="7.118186">
        <ele>91.286117</ele>
        <time>2026-08-08T11:58:15.556Z</time>
      </trkpt>
      <trkpt lat="50.101432" lon="7.117835">
        <ele>91.326156</ele>
        <time>2026-08-08T11:58:24.313Z</time>
      </trkpt>
      <trkpt lat="50.101953" lon="7.117449">
        <ele>91.379905</ele>
        <time>2026-08-08T11:58:37.089Z</time>
      </trkpt>
      <trkpt lat="50.102324" lon="7.117257">
        <ele>91.467141</ele>
        <time>2026-08-08T11:58:45.930Z</time>
      </trkpt>
      <trkpt lat="50.102634" lon="7.117170">
        <ele>91.748243</ele>
        <time>2026-08-08T11:58:53.154Z</time>
      </trkpt>
      <trkpt lat="50.102945" lon="7.117136">
        <ele>92.026472</ele>
        <time>2026-08-08T11:59:00.311Z</time>
      </trkpt>
      <trkpt lat="50.103268" lon="7.117162">
        <ele>92.315112</ele>
        <time>2026-08-08T11:59:07.777Z</time>
      </trkpt>
      <trkpt lat="50.103547" lon="7.117233">
        <ele>92.567397</ele>
        <time>2026-08-08T11:59:14.093Z</time>
      </trkpt>
      <trkpt lat="50.103871" lon="7.117379">
        <ele>92.868381</ele>
        <time>2026-08-08T11:59:21.409Z</time>
      </trkpt>
      <trkpt lat="50.104214" lon="7.117617">
        <ele>92.887746</ele>
        <time>2026-08-08T11:59:29.312Z</time>
      </trkpt>
      <trkpt lat="50.104563" lon="7.117947">
        <ele>92.639868</ele>
        <time>2026-08-08T11:59:37.381Z</time>
      </trkpt>
      <trkpt lat="50.104850" lon="7.118305">
        <ele>92.416656</ele>
        <time>2026-08-08T11:59:44.409Z</time>
      </trkpt>
      <trkpt lat="50.105029" lon="7.118584">
        <ele>92.262946</ele>
        <time>2026-08-08T11:59:49.222Z</time>
      </trkpt>
      <trkpt lat="50.105334" lon="7.119224">
        <ele>91.952380</ele>
        <time>2026-08-08T11:59:59.133Z</time>
      </trkpt>
      <trkpt lat="50.105591" lon="7.119980">
        <ele>92.345527</ele>
        <time>2026-08-08T12:00:10.560Z</time>
      </trkpt>
      <trkpt lat="50.105863" lon="7.121106">
        <ele>92.996146</ele>
        <time>2026-08-08T12:00:28.189Z</time>
      </trkpt>
      <trkpt lat="50.106006" lon="7.121575">
        <ele>93.276947</ele>
        <time>2026-08-08T12:00:35.977Z</time>
      </trkpt>
      <trkpt lat="50.106071" lon="7.122094">
        <ele>93.407027</ele>
        <time>2026-08-08T12:00:43.823Z</time>
      </trkpt>
      <trkpt lat="50.106095" lon="7.122857">
        <ele>93.297540</ele>
        <time>2026-08-08T12:00:54.791Z</time>
      </trkpt>
      <trkpt lat="50.105923" lon="7.126581">
        <ele>91.966252</ele>
        <time>2026-08-08T12:01:40.796Z</time>
      </trkpt>
      <trkpt lat="50.105706" lon="7.128342">
        <ele>91.418107</ele>
        <time>2026-08-08T12:02:04.067Z</time>
      </trkpt>
      <trkpt lat="50.105555" lon="7.129374">
        <ele>91.353617</ele>
        <time>2026-08-08T12:02:17.871Z</time>
      </trkpt>
      <trkpt lat="50.105304" lon="7.130697">
        <ele>91.199387</ele>
        <time>2026-08-08T12:02:37.546Z</time>
      </trkpt>
      <trkpt lat="50.105045" lon="7.131708">
        <ele>90.992544</ele>
        <time>2026-08-08T12:02:52.401Z</time>
      </trkpt>
      <trkpt lat="50.104593" lon="7.132893">
        <ele>90.581744</ele>
        <time>2026-08-08T12:03:09.817Z</time>
      </trkpt>
      <trkpt lat="50.104175" lon="7.133819">
        <ele>89.551318</ele>
        <time>2026-08-08T12:03:22.352Z</time>
      </trkpt>
      <trkpt lat="50.103822" lon="7.134501">
        <ele>88.753821</ele>
        <time>2026-08-08T12:03:32.875Z</time>
      </trkpt>
      <trkpt lat="50.103442" lon="7.135135">
        <ele>88.057604</ele>
        <time>2026-08-08T12:03:43.799Z</time>
      </trkpt>
      <trkpt lat="50.102980" lon="7.135837">
        <ele>87.479232</ele>
        <time>2026-08-08T12:03:56.456Z</time>
      </trkpt>
      <trkpt lat="50.101627" lon="7.137809">
        <ele>86.127311</ele>
        <time>2026-08-08T12:04:32.493Z</time>
      </trkpt>
      <trkpt lat="50.101529" lon="7.137892">
        <ele>86.066544</ele>
        <time>2026-08-08T12:04:34.789Z</time>
      </trkpt>
      <trkpt lat="50.101284" lon="7.138331">
        <ele>85.863173</ele>
        <time>2026-08-08T12:04:42.413Z</time>
      </trkpt>
      <trkpt lat="50.101231" lon="7.138511">
        <ele>85.793952</ele>
        <time>2026-08-08T12:04:45.049Z</time>
      </trkpt>
      <trkpt lat="50.101210" lon="7.138658">
        <ele>85.741318</ele>
        <time>2026-08-08T12:04:47.079Z</time>
      </trkpt>
      <trkpt lat="50.101183" lon="7.138816">
        <ele>85.684172</ele>
        <time>2026-08-08T12:04:49.267Z</time>
      </trkpt>
      <trkpt lat="50.100978" lon="7.139029">
        <ele>85.639751</ele>
        <time>2026-08-08T12:04:54.469Z</time>
      </trkpt>
      <trkpt lat="50.100783" lon="7.139315">
        <ele>85.667414</ele>
        <time>2026-08-08T12:05:00.240Z</time>
      </trkpt>
      <trkpt lat="50.100261" lon="7.140338">
        <ele>85.754050</ele>
        <time>2026-08-08T12:05:18.121Z</time>
      </trkpt>
      <trkpt lat="50.099680" lon="7.141754">
        <ele>85.974399</ele>
        <time>2026-08-08T12:05:41.179Z</time>
      </trkpt>
      <trkpt lat="50.099163" lon="7.143356">
        <ele>86.332256</ele>
        <time>2026-08-08T12:06:06.128Z</time>
      </trkpt>
      <trkpt lat="50.099030" lon="7.143689">
        <ele>86.390557</ele>
        <time>2026-08-08T12:06:11.618Z</time>
      </trkpt>
      <trkpt lat="50.098719" lon="7.144507">
        <ele>86.484870</ele>
        <time>2026-08-08T12:06:24.897Z</time>
      </trkpt>
      <trkpt lat="50.098433" lon="7.145344">
        <ele>86.578931</ele>
        <time>2026-08-08T12:06:37.944Z</time>
      </trkpt>
      <trkpt lat="50.098375" lon="7.145515">
        <ele>86.598117</ele>
        <time>2026-08-08T12:06:40.547Z</time>
      </trkpt>
      <trkpt lat="50.097524" lon="7.148451">
        <ele>86.143189</ele>
        <time>2026-08-08T12:07:22.917Z</time>
      </trkpt>
      <trkpt lat="50.097050" lon="7.150270">
        <ele>85.883654</ele>
        <time>2026-08-08T12:07:49.042Z</time>
      </trkpt>
      <trkpt lat="50.096762" lon="7.151285">
        <ele>85.758102</ele>
        <time>2026-08-08T12:08:03.738Z</time>
      </trkpt>
      <trkpt lat="50.096276" lon="7.153014">
        <ele>85.709096</ele>
        <time>2026-08-08T12:08:28.986Z</time>
      </trkpt>
      <trkpt lat="50.095644" lon="7.154618">
        <ele>85.693291</ele>
        <time>2026-08-08T12:08:54.752Z</time>
      </trkpt>
      <trkpt lat="50.095506" lon="7.154859">
        <ele>85.694263</ele>
        <time>2026-08-08T12:08:59.132Z</time>
      </trkpt>
      <trkpt lat="50.094937" lon="7.155641">
        <ele>85.697822</ele>
        <time>2026-08-08T12:09:15.032Z</time>
      </trkpt>
      <trkpt lat="50.094665" lon="7.156064">
        <ele>85.685250</ele>
        <time>2026-08-08T12:09:23.027Z</time>
      </trkpt>
      <trkpt lat="50.093904" lon="7.157637">
        <ele>85.627096</ele>
        <time>2026-08-08T12:09:49.252Z</time>
      </trkpt>
      <trkpt lat="50.093823" lon="7.157876">
        <ele>85.619117</ele>
        <time>2026-08-08T12:09:52.971Z</time>
      </trkpt>
      <trkpt lat="50.093764" lon="7.158107">
        <ele>85.660168</ele>
        <time>2026-08-08T12:09:56.440Z</time>
      </trkpt>
      <trkpt lat="50.093605" lon="7.158512">
        <ele>85.826604</ele>
        <time>2026-08-08T12:10:03.179Z</time>
      </trkpt>
      <trkpt lat="50.093437" lon="7.158839">
        <ele>85.973453</ele>
        <time>2026-08-08T12:10:09.143Z</time>
      </trkpt>
      <trkpt lat="50.093337" lon="7.159005">
        <ele>86.053273</ele>
        <time>2026-08-08T12:10:12.396Z</time>
      </trkpt>
      <trkpt lat="50.093355" lon="7.159138">
        <ele>86.100919</ele>
        <time>2026-08-08T12:10:14.345Z</time>
      </trkpt>
      <trkpt lat="50.093250" lon="7.159410">
        <ele>86.212193</ele>
        <time>2026-08-08T12:10:18.870Z</time>
      </trkpt>
      <trkpt lat="50.093196" lon="7.159461">
        <ele>86.246692</ele>
        <time>2026-08-08T12:10:20.283Z</time>
      </trkpt>
      <trkpt lat="50.093020" lon="7.159904">
        <ele>86.429342</ele>
        <time>2026-08-08T12:10:27.720Z</time>
      </trkpt>
      <trkpt lat="50.092907" lon="7.160170">
        <ele>86.541173</ele>
        <time>2026-08-08T12:10:32.257Z</time>
      </trkpt>
      <trkpt lat="50.092022" lon="7.162254">
        <ele>86.640367</ele>
        <time>2026-08-08T12:11:06.279Z</time>
      </trkpt>
      <trkpt lat="50.091759" lon="7.162769">
        <ele>86.604593</ele>
        <time>2026-08-08T12:11:14.900Z</time>
      </trkpt>
      <trkpt lat="50.091526" lon="7.163128">
        <ele>86.486381</ele>
        <time>2026-08-08T12:11:21.560Z</time>
      </trkpt>
      <trkpt lat="50.091493" lon="7.163179">
        <ele>86.469614</ele>
        <time>2026-08-08T12:11:22.504Z</time>
      </trkpt>
      <trkpt lat="50.090850" lon="7.163982">
        <ele>86.172326</ele>
        <time>2026-08-08T12:11:39.186Z</time>
      </trkpt>
      <trkpt lat="50.089821" lon="7.165168">
        <ele>85.838059</ele>
        <time>2026-08-08T12:12:05.481Z</time>
      </trkpt>
      <trkpt lat="50.089651" lon="7.165426">
        <ele>85.790185</ele>
        <time>2026-08-08T12:12:10.436Z</time>
      </trkpt>
      <trkpt lat="50.089428" lon="7.165843">
        <ele>85.719911</ele>
        <time>2026-08-08T12:12:17.733Z</time>
      </trkpt>
      <trkpt lat="50.089109" lon="7.166435">
        <ele>85.595268</ele>
        <time>2026-08-08T12:12:28.091Z</time>
      </trkpt>
      <trkpt lat="50.088913" lon="7.166892">
        <ele>85.421656</ele>
        <time>2026-08-08T12:12:35.412Z</time>
      </trkpt>
      <trkpt lat="50.088389" lon="7.168206">
        <ele>84.933023</ele>
        <time>2026-08-08T12:12:55.416Z</time>
      </trkpt>
      <trkpt lat="50.087752" lon="7.169914">
        <ele>84.152274</ele>
        <time>2026-08-08T12:13:20.187Z</time>
      </trkpt>
      <trkpt lat="50.087059" lon="7.172034">
        <ele>83.749801</ele>
        <time>2026-08-08T12:13:50.999Z</time>
      </trkpt>
      <trkpt lat="50.086676" lon="7.173384">
        <ele>84.048165</ele>
        <time>2026-08-08T12:14:11.962Z</time>
      </trkpt>
      <trkpt lat="50.086412" lon="7.174404">
        <ele>84.460017</ele>
        <time>2026-08-08T12:14:27.940Z</time>
      </trkpt>
      <trkpt lat="50.086261" lon="7.174885">
        <ele>84.703671</ele>
        <time>2026-08-08T12:14:35.692Z</time>
      </trkpt>
      <trkpt lat="50.086211" lon="7.175069">
        <ele>84.794592</ele>
        <time>2026-08-08T12:14:38.578Z</time>
      </trkpt>
      <trkpt lat="50.086174" lon="7.175256">
        <ele>84.883634</ele>
        <time>2026-08-08T12:14:41.379Z</time>
      </trkpt>
      <trkpt lat="50.086196" lon="7.175507">
        <ele>84.998904</ele>
        <time>2026-08-08T12:14:44.961Z</time>
      </trkpt>
      <trkpt lat="50.086180" lon="7.175645">
        <ele>85.062713</ele>
        <time>2026-08-08T12:14:46.922Z</time>
      </trkpt>
      <trkpt lat="50.085913" lon="7.176564">
        <ele>85.391553</ele>
        <time>2026-08-08T12:15:00.855Z</time>
      </trkpt>
      <trkpt lat="50.085753" lon="7.177109">
        <ele>85.385248</ele>
        <time>2026-08-08T12:15:08.988Z</time>
      </trkpt>
      <trkpt lat="50.085692" lon="7.177220">
        <ele>85.383710</ele>
        <time>2026-08-08T12:15:10.936Z</time>
      </trkpt>
      <trkpt lat="50.085551" lon="7.177371">
        <ele>85.380905</ele>
        <time>2026-08-08T12:15:14.490Z</time>
      </trkpt>
      <trkpt lat="50.085507" lon="7.177470">
        <ele>85.379637</ele>
        <time>2026-08-08T12:15:16.093Z</time>
      </trkpt>
      <trkpt lat="50.084200" lon="7.182202">
        <ele>85.094107</ele>
        <time>2026-08-08T12:16:24.881Z</time>
      </trkpt>
      <trkpt lat="50.083818" lon="7.183445">
        <ele>85.090864</ele>
        <time>2026-08-08T12:16:43.568Z</time>
      </trkpt>
      <trkpt lat="50.081722" lon="7.189568">
        <ele>86.324427</ele>
        <time>2026-08-08T12:18:19.302Z</time>
      </trkpt>
      <trkpt lat="50.081404" lon="7.190225">
        <ele>86.728652</ele>
        <time>2026-08-08T12:18:31.171Z</time>
      </trkpt>
      <trkpt lat="50.081331" lon="7.190386">
        <ele>86.825485</ele>
        <time>2026-08-08T12:18:34.006Z</time>
      </trkpt>
      <trkpt lat="50.081512" lon="7.190520">
        <ele>86.978874</ele>
        <time>2026-08-08T12:18:40.793Z</time>
      </trkpt>
      <trkpt lat="50.081562" lon="7.190678">
        <ele>87.065408</ele>
        <time>2026-08-08T12:18:44.659Z</time>
      </trkpt>
      <trkpt lat="50.081584" lon="7.190774">
        <ele>87.115480</ele>
        <time>2026-08-08T12:18:46.868Z</time>
      </trkpt>
      <trkpt lat="50.081678" lon="7.190907">
        <ele>87.212666</ele>
        <time>2026-08-08T12:18:51.206Z</time>
      </trkpt>
      <trkpt lat="50.081689" lon="7.191025">
        <ele>87.271236</ele>
        <time>2026-08-08T12:18:53.812Z</time>
      </trkpt>
      <trkpt lat="50.081503" lon="7.191921">
        <ele>87.757573</ele>
        <time>2026-08-08T12:19:14.402Z</time>
      </trkpt>
      <trkpt lat="50.081417" lon="7.192448">
        <ele>88.038528</ele>
        <time>2026-08-08T12:19:26.316Z</time>
      </trkpt>
      <trkpt lat="50.081347" lon="7.193150">
        <ele>88.405590</ele>
        <time>2026-08-08T12:19:41.935Z</time>
      </trkpt>
      <trkpt lat="50.081359" lon="7.193328">
        <ele>88.498065</ele>
        <time>2026-08-08T12:19:45.868Z</time>
      </trkpt>
      <trkpt lat="50.081360" lon="7.193371">
        <ele>88.520297</ele>
        <time>2026-08-08T12:19:46.488Z</time>
      </trkpt>
      <trkpt lat="50.081343" lon="7.193681">
        <ele>88.681051</ele>
        <time>2026-08-08T12:19:50.938Z</time>
      </trkpt>
      <trkpt lat="50.081303" lon="7.195171">
        <ele>89.266847</ele>
        <time>2026-08-08T12:20:12.137Z</time>
      </trkpt>
      <trkpt lat="50.081325" lon="7.195933">
        <ele>89.560917</ele>
        <time>2026-08-08T12:20:22.932Z</time>
      </trkpt>
      <trkpt lat="50.081420" lon="7.196961">
        <ele>89.990871</ele>
        <time>2026-08-08T12:20:37.387Z</time>
      </trkpt>
      <trkpt lat="50.081574" lon="7.197863">
        <ele>90.418470</ele>
        <time>2026-08-08T12:20:50.363Z</time>
      </trkpt>
      <trkpt lat="50.081775" lon="7.198605">
        <ele>90.787441</ele>
        <time>2026-08-08T12:21:01.871Z</time>
      </trkpt>
      <trkpt lat="50.082039" lon="7.199314">
        <ele>91.313722</ele>
        <time>2026-08-08T12:21:13.823Z</time>
      </trkpt>
      <trkpt lat="50.082394" lon="7.200017">
        <ele>92.553353</ele>
        <time>2026-08-08T12:21:26.980Z</time>
      </trkpt>
      <trkpt lat="50.082882" lon="7.200730">
        <ele>93.997899</ele>
        <time>2026-08-08T12:21:42.811Z</time>
      </trkpt>
      <trkpt lat="50.083035" lon="7.200913">
        <ele>94.414395</ele>
        <time>2026-08-08T12:21:47.457Z</time>
      </trkpt>
      <trkpt lat="50.083436" lon="7.201300">
        <ele>95.604945</ele>
        <time>2026-08-08T12:21:58.934Z</time>
      </trkpt>
      <trkpt lat="50.083499" lon="7.201352">
        <ele>95.816423</ele>
        <time>2026-08-08T12:22:00.706Z</time>
      </trkpt>
      <trkpt lat="50.083744" lon="7.201538">
        <ele>96.624846</ele>
        <time>2026-08-08T12:22:07.386Z</time>
      </trkpt>
      <trkpt lat="50.084306" lon="7.201874">
        <ele>98.410441</ele>
        <time>2026-08-08T12:22:22.298Z</time>
      </trkpt>
      <trkpt lat="50.084975" lon="7.202085">
        <ele>100.329718</ele>
        <time>2026-08-08T12:22:38.793Z</time>
      </trkpt>
      <trkpt lat="50.085685" lon="7.202104">
        <ele>100.686678</ele>
        <time>2026-08-08T12:22:55.123Z</time>
      </trkpt>
      <trkpt lat="50.086060" lon="7.202048">
        <ele>100.876048</ele>
        <time>2026-08-08T12:23:03.244Z</time>
      </trkpt>
      <trkpt lat="50.086363" lon="7.201946">
        <ele>101.031875</ele>
        <time>2026-08-08T12:23:09.496Z</time>
      </trkpt>
      <trkpt lat="50.086697" lon="7.201804">
        <ele>101.205907</ele>
        <time>2026-08-08T12:23:16.175Z</time>
      </trkpt>
      <trkpt lat="50.087037" lon="7.201606">
        <ele>100.580288</ele>
        <time>2026-08-08T12:23:22.947Z</time>
      </trkpt>
      <trkpt lat="50.087548" lon="7.201199">
        <ele>99.544401</ele>
        <time>2026-08-08T12:23:33.085Z</time>
      </trkpt>
      <trkpt lat="50.087998" lon="7.200709">
        <ele>98.553487</ele>
        <time>2026-08-08T12:23:42.415Z</time>
      </trkpt>
      <trkpt lat="50.088896" lon="7.199503">
        <ele>98.090000</ele>
        <time>2026-08-08T12:24:03.982Z</time>
      </trkpt>
      <trkpt lat="50.089009" lon="7.199417">
        <ele>98.108200</ele>
        <time>2026-08-08T12:24:06.667Z</time>
      </trkpt>
      <trkpt lat="50.089158" lon="7.199467">
        <ele>98.130259</ele>
        <time>2026-08-08T12:24:10.054Z</time>
      </trkpt>
      <trkpt lat="50.089214" lon="7.199404">
        <ele>98.140254</ele>
        <time>2026-08-08T12:24:11.629Z</time>
      </trkpt>
      <trkpt lat="50.089260" lon="7.199357">
        <ele>98.148215</ele>
        <time>2026-08-08T12:24:12.858Z</time>
      </trkpt>
      <trkpt lat="50.089267" lon="7.199067">
        <ele>98.175163</ele>
        <time>2026-08-08T12:24:17.164Z</time>
      </trkpt>
      <trkpt lat="50.089306" lon="7.198942">
        <ele>98.188070</ele>
        <time>2026-08-08T12:24:19.257Z</time>
      </trkpt>
      <trkpt lat="50.089565" lon="7.198578">
        <ele>98.296305</ele>
        <time>2026-08-08T12:24:27.596Z</time>
      </trkpt>
      <trkpt lat="50.089981" lon="7.198099">
        <ele>98.712985</ele>
        <time>2026-08-08T12:24:40.376Z</time>
      </trkpt>
      <trkpt lat="50.090542" lon="7.197597">
        <ele>99.234136</ele>
        <time>2026-08-08T12:24:54.898Z</time>
      </trkpt>
      <trkpt lat="50.092114" lon="7.196616">
        <ele>98.913684</ele>
        <time>2026-08-08T12:25:25.855Z</time>
      </trkpt>
      <trkpt lat="50.092785" lon="7.196082">
        <ele>98.506827</ele>
        <time>2026-08-08T12:25:42.150Z</time>
      </trkpt>
      <trkpt lat="50.093406" lon="7.195421">
        <ele>98.704519</ele>
        <time>2026-08-08T12:25:59.411Z</time>
      </trkpt>
      <trkpt lat="50.094250" lon="7.194347">
        <ele>98.697927</ele>
        <time>2026-08-08T12:26:22.266Z</time>
      </trkpt>
      <trkpt lat="50.094665" lon="7.193863">
        <ele>97.777747</ele>
        <time>2026-08-08T12:26:31.101Z</time>
      </trkpt>
      <trkpt lat="50.095305" lon="7.193233">
        <ele>96.433905</ele>
        <time>2026-08-08T12:26:43.772Z</time>
      </trkpt>
      <trkpt lat="50.095782" lon="7.192833">
        <ele>95.762132</ele>
        <time>2026-08-08T12:26:53.650Z</time>
      </trkpt>
      <trkpt lat="50.096462" lon="7.192377">
        <ele>95.772462</ele>
        <time>2026-08-08T12:27:09.361Z</time>
      </trkpt>
      <trkpt lat="50.097067" lon="7.192062">
        <ele>95.781363</ele>
        <time>2026-08-08T12:27:23.589Z</time>
      </trkpt>
      <trkpt lat="50.097483" lon="7.191894">
        <ele>95.816091</ele>
        <time>2026-08-08T12:27:33.141Z</time>
      </trkpt>
      <trkpt lat="50.099163" lon="7.191327">
        <ele>96.059260</ele>
        <time>2026-08-08T12:28:09.580Z</time>
      </trkpt>
      <trkpt lat="50.100101" lon="7.190961">
        <ele>95.502053</ele>
        <time>2026-08-08T12:28:29.440Z</time>
      </trkpt>
      <trkpt lat="50.102265" lon="7.189946">
        <ele>93.699868</ele>
        <time>2026-08-08T12:29:12.840Z</time>
      </trkpt>
      <trkpt lat="50.103308" lon="7.189611">
        <ele>93.280707</ele>
        <time>2026-08-08T12:29:34.910Z</time>
      </trkpt>
      <trkpt lat="50.104266" lon="7.189445">
        <ele>93.076450</ele>
        <time>2026-08-08T12:29:55.670Z</time>
      </trkpt>
      <trkpt lat="50.104910" lon="7.189444">
        <ele>92.257849</ele>
        <time>2026-08-08T12:30:08.050Z</time>
      </trkpt>
      <trkpt lat="50.105227" lon="7.189491">
        <ele>91.825359</ele>
        <time>2026-08-08T12:30:13.635Z</time>
      </trkpt>
      <trkpt lat="50.105537" lon="7.189580">
        <ele>91.397240</ele>
        <time>2026-08-08T12:30:19.195Z</time>
      </trkpt>
      <trkpt lat="50.106151" lon="7.189861">
        <ele>90.526155</ele>
        <time>2026-08-08T12:30:30.759Z</time>
      </trkpt>
      <trkpt lat="50.106828" lon="7.190342">
        <ele>89.494746</ele>
        <time>2026-08-08T12:30:44.840Z</time>
      </trkpt>
      <trkpt lat="50.107662" lon="7.191099">
        <ele>88.156887</ele>
        <time>2026-08-08T12:31:03.099Z</time>
      </trkpt>
      <trkpt lat="50.108641" lon="7.192125">
        <ele>86.643375</ele>
        <time>2026-08-08T12:31:24.163Z</time>
      </trkpt>
      <trkpt lat="50.110165" lon="7.193914">
        <ele>85.367966</ele>
        <time>2026-08-08T12:32:02.613Z</time>
      </trkpt>
      <trkpt lat="50.111039" lon="7.195039">
        <ele>85.467407</ele>
        <time>2026-08-08T12:32:26.430Z</time>
      </trkpt>
      <trkpt lat="50.111540" lon="7.195745">
        <ele>85.792135</ele>
        <time>2026-08-08T12:32:41.049Z</time>
      </trkpt>
      <trkpt lat="50.112158" lon="7.196777">
        <ele>86.652717</ele>
        <time>2026-08-08T12:33:01.562Z</time>
      </trkpt>
      <trkpt lat="50.112434" lon="7.197332">
        <ele>87.365788</ele>
        <time>2026-08-08T12:33:12.198Z</time>
      </trkpt>
      <trkpt lat="50.112746" lon="7.198063">
        <ele>88.257326</ele>
        <time>2026-08-08T12:33:25.479Z</time>
      </trkpt>
      <trkpt lat="50.113021" lon="7.198831">
        <ele>88.777668</ele>
        <time>2026-08-08T12:33:38.336Z</time>
      </trkpt>
      <trkpt lat="50.113296" lon="7.199791">
        <ele>88.318428</ele>
        <time>2026-08-08T12:33:52.189Z</time>
      </trkpt>
      <trkpt lat="50.113451" lon="7.200442">
        <ele>88.015121</ele>
        <time>2026-08-08T12:34:00.367Z</time>
      </trkpt>
      <trkpt lat="50.113704" lon="7.201780">
        <ele>87.436560</ele>
        <time>2026-08-08T12:34:16.278Z</time>
      </trkpt>
      <trkpt lat="50.113851" lon="7.202814">
        <ele>87.028865</ele>
        <time>2026-08-08T12:34:29.494Z</time>
      </trkpt>
      <trkpt lat="50.113986" lon="7.204200">
        <ele>86.681970</ele>
        <time>2026-08-08T12:34:48.935Z</time>
      </trkpt>
      <trkpt lat="50.114040" lon="7.205254">
        <ele>87.093962</ele>
        <time>2026-08-08T12:35:04.305Z</time>
      </trkpt>
      <trkpt lat="50.114038" lon="7.206315">
        <ele>87.507375</ele>
        <time>2026-08-08T12:35:19.670Z</time>
      </trkpt>
      <trkpt lat="50.113961" lon="7.207157">
        <ele>87.360467</ele>
        <time>2026-08-08T12:35:30.863Z</time>
      </trkpt>
      <trkpt lat="50.113796" lon="7.207984">
        <ele>86.694583</ele>
        <time>2026-08-08T12:35:41.122Z</time>
      </trkpt>
      <trkpt lat="50.113537" lon="7.208745">
        <ele>86.032206</ele>
        <time>2026-08-08T12:35:50.898Z</time>
      </trkpt>
      <trkpt lat="50.113196" lon="7.209435">
        <ele>85.554689</ele>
        <time>2026-08-08T12:36:01.017Z</time>
      </trkpt>
      <trkpt lat="50.112961" lon="7.209785">
        <ele>85.636107</ele>
        <time>2026-08-08T12:36:07.430Z</time>
      </trkpt>
      <trkpt lat="50.112687" lon="7.210121">
        <ele>85.723441</ele>
        <time>2026-08-08T12:36:14.747Z</time>
      </trkpt>
      <trkpt lat="50.111653" lon="7.211193">
        <ele>86.072285</ele>
        <time>2026-08-08T12:36:42.868Z</time>
      </trkpt>
      <trkpt lat="50.111279" lon="7.211632">
        <ele>86.260476</ele>
        <time>2026-08-08T12:36:53.483Z</time>
      </trkpt>
      <trkpt lat="50.110082" lon="7.213243">
        <ele>86.395684</ele>
        <time>2026-08-08T12:37:26.657Z</time>
      </trkpt>
      <trkpt lat="50.109767" lon="7.213749">
        <ele>86.124711</ele>
        <time>2026-08-08T12:37:35.497Z</time>
      </trkpt>
      <trkpt lat="50.109563" lon="7.214156">
        <ele>85.926219</ele>
        <time>2026-08-08T12:37:41.964Z</time>
      </trkpt>
      <trkpt lat="50.109139" lon="7.215112">
        <ele>85.474236</ele>
        <time>2026-08-08T12:37:56.548Z</time>
      </trkpt>
      <trkpt lat="50.108689" lon="7.216261">
        <ele>84.936864</ele>
        <time>2026-08-08T12:38:13.956Z</time>
      </trkpt>
      <trkpt lat="50.108286" lon="7.217458">
        <ele>84.423537</ele>
        <time>2026-08-08T12:38:31.333Z</time>
      </trkpt>
      <trkpt lat="50.107564" lon="7.219768">
        <ele>83.676653</ele>
        <time>2026-08-08T12:39:04.418Z</time>
      </trkpt>
      <trkpt lat="50.107315" lon="7.220688">
        <ele>84.020735</ele>
        <time>2026-08-08T12:39:18.092Z</time>
      </trkpt>
      <trkpt lat="50.107142" lon="7.221457">
        <ele>84.301544</ele>
        <time>2026-08-08T12:39:29.684Z</time>
      </trkpt>
      <trkpt lat="50.107012" lon="7.222162">
        <ele>84.554313</ele>
        <time>2026-08-08T12:39:40.340Z</time>
      </trkpt>
      <trkpt lat="50.106987" lon="7.222347">
        <ele>84.619460</ele>
        <time>2026-08-08T12:39:43.088Z</time>
      </trkpt>
      <trkpt lat="50.106933" lon="7.222923">
        <ele>84.817044</ele>
        <time>2026-08-08T12:39:51.527Z</time>
      </trkpt>
      <trkpt lat="50.106905" lon="7.223466">
        <ele>85.001677</ele>
        <time>2026-08-08T12:39:59.350Z</time>
      </trkpt>
      <trkpt lat="50.106900" lon="7.223616">
        <ele>85.052586</ele>
        <time>2026-08-08T12:40:01.482Z</time>
      </trkpt>
      <trkpt lat="50.106890" lon="7.225156">
        <ele>85.574566</ele>
        <time>2026-08-08T12:40:22.803Z</time>
      </trkpt>
      <trkpt lat="50.106992" lon="7.226689">
        <ele>85.650224</ele>
        <time>2026-08-08T12:40:43.310Z</time>
      </trkpt>
      <trkpt lat="50.107177" lon="7.228011">
        <ele>85.723488</ele>
        <time>2026-08-08T12:41:01.830Z</time>
      </trkpt>
      <trkpt lat="50.107439" lon="7.229172">
        <ele>86.169332</ele>
        <time>2026-08-08T12:41:19.184Z</time>
      </trkpt>
      <trkpt lat="50.107996" lon="7.231036">
        <ele>86.799103</ele>
        <time>2026-08-08T12:41:48.407Z</time>
      </trkpt>
      <trkpt lat="50.108622" lon="7.232803">
        <ele>87.095722</ele>
        <time>2026-08-08T12:42:16.092Z</time>
      </trkpt>
      <trkpt lat="50.108922" lon="7.233500">
        <ele>87.074379</ele>
        <time>2026-08-08T12:42:27.312Z</time>
      </trkpt>
      <trkpt lat="50.109493" lon="7.234718">
        <ele>86.925073</ele>
        <time>2026-08-08T12:42:47.762Z</time>
      </trkpt>
      <trkpt lat="50.109740" lon="7.235183">
        <ele>86.865321</ele>
        <time>2026-08-08T12:42:55.589Z</time>
      </trkpt>
      <trkpt lat="50.109966" lon="7.235539">
        <ele>86.658969</ele>
        <time>2026-08-08T12:43:01.890Z</time>
      </trkpt>
      <trkpt lat="50.110155" lon="7.235782">
        <ele>86.470417</ele>
        <time>2026-08-08T12:43:06.973Z</time>
      </trkpt>
      <trkpt lat="50.110405" lon="7.236038">
        <ele>86.240205</ele>
        <time>2026-08-08T12:43:12.999Z</time>
      </trkpt>
      <trkpt lat="50.110522" lon="7.236236">
        <ele>86.107303</ele>
        <time>2026-08-08T12:43:17.548Z</time>
      </trkpt>
      <trkpt lat="50.110668" lon="7.236361">
        <ele>85.979099</ele>
        <time>2026-08-08T12:43:21.903Z</time>
      </trkpt>
      <trkpt lat="50.110522" lon="7.236236">
        <ele>85.850896</ele>
        <time>2026-08-08T12:43:26.196Z</time>
      </trkpt>
      <trkpt lat="50.110405" lon="7.236038">
        <ele>85.717994</ele>
        <time>2026-08-08T12:43:30.579Z</time>
      </trkpt>
      <trkpt lat="50.110770" lon="7.236324">
        <ele>85.427857</ele>
        <time>2026-08-08T12:43:38.258Z</time>
      </trkpt>
      <trkpt lat="50.111307" lon="7.236575">
        <ele>85.152647</ele>
        <time>2026-08-08T12:43:49.694Z</time>
      </trkpt>
      <trkpt lat="50.111860" lon="7.236681">
        <ele>84.879128</ele>
        <time>2026-08-08T12:44:00.657Z</time>
      </trkpt>
      <trkpt lat="50.112417" lon="7.236680">
        <ele>84.605688</ele>
        <time>2026-08-08T12:44:12.258Z</time>
      </trkpt>
      <trkpt lat="50.112564" lon="7.236712">
        <ele>84.646797</ele>
        <time>2026-08-08T12:44:15.445Z</time>
      </trkpt>
      <trkpt lat="50.112899" lon="7.236696">
        <ele>84.824372</ele>
        <time>2026-08-08T12:44:22.742Z</time>
      </trkpt>
      <trkpt lat="50.113277" lon="7.236629">
        <ele>85.025936</ele>
        <time>2026-08-08T12:44:30.987Z</time>
      </trkpt>
      <trkpt lat="50.113476" lon="7.236551">
        <ele>85.134651</ele>
        <time>2026-08-08T12:44:35.504Z</time>
      </trkpt>
      <trkpt lat="50.113892" lon="7.236282">
        <ele>85.373256</ele>
        <time>2026-08-08T12:44:45.565Z</time>
      </trkpt>
      <trkpt lat="50.113987" lon="7.236285">
        <ele>85.423600</ele>
        <time>2026-08-08T12:44:47.693Z</time>
      </trkpt>
      <trkpt lat="50.114167" lon="7.236238">
        <ele>85.520296</ele>
        <time>2026-08-08T12:44:51.809Z</time>
      </trkpt>
      <trkpt lat="50.114927" lon="7.235646">
        <ele>86.035309</ele>
        <time>2026-08-08T12:45:10.728Z</time>
      </trkpt>
      <trkpt lat="50.116241" lon="7.234264">
        <ele>86.995510</ele>
        <time>2026-08-08T12:45:45.345Z</time>
      </trkpt>
      <trkpt lat="50.116576" lon="7.233913">
        <ele>87.237353</ele>
        <time>2026-08-08T12:45:54.226Z</time>
      </trkpt>
      <trkpt lat="50.116997" lon="7.233444">
        <ele>87.547384</ele>
        <time>2026-08-08T12:46:05.684Z</time>
      </trkpt>
      <trkpt lat="50.117758" lon="7.232330">
        <ele>88.243653</ele>
        <time>2026-08-08T12:46:28.961Z</time>
      </trkpt>
      <trkpt lat="50.117809" lon="7.232166">
        <ele>88.324530</ele>
        <time>2026-08-08T12:46:31.554Z</time>
      </trkpt>
      <trkpt lat="50.118636" lon="7.231029">
        <ele>89.277921</ele>
        <time>2026-08-08T12:46:55.816Z</time>
      </trkpt>
      <trkpt lat="50.119215" lon="7.230109">
        <ele>90.704538</ele>
        <time>2026-08-08T12:47:14.304Z</time>
      </trkpt>
      <trkpt lat="50.120266" lon="7.228283">
        <ele>94.552996</ele>
        <time>2026-08-08T12:47:52.304Z</time>
      </trkpt>
      <trkpt lat="50.120703" lon="7.227614">
        <ele>96.493094</ele>
        <time>2026-08-08T12:48:07.877Z</time>
      </trkpt>
      <trkpt lat="50.120963" lon="7.227321">
        <ele>97.509392</ele>
        <time>2026-08-08T12:48:15.788Z</time>
      </trkpt>
      <trkpt lat="50.121432" lon="7.226906">
        <ele>98.353959</ele>
        <time>2026-08-08T12:48:28.633Z</time>
      </trkpt>
      <trkpt lat="50.123197" lon="7.225440">
        <ele>100.276429</ele>
        <time>2026-08-08T12:49:12.814Z</time>
      </trkpt>
      <trkpt lat="50.123440" lon="7.225242">
        <ele>100.358889</ele>
        <time>2026-08-08T12:49:19.052Z</time>
      </trkpt>
      <trkpt lat="50.123731" lon="7.225057">
        <ele>100.453405</ele>
        <time>2026-08-08T12:49:26.057Z</time>
      </trkpt>
      <trkpt lat="50.124305" lon="7.224853">
        <ele>100.537272</ele>
        <time>2026-08-08T12:49:38.636Z</time>
      </trkpt>
      <trkpt lat="50.125428" lon="7.224781">
        <ele>98.167378</ele>
        <time>2026-08-08T12:49:57.774Z</time>
      </trkpt>
      <trkpt lat="50.126480" lon="7.224527">
        <ele>95.873836</ele>
        <time>2026-08-08T12:50:15.780Z</time>
      </trkpt>
      <trkpt lat="50.127011" lon="7.224558">
        <ele>94.692734</ele>
        <time>2026-08-08T12:50:25.275Z</time>
      </trkpt>
      <trkpt lat="50.128617" lon="7.224834">
        <ele>91.031190</ele>
        <time>2026-08-08T12:50:53.217Z</time>
      </trkpt>
      <trkpt lat="50.129553" lon="7.225178">
        <ele>88.806832</ele>
        <time>2026-08-08T12:51:09.232Z</time>
      </trkpt>
      <trkpt lat="50.131246" lon="7.225692">
        <ele>86.789881</ele>
        <time>2026-08-08T12:51:42.349Z</time>
      </trkpt>
      <trkpt lat="50.131838" lon="7.225983">
        <ele>86.477478</ele>
        <time>2026-08-08T12:51:55.245Z</time>
      </trkpt>
      <trkpt lat="50.132127" lon="7.226207">
        <ele>86.370536</ele>
        <time>2026-08-08T12:52:02.004Z</time>
      </trkpt>
      <trkpt lat="50.132587" lon="7.226631">
        <ele>86.193474</ele>
        <time>2026-08-08T12:52:13.079Z</time>
      </trkpt>
      <trkpt lat="50.133016" lon="7.227104">
        <ele>85.983676</ele>
        <time>2026-08-08T12:52:23.737Z</time>
      </trkpt>
      <trkpt lat="50.133312" lon="7.227585">
        <ele>85.625397</ele>
        <time>2026-08-08T12:52:32.220Z</time>
      </trkpt>
      <trkpt lat="50.135060" lon="7.230741">
        <ele>83.625067</ele>
        <time>2026-08-08T12:53:24.104Z</time>
      </trkpt>
      <trkpt lat="50.135451" lon="7.231342">
        <ele>83.472276</ele>
        <time>2026-08-08T12:53:35.599Z</time>
      </trkpt>
      <trkpt lat="50.135948" lon="7.231989">
        <ele>84.153641</ele>
        <time>2026-08-08T12:53:49.779Z</time>
      </trkpt>
      <trkpt lat="50.136732" lon="7.232879">
        <ele>85.174248</ele>
        <time>2026-08-08T12:54:12.038Z</time>
      </trkpt>
      <trkpt lat="50.137470" lon="7.233573">
        <ele>86.289531</ele>
        <time>2026-08-08T12:54:32.455Z</time>
      </trkpt>
      <trkpt lat="50.137862" lon="7.233875">
        <ele>86.863111</ele>
        <time>2026-08-08T12:54:42.522Z</time>
      </trkpt>
      <trkpt lat="50.138213" lon="7.234096">
        <ele>87.359700</ele>
        <time>2026-08-08T12:54:50.886Z</time>
      </trkpt>
      <trkpt lat="50.138879" lon="7.234411">
        <ele>87.231234</ele>
        <time>2026-08-08T12:55:04.903Z</time>
      </trkpt>
      <trkpt lat="50.139525" lon="7.234640">
        <ele>86.763015</ele>
        <time>2026-08-08T12:55:17.880Z</time>
      </trkpt>
      <trkpt lat="50.140136" lon="7.234735">
        <ele>86.329031</ele>
        <time>2026-08-08T12:55:29.432Z</time>
      </trkpt>
      <trkpt lat="50.140568" lon="7.234718">
        <ele>86.088162</ele>
        <time>2026-08-08T12:55:38.030Z</time>
      </trkpt>
      <trkpt lat="50.140590" lon="7.234720">
        <ele>86.075927</ele>
        <time>2026-08-08T12:55:38.470Z</time>
      </trkpt>
      <trkpt lat="50.140624" lon="7.235128">
        <ele>85.929525</ele>
        <time>2026-08-08T12:55:43.772Z</time>
      </trkpt>
      <trkpt lat="50.140707" lon="7.235190">
        <ele>85.878435</ele>
        <time>2026-08-08T12:55:45.601Z</time>
      </trkpt>
      <trkpt lat="50.141114" lon="7.235105">
        <ele>85.650452</ele>
        <time>2026-08-08T12:55:53.841Z</time>
      </trkpt>
      <trkpt lat="50.142358" lon="7.234412">
        <ele>85.251783</ele>
        <time>2026-08-08T12:56:21.185Z</time>
      </trkpt>
      <trkpt lat="50.142898" lon="7.234142">
        <ele>85.194635</ele>
        <time>2026-08-08T12:56:32.867Z</time>
      </trkpt>
      <trkpt lat="50.143557" lon="7.233536">
        <ele>85.353591</ele>
        <time>2026-08-08T12:56:49.125Z</time>
      </trkpt>
      <trkpt lat="50.143858" lon="7.233220">
        <ele>85.634346</ele>
        <time>2026-08-08T12:56:57.125Z</time>
      </trkpt>
      <trkpt lat="50.144154" lon="7.232719">
        <ele>85.972298</ele>
        <time>2026-08-08T12:57:07.002Z</time>
      </trkpt>
      <trkpt lat="50.144335" lon="7.232359">
        <ele>86.199230</ele>
        <time>2026-08-08T12:57:13.685Z</time>
      </trkpt>
      <trkpt lat="50.144518" lon="7.231806">
        <ele>86.507896</ele>
        <time>2026-08-08T12:57:22.739Z</time>
      </trkpt>
      <trkpt lat="50.144673" lon="7.231517">
        <ele>86.525028</ele>
        <time>2026-08-08T12:57:28.118Z</time>
      </trkpt>
      <trkpt lat="50.144922" lon="7.230867">
        <ele>86.497329</ele>
        <time>2026-08-08T12:57:38.776Z</time>
      </trkpt>
      <trkpt lat="50.145144" lon="7.230180">
        <ele>86.469187</ele>
        <time>2026-08-08T12:57:48.935Z</time>
      </trkpt>
      <trkpt lat="50.145347" lon="7.229356">
        <ele>86.436898</ele>
        <time>2026-08-08T12:58:00.024Z</time>
      </trkpt>
      <trkpt lat="50.145522" lon="7.228199">
        <ele>85.972257</ele>
        <time>2026-08-08T12:58:14.998Z</time>
      </trkpt>
      <trkpt lat="50.145548" lon="7.227272">
        <ele>85.586381</ele>
        <time>2026-08-08T12:58:26.808Z</time>
      </trkpt>
      <trkpt lat="50.145536" lon="7.226157">
        <ele>85.322819</ele>
        <time>2026-08-08T12:58:41.330Z</time>
      </trkpt>
      <trkpt lat="50.145520" lon="7.225964">
        <ele>85.354247</ele>
        <time>2026-08-08T12:58:43.907Z</time>
      </trkpt>
      <trkpt lat="50.145435" lon="7.225610">
        <ele>85.415298</ele>
        <time>2026-08-08T12:58:48.995Z</time>
      </trkpt>
      <trkpt lat="50.145302" lon="7.224638">
        <ele>85.575810</ele>
        <time>2026-08-08T12:59:02.850Z</time>
      </trkpt>
      <trkpt lat="50.145163" lon="7.223963">
        <ele>85.690309</ele>
        <time>2026-08-08T12:59:12.952Z</time>
      </trkpt>
      <trkpt lat="50.144959" lon="7.223238">
        <ele>85.808117</ele>
        <time>2026-08-08T12:59:24.179Z</time>
      </trkpt>
      <trkpt lat="50.144827" lon="7.222946">
        <ele>85.859904</ele>
        <time>2026-08-08T12:59:29.174Z</time>
      </trkpt>
      <trkpt lat="50.144492" lon="7.222019">
        <ele>86.014138</ele>
        <time>2026-08-08T12:59:43.717Z</time>
      </trkpt>
      <trkpt lat="50.144450" lon="7.221836">
        <ele>86.042309</ele>
        <time>2026-08-08T12:59:46.354Z</time>
      </trkpt>
      <trkpt lat="50.144432" lon="7.221582">
        <ele>86.079345</ele>
        <time>2026-08-08T12:59:49.793Z</time>
      </trkpt>
      <trkpt lat="50.144387" lon="7.221413">
        <ele>86.105867</ele>
        <time>2026-08-08T12:59:52.265Z</time>
      </trkpt>
      <trkpt lat="50.144081" lon="7.220707">
        <ele>85.939339</ele>
        <time>2026-08-08T13:00:03.598Z</time>
      </trkpt>
      <trkpt lat="50.143976" lon="7.220399">
        <ele>85.846888</ele>
        <time>2026-08-08T13:00:08.119Z</time>
      </trkpt>
      <trkpt lat="50.143675" lon="7.219754">
        <ele>85.635447</ele>
        <time>2026-08-08T13:00:18.375Z</time>
      </trkpt>
      <trkpt lat="50.143225" lon="7.218666">
        <ele>85.337680</ele>
        <time>2026-08-08T13:00:34.929Z</time>
      </trkpt>
      <trkpt lat="50.142140" lon="7.216122">
        <ele>85.562026</ele>
        <time>2026-08-08T13:01:15.535Z</time>
      </trkpt>
      <trkpt lat="50.141859" lon="7.215461">
        <ele>86.300242</ele>
        <time>2026-08-08T13:01:29.804Z</time>
      </trkpt>
      <trkpt lat="50.141761" lon="7.215281">
        <ele>86.520054</ele>
        <time>2026-08-08T13:01:34.072Z</time>
      </trkpt>
      <trkpt lat="50.141568" lon="7.214936">
        <ele>86.946257</ele>
        <time>2026-08-08T13:01:40.998Z</time>
      </trkpt>
      <trkpt lat="50.141027" lon="7.213668">
        <ele>88.839052</ele>
        <time>2026-08-08T13:02:04.174Z</time>
      </trkpt>
      <trkpt lat="50.140785" lon="7.212984">
        <ele>90.032493</ele>
        <time>2026-08-08T13:02:15.574Z</time>
      </trkpt>
      <trkpt lat="50.140625" lon="7.212401">
        <ele>91.001244</ele>
        <time>2026-08-08T13:02:24.878Z</time>
      </trkpt>
      <trkpt lat="50.140493" lon="7.211787">
        <ele>92.087787</ele>
        <time>2026-08-08T13:02:34.963Z</time>
      </trkpt>
      <trkpt lat="50.140380" lon="7.211094">
        <ele>94.498710</ele>
        <time>2026-08-08T13:02:47.179Z</time>
      </trkpt>
      <trkpt lat="50.140100" lon="7.208955">
        <ele>101.138940</ele>
        <time>2026-08-08T13:03:28.840Z</time>
      </trkpt>
      <trkpt lat="50.140069" lon="7.208476">
        <ele>100.363550</ele>
        <time>2026-08-08T13:03:35.873Z</time>
      </trkpt>
      <trkpt lat="50.140068" lon="7.208069">
        <ele>99.708040</ele>
        <time>2026-08-08T13:03:40.831Z</time>
      </trkpt>
      <trkpt lat="50.140102" lon="7.207580">
        <ele>98.915847</ele>
        <time>2026-08-08T13:03:45.864Z</time>
      </trkpt>
      <trkpt lat="50.140386" lon="7.205597">
        <ele>94.996646</ele>
        <time>2026-08-08T13:04:04.664Z</time>
      </trkpt>
      <trkpt lat="50.140428" lon="7.205109">
        <ele>93.779341</ele>
        <time>2026-08-08T13:04:09.598Z</time>
      </trkpt>
      <trkpt lat="50.140572" lon="7.202169">
        <ele>87.983180</ele>
        <time>2026-08-08T13:04:42.010Z</time>
      </trkpt>
      <trkpt lat="50.140590" lon="7.201202">
        <ele>86.634705</ele>
        <time>2026-08-08T13:04:52.703Z</time>
      </trkpt>
      <trkpt lat="50.140548" lon="7.200074">
        <ele>85.616112</ele>
        <time>2026-08-08T13:05:05.639Z</time>
      </trkpt>
      <trkpt lat="50.140324" lon="7.197134">
        <ele>84.349225</ele>
        <time>2026-08-08T13:05:43.846Z</time>
      </trkpt>
      <trkpt lat="50.140261" lon="7.196030">
        <ele>84.281214</ele>
        <time>2026-08-08T13:05:58.778Z</time>
      </trkpt>
      <trkpt lat="50.140083" lon="7.189573">
        <ele>84.975056</ele>
        <time>2026-08-08T13:07:27.851Z</time>
      </trkpt>
      <trkpt lat="50.139965" lon="7.188145">
        <ele>85.011312</ele>
        <time>2026-08-08T13:07:47.523Z</time>
      </trkpt>
      <trkpt lat="50.139695" lon="7.186140">
        <ele>85.076694</ele>
        <time>2026-08-08T13:08:14.890Z</time>
      </trkpt>
      <trkpt lat="50.139162" lon="7.183566">
        <ele>85.288855</ele>
        <time>2026-08-08T13:08:51.864Z</time>
      </trkpt>
      <trkpt lat="50.138959" lon="7.182424">
        <ele>85.516035</ele>
        <time>2026-08-08T13:09:08.412Z</time>
      </trkpt>
      <trkpt lat="50.138788" lon="7.181315">
        <ele>85.745169</ele>
        <time>2026-08-08T13:09:24.209Z</time>
      </trkpt>
      <trkpt lat="50.138729" lon="7.180701">
        <ele>85.942843</ele>
        <time>2026-08-08T13:09:32.845Z</time>
      </trkpt>
      <trkpt lat="50.138701" lon="7.180280">
        <ele>86.077603</ele>
        <time>2026-08-08T13:09:38.744Z</time>
      </trkpt>
      <trkpt lat="50.138686" lon="7.180048">
        <ele>86.151844</ele>
        <time>2026-08-08T13:09:41.975Z</time>
      </trkpt>
      <trkpt lat="50.138662" lon="7.178919">
        <ele>86.511500</ele>
        <time>2026-08-08T13:09:57.804Z</time>
      </trkpt>
      <trkpt lat="50.138620" lon="7.178813">
        <ele>86.551177</ele>
        <time>2026-08-08T13:09:59.585Z</time>
      </trkpt>
      <trkpt lat="50.138600" lon="7.178130">
        <ele>87.095854</ele>
        <time>2026-08-08T13:10:09.432Z</time>
      </trkpt>
      <trkpt lat="50.138538" lon="7.177770">
        <ele>87.462459</ele>
        <time>2026-08-08T13:10:14.851Z</time>
      </trkpt>
      <trkpt lat="50.138473" lon="7.176897">
        <ele>88.326795</ele>
        <time>2026-08-08T13:10:27.803Z</time>
      </trkpt>
      <trkpt lat="50.138471" lon="7.176502">
        <ele>88.715274</ele>
        <time>2026-08-08T13:10:33.726Z</time>
      </trkpt>
      <trkpt lat="50.138472" lon="7.175602">
        <ele>89.479604</ele>
        <time>2026-08-08T13:10:47.273Z</time>
      </trkpt>
      <trkpt lat="50.138488" lon="7.175059">
        <ele>89.731225</ele>
        <time>2026-08-08T13:10:55.475Z</time>
      </trkpt>
      <trkpt lat="50.138617" lon="7.174378">
        <ele>90.059938</ele>
        <time>2026-08-08T13:11:05.669Z</time>
      </trkpt>
      <trkpt lat="50.138701" lon="7.173984">
        <ele>90.252146</ele>
        <time>2026-08-08T13:11:10.968Z</time>
      </trkpt>
      <trkpt lat="50.138775" lon="7.173825">
        <ele>90.343104</ele>
        <time>2026-08-08T13:11:13.276Z</time>
      </trkpt>
      <trkpt lat="50.138765" lon="7.173699">
        <ele>90.401875</ele>
        <time>2026-08-08T13:11:14.931Z</time>
      </trkpt>
      <trkpt lat="50.139309" lon="7.172355">
        <ele>91.552644</ele>
        <time>2026-08-08T13:11:37.653Z</time>
      </trkpt>
      <trkpt lat="50.139628" lon="7.171567">
        <ele>92.367870</ele>
        <time>2026-08-08T13:11:51.707Z</time>
      </trkpt>
      <trkpt lat="50.139980" lon="7.170868">
        <ele>93.160397</ele>
        <time>2026-08-08T13:12:05.917Z</time>
      </trkpt>
      <trkpt lat="50.140132" lon="7.170635">
        <ele>93.674232</ele>
        <time>2026-08-08T13:12:11.305Z</time>
      </trkpt>
      <trkpt lat="50.140451" lon="7.170145">
        <ele>94.753697</ele>
        <time>2026-08-08T13:12:21.929Z</time>
      </trkpt>
      <trkpt lat="50.140941" lon="7.169498">
        <ele>96.301617</ele>
        <time>2026-08-08T13:12:37.094Z</time>
      </trkpt>
      <trkpt lat="50.141050" lon="7.169366">
        <ele>96.634342</ele>
        <time>2026-08-08T13:12:40.434Z</time>
      </trkpt>
      <trkpt lat="50.141508" lon="7.168974">
        <ele>97.731310</ele>
        <time>2026-08-08T13:12:53.740Z</time>
      </trkpt>
      <trkpt lat="50.141801" lon="7.168813">
        <ele>98.197483</ele>
        <time>2026-08-08T13:13:01.985Z</time>
      </trkpt>
      <trkpt lat="50.142663" lon="7.168504">
        <ele>99.524779</ele>
        <time>2026-08-08T13:13:23.996Z</time>
      </trkpt>
      <trkpt lat="50.143219" lon="7.168246">
        <ele>99.153329</ele>
        <time>2026-08-08T13:13:35.232Z</time>
      </trkpt>
      <trkpt lat="50.143611" lon="7.167982">
        <ele>96.377001</ele>
        <time>2026-08-08T13:13:41.568Z</time>
      </trkpt>
      <trkpt lat="50.144090" lon="7.167626">
        <ele>92.926966</ele>
        <time>2026-08-08T13:13:49.274Z</time>
      </trkpt>
      <trkpt lat="50.144257" lon="7.167544">
        <ele>91.788527</ele>
        <time>2026-08-08T13:13:51.688Z</time>
      </trkpt>
      <trkpt lat="50.144542" lon="7.167404">
        <ele>89.845609</ele>
        <time>2026-08-08T13:13:55.885Z</time>
      </trkpt>
      <trkpt lat="50.144992" lon="7.167253">
        <ele>87.874693</ele>
        <time>2026-08-08T13:14:02.444Z</time>
      </trkpt>
      <trkpt lat="50.145417" lon="7.167141">
        <ele>86.847040</ele>
        <time>2026-08-08T13:14:09.241Z</time>
      </trkpt>
      <trkpt lat="50.145499" lon="7.167123">
        <ele>86.649607</ele>
        <time>2026-08-08T13:14:10.917Z</time>
      </trkpt>
      <trkpt lat="50.145614" lon="7.167098">
        <ele>86.372771</ele>
        <time>2026-08-08T13:14:13.348Z</time>
      </trkpt>
      <trkpt lat="50.145758" lon="7.167068">
        <ele>86.026394</ele>
        <time>2026-08-08T13:14:16.438Z</time>
      </trkpt>
      <trkpt lat="50.145939" lon="7.167041">
        <ele>85.592878</ele>
        <time>2026-08-08T13:14:20.203Z</time>
      </trkpt>
      <trkpt lat="50.146011" lon="7.167030">
        <ele>85.420392</ele>
        <time>2026-08-08T13:14:21.695Z</time>
      </trkpt>
      <trkpt lat="50.146388" lon="7.166969">
        <ele>84.516712</ele>
        <time>2026-08-08T13:14:29.427Z</time>
      </trkpt>
      <trkpt lat="50.146760" lon="7.166953">
        <ele>84.092636</ele>
        <time>2026-08-08T13:14:37.030Z</time>
      </trkpt>
      <trkpt lat="50.147208" lon="7.166951">
        <ele>83.926343</ele>
        <time>2026-08-08T13:14:46.397Z</time>
      </trkpt>
      <trkpt lat="50.147392" lon="7.166961">
        <ele>83.858002</ele>
        <time>2026-08-08T13:14:50.219Z</time>
      </trkpt>
      <trkpt lat="50.147715" lon="7.166982">
        <ele>83.738004</ele>
        <time>2026-08-08T13:14:56.674Z</time>
      </trkpt>
      <trkpt lat="50.147722" lon="7.167180">
        <ele>83.690836</ele>
        <time>2026-08-08T13:14:59.142Z</time>
      </trkpt>
      <trkpt lat="50.148535" lon="7.167215">
        <ele>83.525693</ele>
        <time>2026-08-08T13:15:15.418Z</time>
      </trkpt>
      <trkpt lat="50.149275" lon="7.167325">
        <ele>83.560413</ele>
        <time>2026-08-08T13:15:31.763Z</time>
      </trkpt>
      <trkpt lat="50.149325" lon="7.167336">
        <ele>83.562772</ele>
        <time>2026-08-08T13:15:32.880Z</time>
      </trkpt>
      <trkpt lat="50.150000" lon="7.167477">
        <ele>83.591612</ele>
        <time>2026-08-08T13:15:47.576Z</time>
      </trkpt>
      <trkpt lat="50.150801" lon="7.167681">
        <ele>82.931666</ele>
        <time>2026-08-08T13:16:03.735Z</time>
      </trkpt>
      <trkpt lat="50.151756" lon="7.167948">
        <ele>82.142749</ele>
        <time>2026-08-08T13:16:22.211Z</time>
      </trkpt>
      <trkpt lat="50.152719" lon="7.168165">
        <ele>81.597938</ele>
        <time>2026-08-08T13:16:41.011Z</time>
      </trkpt>
      <trkpt lat="50.152789" lon="7.168235">
        <ele>81.551680</ele>
        <time>2026-08-08T13:16:42.715Z</time>
      </trkpt>
      <trkpt lat="50.152879" lon="7.168324">
        <ele>81.492398</ele>
        <time>2026-08-08T13:16:44.913Z</time>
      </trkpt>
      <trkpt lat="50.153785" lon="7.168526">
        <ele>81.291352</ele>
        <time>2026-08-08T13:17:04.085Z</time>
      </trkpt>
      <trkpt lat="50.154994" lon="7.168878">
        <ele>82.032806</ele>
        <time>2026-08-08T13:17:31.497Z</time>
      </trkpt>
      <trkpt lat="50.155039" lon="7.168848">
        <ele>82.062307</ele>
        <time>2026-08-08T13:17:32.605Z</time>
      </trkpt>
      <trkpt lat="50.155093" lon="7.168808">
        <ele>82.098343</ele>
        <time>2026-08-08T13:17:33.987Z</time>
      </trkpt>
      <trkpt lat="50.155143" lon="7.168823">
        <ele>82.129038</ele>
        <time>2026-08-08T13:17:35.130Z</time>
      </trkpt>
      <trkpt lat="50.155263" lon="7.168963">
        <ele>82.212953</ele>
        <time>2026-08-08T13:17:38.533Z</time>
      </trkpt>
      <trkpt lat="50.156226" lon="7.169392">
        <ele>81.827276</ele>
        <time>2026-08-08T13:18:00.216Z</time>
      </trkpt>
      <trkpt lat="50.156416" lon="7.169441">
        <ele>81.753112</ele>
        <time>2026-08-08T13:18:03.892Z</time>
      </trkpt>
      <trkpt lat="50.156829" lon="7.169703">
        <ele>81.581423</ele>
        <time>2026-08-08T13:18:12.232Z</time>
      </trkpt>
      <trkpt lat="50.157372" lon="7.170112">
        <ele>81.169534</ele>
        <time>2026-08-08T13:18:23.019Z</time>
      </trkpt>
      <trkpt lat="50.158037" lon="7.170753">
        <ele>80.556849</ele>
        <time>2026-08-08T13:18:37.328Z</time>
      </trkpt>
      <trkpt lat="50.159092" lon="7.171965">
        <ele>81.121987</ele>
        <time>2026-08-08T13:19:06.544Z</time>
      </trkpt>
      <trkpt lat="50.159768" lon="7.172821">
        <ele>82.303509</ele>
        <time>2026-08-08T13:19:26.969Z</time>
      </trkpt>
      <trkpt lat="50.160390" lon="7.173805">
        <ele>83.065185</ele>
        <time>2026-08-08T13:19:47.047Z</time>
      </trkpt>
      <trkpt lat="50.160750" lon="7.174511">
        <ele>83.486630</ele>
        <time>2026-08-08T13:19:59.830Z</time>
      </trkpt>
      <trkpt lat="50.161002" lon="7.175046">
        <ele>83.796777</ele>
        <time>2026-08-08T13:20:08.969Z</time>
      </trkpt>
      <trkpt lat="50.161281" lon="7.175745">
        <ele>83.621465</ele>
        <time>2026-08-08T13:20:19.904Z</time>
      </trkpt>
      <trkpt lat="50.161779" lon="7.177255">
        <ele>83.008828</ele>
        <time>2026-08-08T13:20:41.848Z</time>
      </trkpt>
      <trkpt lat="50.161933" lon="7.177786">
        <ele>82.754142</ele>
        <time>2026-08-08T13:20:48.877Z</time>
      </trkpt>
      <trkpt lat="50.162061" lon="7.178376">
        <ele>82.345019</ele>
        <time>2026-08-08T13:20:56.408Z</time>
      </trkpt>
      <trkpt lat="50.162250" lon="7.179450">
        <ele>81.613501</ele>
        <time>2026-08-08T13:21:09.529Z</time>
      </trkpt>
      <trkpt lat="50.162366" lon="7.180677">
        <ele>81.110422</ele>
        <time>2026-08-08T13:21:25.257Z</time>
      </trkpt>
      <trkpt lat="50.162381" lon="7.181852">
        <ele>81.484879</ele>
        <time>2026-08-08T13:21:41.510Z</time>
      </trkpt>
      <trkpt lat="50.162360" lon="7.182386">
        <ele>81.655345</ele>
        <time>2026-08-08T13:21:49.352Z</time>
      </trkpt>
      <trkpt lat="50.162285" lon="7.183249">
        <ele>81.877222</ele>
        <time>2026-08-08T13:22:02.147Z</time>
      </trkpt>
      <trkpt lat="50.162206" lon="7.183865">
        <ele>81.701041</ele>
        <time>2026-08-08T13:22:11.110Z</time>
      </trkpt>
      <trkpt lat="50.161212" lon="7.190446">
        <ele>79.839164</ele>
        <time>2026-08-08T13:23:37.153Z</time>
      </trkpt>
      <trkpt lat="50.161164" lon="7.191296">
        <ele>79.615554</ele>
        <time>2026-08-08T13:23:48.674Z</time>
      </trkpt>
      <trkpt lat="50.161131" lon="7.192863">
        <ele>79.787724</ele>
        <time>2026-08-08T13:24:10.361Z</time>
      </trkpt>
      <trkpt lat="50.161144" lon="7.193212">
        <ele>79.833765</ele>
        <time>2026-08-08T13:24:15.156Z</time>
      </trkpt>
      <trkpt lat="50.161224" lon="7.195167">
        <ele>79.978765</ele>
        <time>2026-08-08T13:24:42.179Z</time>
      </trkpt>
      <trkpt lat="50.161263" lon="7.195655">
        <ele>79.986924</ele>
        <time>2026-08-08T13:24:49.088Z</time>
      </trkpt>
      <trkpt lat="50.161479" lon="7.197227">
        <ele>79.961989</ele>
        <time>2026-08-08T13:25:10.153Z</time>
      </trkpt>
      <trkpt lat="50.161603" lon="7.197714">
        <ele>79.871817</ele>
        <time>2026-08-08T13:25:17.159Z</time>
      </trkpt>
      <trkpt lat="50.161821" lon="7.198515">
        <ele>79.722072</ele>
        <time>2026-08-08T13:25:28.532Z</time>
      </trkpt>
      <trkpt lat="50.162123" lon="7.199244">
        <ele>79.572696</ele>
        <time>2026-08-08T13:25:39.708Z</time>
      </trkpt>
      <trkpt lat="50.162497" lon="7.200022">
        <ele>79.447960</ele>
        <time>2026-08-08T13:25:53.228Z</time>
      </trkpt>
      <trkpt lat="50.162799" lon="7.200578">
        <ele>79.366855</ele>
        <time>2026-08-08T13:26:02.592Z</time>
      </trkpt>
      <trkpt lat="50.162946" lon="7.200706">
        <ele>79.337621</ele>
        <time>2026-08-08T13:26:05.964Z</time>
      </trkpt>
      <trkpt lat="50.163013" lon="7.200797">
        <ele>79.322196</ele>
        <time>2026-08-08T13:26:07.703Z</time>
      </trkpt>
      <trkpt lat="50.163155" lon="7.200987">
        <ele>79.289714</ele>
        <time>2026-08-08T13:26:11.590Z</time>
      </trkpt>
      <trkpt lat="50.163196" lon="7.201042">
        <ele>79.280325</ele>
        <time>2026-08-08T13:26:12.774Z</time>
      </trkpt>
      <trkpt lat="50.163295" lon="7.201205">
        <ele>79.255334</ele>
        <time>2026-08-08T13:26:15.878Z</time>
      </trkpt>
      <trkpt lat="50.163249" lon="7.201263">
        <ele>79.245064</ele>
        <time>2026-08-08T13:26:17.921Z</time>
      </trkpt>
      <trkpt lat="50.163231" lon="7.201285">
        <ele>79.241094</ele>
        <time>2026-08-08T13:26:18.721Z</time>
      </trkpt>
      <trkpt lat="50.163283" lon="7.201356">
        <ele>79.229095</ele>
        <time>2026-08-08T13:26:20.232Z</time>
      </trkpt>
      <trkpt lat="50.163405" lon="7.201525">
        <ele>79.230033</ele>
        <time>2026-08-08T13:26:23.719Z</time>
      </trkpt>
      <trkpt lat="50.163608" lon="7.201814">
        <ele>79.291326</ele>
        <time>2026-08-08T13:26:29.526Z</time>
      </trkpt>
      <trkpt lat="50.163754" lon="7.201924">
        <ele>79.327493</ele>
        <time>2026-08-08T13:26:32.893Z</time>
      </trkpt>
      <trkpt lat="50.163919" lon="7.202169">
        <ele>79.378295</ele>
        <time>2026-08-08T13:26:37.630Z</time>
      </trkpt>
      <trkpt lat="50.164773" lon="7.203411">
        <ele>79.655145</ele>
        <time>2026-08-08T13:27:02.872Z</time>
      </trkpt>
      <trkpt lat="50.164938" lon="7.203828">
        <ele>79.773545</ele>
        <time>2026-08-08T13:27:09.856Z</time>
      </trkpt>
      <trkpt lat="50.164983" lon="7.203786">
        <ele>79.793316</ele>
        <time>2026-08-08T13:27:11.042Z</time>
      </trkpt>
      <trkpt lat="50.165207" lon="7.204182">
        <ele>79.920933</ele>
        <time>2026-08-08T13:27:18.684Z</time>
      </trkpt>
      <trkpt lat="50.165341" lon="7.204362">
        <ele>79.987597</ele>
        <time>2026-08-08T13:27:22.666Z</time>
      </trkpt>
      <trkpt lat="50.165682" lon="7.204631">
        <ele>80.131674</ele>
        <time>2026-08-08T13:27:31.303Z</time>
      </trkpt>
      <trkpt lat="50.165810" lon="7.204824">
        <ele>80.198782</ele>
        <time>2026-08-08T13:27:35.339Z</time>
      </trkpt>
      <trkpt lat="50.165860" lon="7.205046">
        <ele>80.255627</ele>
        <time>2026-08-08T13:27:38.571Z</time>
      </trkpt>
      <trkpt lat="50.166082" lon="7.205521">
        <ele>80.300929</ele>
        <time>2026-08-08T13:27:46.639Z</time>
      </trkpt>
      <trkpt lat="50.167525" lon="7.209098">
        <ele>80.713319</ele>
        <time>2026-08-08T13:28:43.562Z</time>
      </trkpt>
      <trkpt lat="50.167676" lon="7.209536">
        <ele>80.812551</ele>
        <time>2026-08-08T13:28:50.803Z</time>
      </trkpt>
      <trkpt lat="50.167913" lon="7.210350">
        <ele>80.864439</ele>
        <time>2026-08-08T13:29:03.717Z</time>
      </trkpt>
      <trkpt lat="50.168177" lon="7.211516">
        <ele>80.752136</ele>
        <time>2026-08-08T13:29:20.339Z</time>
      </trkpt>
      <trkpt lat="50.168346" lon="7.212663">
        <ele>80.642189</ele>
        <time>2026-08-08T13:29:34.700Z</time>
      </trkpt>
      <trkpt lat="50.168992" lon="7.219034">
        <ele>80.210298</ele>
        <time>2026-08-08T13:31:00.903Z</time>
      </trkpt>
      <trkpt lat="50.169404" lon="7.224610">
        <ele>81.617114</ele>
        <time>2026-08-08T13:32:20.357Z</time>
      </trkpt>
      <trkpt lat="50.169411" lon="7.225373">
        <ele>81.449519</ele>
        <time>2026-08-08T13:32:30.286Z</time>
      </trkpt>
      <trkpt lat="50.169370" lon="7.226024">
        <ele>81.305850</ele>
        <time>2026-08-08T13:32:38.504Z</time>
      </trkpt>
      <trkpt lat="50.169291" lon="7.226694">
        <ele>81.086038</ele>
        <time>2026-08-08T13:32:46.814Z</time>
      </trkpt>
      <trkpt lat="50.168987" lon="7.228746">
        <ele>79.715233</ele>
        <time>2026-08-08T13:33:12.502Z</time>
      </trkpt>
      <trkpt lat="50.168897" lon="7.229686">
        <ele>79.261433</ele>
        <time>2026-08-08T13:33:24.630Z</time>
      </trkpt>
      <trkpt lat="50.168862" lon="7.230301">
        <ele>79.106972</ele>
        <time>2026-08-08T13:33:32.735Z</time>
      </trkpt>
      <trkpt lat="50.168867" lon="7.231779">
        <ele>78.737213</ele>
        <time>2026-08-08T13:33:52.330Z</time>
      </trkpt>
      <trkpt lat="50.169010" lon="7.235173">
        <ele>77.863643</ele>
        <time>2026-08-08T13:34:36.271Z</time>
      </trkpt>
      <trkpt lat="50.169033" lon="7.236254">
        <ele>77.931459</ele>
        <time>2026-08-08T13:34:50.732Z</time>
      </trkpt>
      <trkpt lat="50.168966" lon="7.239316">
        <ele>78.320962</ele>
        <time>2026-08-08T13:35:33.626Z</time>
      </trkpt>
      <trkpt lat="50.169029" lon="7.242258">
        <ele>78.890906</ele>
        <time>2026-08-08T13:36:13.568Z</time>
      </trkpt>
      <trkpt lat="50.168980" lon="7.245027">
        <ele>79.586511</ele>
        <time>2026-08-08T13:36:53.007Z</time>
      </trkpt>
      <trkpt lat="50.168950" lon="7.245443">
        <ele>79.704529</ele>
        <time>2026-08-08T13:36:58.804Z</time>
      </trkpt>
      <trkpt lat="50.168866" lon="7.246095">
        <ele>79.891016</ele>
        <time>2026-08-08T13:37:07.826Z</time>
      </trkpt>
      <trkpt lat="50.168543" lon="7.247747">
        <ele>79.657554</ele>
        <time>2026-08-08T13:37:30.306Z</time>
      </trkpt>
      <trkpt lat="50.168413" lon="7.248761">
        <ele>79.517779</ele>
        <time>2026-08-08T13:37:43.895Z</time>
      </trkpt>
      <trkpt lat="50.168361" lon="7.249782">
        <ele>79.763266</ele>
        <time>2026-08-08T13:37:57.954Z</time>
      </trkpt>
      <trkpt lat="50.168404" lon="7.251603">
        <ele>80.230890</ele>
        <time>2026-08-08T13:38:23.807Z</time>
      </trkpt>
      <trkpt lat="50.168424" lon="7.252786">
        <ele>80.221452</ele>
        <time>2026-08-08T13:38:40.265Z</time>
      </trkpt>
      <trkpt lat="50.168326" lon="7.257339">
        <ele>79.678887</ele>
        <time>2026-08-08T13:39:39.851Z</time>
      </trkpt>
      <trkpt lat="50.168368" lon="7.260642">
        <ele>80.214147</ele>
        <time>2026-08-08T13:40:25.637Z</time>
      </trkpt>
      <trkpt lat="50.168418" lon="7.261684">
        <ele>80.463570</ele>
        <time>2026-08-08T13:40:40.196Z</time>
      </trkpt>
      <trkpt lat="50.168462" lon="7.262157">
        <ele>80.577660</ele>
        <time>2026-08-08T13:40:46.880Z</time>
      </trkpt>
      <trkpt lat="50.168722" lon="7.264307">
        <ele>81.117492</ele>
        <time>2026-08-08T13:41:17.323Z</time>
      </trkpt>
      <trkpt lat="50.168853" lon="7.265705">
        <ele>81.471286</ele>
        <time>2026-08-08T13:41:36.998Z</time>
      </trkpt>
      <trkpt lat="50.169018" lon="7.267508">
        <ele>81.929683</ele>
        <time>2026-08-08T13:42:02.775Z</time>
      </trkpt>
      <trkpt lat="50.169043" lon="7.267872">
        <ele>82.021822</ele>
        <time>2026-08-08T13:42:07.891Z</time>
      </trkpt>
      <trkpt lat="50.169038" lon="7.268377">
        <ele>82.145823</ele>
        <time>2026-08-08T13:42:14.754Z</time>
      </trkpt>
      <trkpt lat="50.169085" lon="7.268752">
        <ele>81.987775</ele>
        <time>2026-08-08T13:42:19.815Z</time>
      </trkpt>
      <trkpt lat="50.169068" lon="7.269145">
        <ele>81.824853</ele>
        <time>2026-08-08T13:42:25.128Z</time>
      </trkpt>
      <trkpt lat="50.168986" lon="7.269586">
        <ele>81.634917</ele>
        <time>2026-08-08T13:42:31.198Z</time>
      </trkpt>
      <trkpt lat="50.168923" lon="7.269963">
        <ele>81.473763</ele>
        <time>2026-08-08T13:42:36.292Z</time>
      </trkpt>
      <trkpt lat="50.168935" lon="7.270120">
        <ele>81.408364</ele>
        <time>2026-08-08T13:42:38.372Z</time>
      </trkpt>
      <trkpt lat="50.168995" lon="7.270379">
        <ele>81.294446</ele>
        <time>2026-08-08T13:42:41.955Z</time>
      </trkpt>
      <trkpt lat="50.168979" lon="7.271056">
        <ele>81.014235</ele>
        <time>2026-08-08T13:42:50.800Z</time>
      </trkpt>
      <trkpt lat="50.168960" lon="7.272215">
        <ele>80.467000</ele>
        <time>2026-08-08T13:43:06.134Z</time>
      </trkpt>
      <trkpt lat="50.168969" lon="7.272771">
        <ele>80.202470</ele>
        <time>2026-08-08T13:43:13.489Z</time>
      </trkpt>
      <trkpt lat="50.168963" lon="7.273078">
        <ele>80.056387</ele>
        <time>2026-08-08T13:43:17.558Z</time>
      </trkpt>
      <trkpt lat="50.168956" lon="7.273245">
        <ele>79.976788</ele>
        <time>2026-08-08T13:43:19.776Z</time>
      </trkpt>
      <trkpt lat="50.168955" lon="7.273346">
        <ele>79.928745</ele>
        <time>2026-08-08T13:43:21.110Z</time>
      </trkpt>
      <trkpt lat="50.168970" lon="7.274697">
        <ele>79.465470</ele>
        <time>2026-08-08T13:43:39.161Z</time>
      </trkpt>
      <trkpt lat="50.169107" lon="7.277267">
        <ele>78.804523</ele>
        <time>2026-08-08T13:44:14.706Z</time>
      </trkpt>
      <trkpt lat="50.169167" lon="7.278101">
        <ele>78.542686</ele>
        <time>2026-08-08T13:44:26.042Z</time>
      </trkpt>
      <trkpt lat="50.169234" lon="7.278670">
        <ele>78.362189</ele>
        <time>2026-08-08T13:44:33.779Z</time>
      </trkpt>
      <trkpt lat="50.169513" lon="7.280158">
        <ele>77.925426</ele>
        <time>2026-08-08T13:44:54.526Z</time>
      </trkpt>
      <trkpt lat="50.169731" lon="7.281264">
        <ele>77.642296</ele>
        <time>2026-08-08T13:45:10.413Z</time>
      </trkpt>
      <trkpt lat="50.169885" lon="7.281826">
        <ele>77.492736</ele>
        <time>2026-08-08T13:45:18.752Z</time>
      </trkpt>
      <trkpt lat="50.170059" lon="7.282387">
        <ele>77.421056</ele>
        <time>2026-08-08T13:45:27.199Z</time>
      </trkpt>
      <trkpt lat="50.170650" lon="7.283854">
        <ele>77.495111</ele>
        <time>2026-08-08T13:45:51.567Z</time>
      </trkpt>
      <trkpt lat="50.171142" lon="7.285104">
        <ele>77.630387</ele>
        <time>2026-08-08T13:46:12.794Z</time>
      </trkpt>
      <trkpt lat="50.171380" lon="7.285957">
        <ele>77.770450</ele>
        <time>2026-08-08T13:46:26.236Z</time>
      </trkpt>
      <trkpt lat="50.171480" lon="7.286413">
        <ele>77.843006</ele>
        <time>2026-08-08T13:46:33.013Z</time>
      </trkpt>
      <trkpt lat="50.171779" lon="7.288213">
        <ele>78.532112</ele>
        <time>2026-08-08T13:46:59.422Z</time>
      </trkpt>
      <trkpt lat="50.172257" lon="7.290473">
        <ele>79.791503</ele>
        <time>2026-08-08T13:47:35.247Z</time>
      </trkpt>
      <trkpt lat="50.172540" lon="7.291519">
        <ele>80.442542</ele>
        <time>2026-08-08T13:47:52.065Z</time>
      </trkpt>
      <trkpt lat="50.172837" lon="7.292422">
        <ele>80.977713</ele>
        <time>2026-08-08T13:48:06.943Z</time>
      </trkpt>
      <trkpt lat="50.173174" lon="7.293274">
        <ele>80.634947</ele>
        <time>2026-08-08T13:48:21.286Z</time>
      </trkpt>
      <trkpt lat="50.173638" lon="7.294223">
        <ele>80.226277</ele>
        <time>2026-08-08T13:48:37.358Z</time>
      </trkpt>
      <trkpt lat="50.174446" lon="7.295575">
        <ele>78.853927</ele>
        <time>2026-08-08T13:48:59.371Z</time>
      </trkpt>
      <trkpt lat="50.174843" lon="7.296176">
        <ele>78.062506</ele>
        <time>2026-08-08T13:49:09.603Z</time>
      </trkpt>
      <trkpt lat="50.175278" lon="7.296723">
        <ele>77.527901</ele>
        <time>2026-08-08T13:49:21.123Z</time>
      </trkpt>
      <trkpt lat="50.175895" lon="7.297382">
        <ele>77.899377</ele>
        <time>2026-08-08T13:49:38.073Z</time>
      </trkpt>
      <trkpt lat="50.176423" lon="7.297878">
        <ele>78.205582</ele>
        <time>2026-08-08T13:49:52.375Z</time>
      </trkpt>
      <trkpt lat="50.176819" lon="7.298158">
        <ele>78.455822</ele>
        <time>2026-08-08T13:50:02.528Z</time>
      </trkpt>
      <trkpt lat="50.176859" lon="7.298250">
        <ele>78.508984</ele>
        <time>2026-08-08T13:50:04.139Z</time>
      </trkpt>
      <trkpt lat="50.177062" lon="7.298389">
        <ele>78.674456</ele>
        <time>2026-08-08T13:50:09.137Z</time>
      </trkpt>
      <trkpt lat="50.177942" lon="7.299196">
        <ele>79.436295</ele>
        <time>2026-08-08T13:50:31.845Z</time>
      </trkpt>
      <trkpt lat="50.178534" lon="7.299604">
        <ele>79.726373</ele>
        <time>2026-08-08T13:50:46.039Z</time>
      </trkpt>
      <trkpt lat="50.179830" lon="7.300400">
        <ele>79.867062</ele>
        <time>2026-08-08T13:51:15.214Z</time>
      </trkpt>
      <trkpt lat="50.180209" lon="7.300623">
        <ele>79.615044</ele>
        <time>2026-08-08T13:51:24.021Z</time>
      </trkpt>
      <trkpt lat="50.181070" lon="7.301046">
        <ele>78.818934</ele>
        <time>2026-08-08T13:51:41.928Z</time>
      </trkpt>
      <trkpt lat="50.181155" lon="7.301071">
        <ele>78.742644</ele>
        <time>2026-08-08T13:51:43.594Z</time>
      </trkpt>
      <trkpt lat="50.181199" lon="7.301016">
        <ele>78.692934</ele>
        <time>2026-08-08T13:51:44.650Z</time>
      </trkpt>
      <trkpt lat="50.181888" lon="7.301429">
        <ele>77.985631</ele>
        <time>2026-08-08T13:51:57.859Z</time>
      </trkpt>
      <trkpt lat="50.182415" lon="7.301800">
        <ele>77.360555</ele>
        <time>2026-08-08T13:52:07.759Z</time>
      </trkpt>
      <trkpt lat="50.182839" lon="7.302152">
        <ele>76.841322</ele>
        <time>2026-08-08T13:52:16.975Z</time>
      </trkpt>
      <trkpt lat="50.183105" lon="7.302393">
        <ele>76.508793</ele>
        <time>2026-08-08T13:52:23.399Z</time>
      </trkpt>
      <trkpt lat="50.183447" lon="7.302705">
        <ele>76.530744</ele>
        <time>2026-08-08T13:52:32.081Z</time>
      </trkpt>
      <trkpt lat="50.184052" lon="7.303339">
        <ele>77.076173</ele>
        <time>2026-08-08T13:52:48.961Z</time>
      </trkpt>
      <trkpt lat="50.184623" lon="7.304137">
        <ele>77.649799</ele>
        <time>2026-08-08T13:53:05.790Z</time>
      </trkpt>
      <trkpt lat="50.185312" lon="7.305254">
        <ele>77.828742</ele>
        <time>2026-08-08T13:53:26.221Z</time>
      </trkpt>
      <trkpt lat="50.185488" lon="7.305552">
        <ele>77.866401</ele>
        <time>2026-08-08T13:53:31.344Z</time>
      </trkpt>
      <trkpt lat="50.185852" lon="7.306204">
        <ele>77.946755</ele>
        <time>2026-08-08T13:53:43.237Z</time>
      </trkpt>
      <trkpt lat="50.186320" lon="7.307220">
        <ele>78.863448</ele>
        <time>2026-08-08T13:54:02.427Z</time>
      </trkpt>
      <trkpt lat="50.186627" lon="7.308268">
        <ele>79.756409</ele>
        <time>2026-08-08T13:54:19.897Z</time>
      </trkpt>
      <trkpt lat="50.186736" lon="7.308854">
        <ele>80.128026</ele>
        <time>2026-08-08T13:54:28.798Z</time>
      </trkpt>
      <trkpt lat="50.186859" lon="7.310020">
        <ele>80.104703</ele>
        <time>2026-08-08T13:54:45.250Z</time>
      </trkpt>
      <trkpt lat="50.186974" lon="7.313350">
        <ele>79.600148</ele>
        <time>2026-08-08T13:55:31.135Z</time>
      </trkpt>
      <trkpt lat="50.186955" lon="7.314369">
        <ele>79.368981</ele>
        <time>2026-08-08T13:55:44.420Z</time>
      </trkpt>
      <trkpt lat="50.186916" lon="7.314953">
        <ele>79.642972</ele>
        <time>2026-08-08T13:55:52.310Z</time>
      </trkpt>
      <trkpt lat="50.186675" lon="7.316796">
        <ele>80.520728</ele>
        <time>2026-08-08T13:56:20.536Z</time>
      </trkpt>
      <trkpt lat="50.186611" lon="7.317485">
        <ele>80.709300</ele>
        <time>2026-08-08T13:56:31.233Z</time>
      </trkpt>
      <trkpt lat="50.186498" lon="7.319888">
        <ele>81.012800</ele>
        <time>2026-08-08T13:57:05.171Z</time>
      </trkpt>
      <trkpt lat="50.186383" lon="7.321098">
        <ele>80.187342</ele>
        <time>2026-08-08T13:57:20.410Z</time>
      </trkpt>
      <trkpt lat="50.186120" lon="7.323034">
        <ele>79.083387</ele>
        <time>2026-08-08T13:57:45.592Z</time>
      </trkpt>
      <trkpt lat="50.185988" lon="7.324542">
        <ele>78.950739</ele>
        <time>2026-08-08T13:58:06.249Z</time>
      </trkpt>
      <trkpt lat="50.185639" lon="7.328865">
        <ele>80.255772</ele>
        <time>2026-08-08T13:59:10.842Z</time>
      </trkpt>
      <trkpt lat="50.185569" lon="7.329739">
        <ele>80.025920</ele>
        <time>2026-08-08T13:59:22.927Z</time>
      </trkpt>
      <trkpt lat="50.185438" lon="7.331385">
        <ele>79.252754</ele>
        <time>2026-08-08T13:59:44.227Z</time>
      </trkpt>
      <trkpt lat="50.185414" lon="7.331753">
        <ele>78.829717</ele>
        <time>2026-08-08T13:59:48.739Z</time>
      </trkpt>
      <trkpt lat="50.185321" lon="7.332807">
        <ele>77.612927</ele>
        <time>2026-08-08T14:00:01.261Z</time>
      </trkpt>
      <trkpt lat="50.185232" lon="7.333433">
        <ele>76.879570</ele>
        <time>2026-08-08T14:00:08.714Z</time>
      </trkpt>
      <trkpt lat="50.185106" lon="7.333977">
        <ele>76.338620</ele>
        <time>2026-08-08T14:00:15.575Z</time>
      </trkpt>
      <trkpt lat="50.184890" lon="7.334714">
        <ele>75.836577</ele>
        <time>2026-08-08T14:00:25.563Z</time>
      </trkpt>
      <trkpt lat="50.184648" lon="7.335479">
        <ele>75.308062</ele>
        <time>2026-08-08T14:00:36.793Z</time>
      </trkpt>
      <trkpt lat="50.184480" lon="7.336242">
        <ele>74.808296</ele>
        <time>2026-08-08T14:00:47.994Z</time>
      </trkpt>
      <trkpt lat="50.184061" lon="7.339117">
        <ele>73.914251</ele>
        <time>2026-08-08T14:01:27.988Z</time>
      </trkpt>
      <trkpt lat="50.184018" lon="7.339621">
        <ele>73.814879</ele>
        <time>2026-08-08T14:01:34.707Z</time>
      </trkpt>
      <trkpt lat="50.183993" lon="7.340512">
        <ele>73.640577</ele>
        <time>2026-08-08T14:01:46.516Z</time>
      </trkpt>
      <trkpt lat="50.184037" lon="7.341549">
        <ele>73.437462</ele>
        <time>2026-08-08T14:02:01.015Z</time>
      </trkpt>
      <trkpt lat="50.184088" lon="7.341993">
        <ele>73.392684</ele>
        <time>2026-08-08T14:02:07.483Z</time>
      </trkpt>
      <trkpt lat="50.184267" lon="7.343210">
        <ele>73.627842</ele>
        <time>2026-08-08T14:02:25.431Z</time>
      </trkpt>
      <trkpt lat="50.184487" lon="7.344653">
        <ele>73.900294</ele>
        <time>2026-08-08T14:02:46.946Z</time>
      </trkpt>
      <trkpt lat="50.184692" lon="7.346000">
        <ele>73.896663</ele>
        <time>2026-08-08T14:03:06.423Z</time>
      </trkpt>
      <trkpt lat="50.186432" lon="7.357360">
        <ele>73.197408</ele>
        <time>2026-08-08T14:05:48.804Z</time>
      </trkpt>
      <trkpt lat="50.186942" lon="7.360006">
        <ele>73.194602</ele>
        <time>2026-08-08T14:06:27.945Z</time>
      </trkpt>
      <trkpt lat="50.187423" lon="7.362112">
        <ele>72.976145</ele>
        <time>2026-08-08T14:06:58.961Z</time>
      </trkpt>
      <trkpt lat="50.187811" lon="7.363659">
        <ele>72.672192</ele>
        <time>2026-08-08T14:07:21.574Z</time>
      </trkpt>
      <trkpt lat="50.188347" lon="7.365425">
        <ele>72.357711</ele>
        <time>2026-08-08T14:07:47.979Z</time>
      </trkpt>
      <trkpt lat="50.188519" lon="7.365865">
        <ele>72.274758</ele>
        <time>2026-08-08T14:07:55.170Z</time>
      </trkpt>
      <trkpt lat="50.188725" lon="7.366360">
        <ele>72.383057</ele>
        <time>2026-08-08T14:08:03.771Z</time>
      </trkpt>
      <trkpt lat="50.188863" lon="7.366691">
        <ele>72.549321</ele>
        <time>2026-08-08T14:08:09.635Z</time>
      </trkpt>
      <trkpt lat="50.188991" lon="7.366971">
        <ele>72.694142</ele>
        <time>2026-08-08T14:08:14.683Z</time>
      </trkpt>
      <trkpt lat="50.189156" lon="7.367322">
        <ele>72.877435</ele>
        <time>2026-08-08T14:08:21.016Z</time>
      </trkpt>
      <trkpt lat="50.189526" lon="7.367979">
        <ele>73.245745</ele>
        <time>2026-08-08T14:08:33.857Z</time>
      </trkpt>
      <trkpt lat="50.189820" lon="7.368409">
        <ele>73.587084</ele>
        <time>2026-08-08T14:08:43.231Z</time>
      </trkpt>
      <trkpt lat="50.190002" lon="7.368655">
        <ele>73.876872</ele>
        <time>2026-08-08T14:08:48.864Z</time>
      </trkpt>
      <trkpt lat="50.190530" lon="7.369299">
        <ele>74.683454</ele>
        <time>2026-08-08T14:09:04.439Z</time>
      </trkpt>
      <trkpt lat="50.191015" lon="7.369802">
        <ele>75.384400</ele>
        <time>2026-08-08T14:09:18.288Z</time>
      </trkpt>
      <trkpt lat="50.191715" lon="7.370418">
        <ele>75.970574</ele>
        <time>2026-08-08T14:09:37.061Z</time>
      </trkpt>
      <trkpt lat="50.192442" lon="7.370971">
        <ele>76.460747</ele>
        <time>2026-08-08T14:09:55.101Z</time>
      </trkpt>
      <trkpt lat="50.193265" lon="7.371531">
        <ele>76.786181</ele>
        <time>2026-08-08T14:10:15.108Z</time>
      </trkpt>
      <trkpt lat="50.193837" lon="7.371890">
        <ele>76.912587</ele>
        <time>2026-08-08T14:10:28.890Z</time>
      </trkpt>
      <trkpt lat="50.194190" lon="7.372104">
        <ele>76.990233</ele>
        <time>2026-08-08T14:10:37.423Z</time>
      </trkpt>
      <trkpt lat="50.194442" lon="7.372225">
        <ele>77.041935</ele>
        <time>2026-08-08T14:10:43.341Z</time>
      </trkpt>
      <trkpt lat="50.194650" lon="7.372329">
        <ele>76.991248</ele>
        <time>2026-08-08T14:10:48.179Z</time>
      </trkpt>
      <trkpt lat="50.195421" lon="7.372706">
        <ele>76.803748</ele>
        <time>2026-08-08T14:11:05.520Z</time>
      </trkpt>
      <trkpt lat="50.196652" lon="7.373334">
        <ele>76.629044</ele>
        <time>2026-08-08T14:11:32.949Z</time>
      </trkpt>
      <trkpt lat="50.198686" lon="7.374399">
        <ele>76.969600</ele>
        <time>2026-08-08T14:12:20.669Z</time>
      </trkpt>
      <trkpt lat="50.200018" lon="7.375009">
        <ele>77.970292</ele>
        <time>2026-08-08T14:12:52.226Z</time>
      </trkpt>
      <trkpt lat="50.200524" lon="7.375171">
        <ele>78.693034</ele>
        <time>2026-08-08T14:13:04.444Z</time>
      </trkpt>
      <trkpt lat="50.201521" lon="7.375454">
        <ele>79.985703</ele>
        <time>2026-08-08T14:13:28.756Z</time>
      </trkpt>
      <trkpt lat="50.201870" lon="7.375654">
        <ele>80.267365</ele>
        <time>2026-08-08T14:13:37.598Z</time>
      </trkpt>
      <trkpt lat="50.202658" lon="7.376192">
        <ele>80.918945</ele>
        <time>2026-08-08T14:13:57.397Z</time>
      </trkpt>
      <trkpt lat="50.203658" lon="7.376942">
        <ele>80.646904</ele>
        <time>2026-08-08T14:14:20.683Z</time>
      </trkpt>
      <trkpt lat="50.204051" lon="7.377297">
        <ele>80.306081</ele>
        <time>2026-08-08T14:14:29.870Z</time>
      </trkpt>
      <trkpt lat="50.206187" lon="7.379444">
        <ele>78.031349</ele>
        <time>2026-08-08T14:15:21.043Z</time>
      </trkpt>
      <trkpt lat="50.208116" lon="7.381325">
        <ele>77.294586</ele>
        <time>2026-08-08T14:16:10.044Z</time>
      </trkpt>
      <trkpt lat="50.208806" lon="7.381890">
        <ele>77.121303</ele>
        <time>2026-08-08T14:16:26.699Z</time>
      </trkpt>
      <trkpt lat="50.209638" lon="7.382501">
        <ele>77.047164</ele>
        <time>2026-08-08T14:16:46.872Z</time>
      </trkpt>
      <trkpt lat="50.210520" lon="7.383089">
        <ele>77.079484</ele>
        <time>2026-08-08T14:17:08.076Z</time>
      </trkpt>
      <trkpt lat="50.212249" lon="7.384304">
        <ele>77.440362</ele>
        <time>2026-08-08T14:17:49.586Z</time>
      </trkpt>
      <trkpt lat="50.212777" lon="7.384658">
        <ele>77.887216</ele>
        <time>2026-08-08T14:18:02.917Z</time>
      </trkpt>
      <trkpt lat="50.214055" lon="7.385599">
        <ele>79.522806</ele>
        <time>2026-08-08T14:18:36.108Z</time>
      </trkpt>
      <trkpt lat="50.214555" lon="7.385998">
        <ele>80.364440</ele>
        <time>2026-08-08T14:18:49.296Z</time>
      </trkpt>
      <trkpt lat="50.215109" lon="7.386532">
        <ele>81.359600</ele>
        <time>2026-08-08T14:19:04.862Z</time>
      </trkpt>
      <trkpt lat="50.215825" lon="7.387321">
        <ele>82.346196</ele>
        <time>2026-08-08T14:19:25.733Z</time>
      </trkpt>
      <trkpt lat="50.216723" lon="7.388458">
        <ele>82.447144</ele>
        <time>2026-08-08T14:19:51.034Z</time>
      </trkpt>
      <trkpt lat="50.217059" lon="7.388962">
        <ele>82.415854</ele>
        <time>2026-08-08T14:20:00.455Z</time>
      </trkpt>
      <trkpt lat="50.217902" lon="7.390365">
        <ele>81.212525</ele>
        <time>2026-08-08T14:20:25.486Z</time>
      </trkpt>
      <trkpt lat="50.218332" lon="7.391196">
        <ele>80.481799</ele>
        <time>2026-08-08T14:20:39.306Z</time>
      </trkpt>
      <trkpt lat="50.219398" lon="7.393557">
        <ele>78.280780</ele>
        <time>2026-08-08T14:21:15.013Z</time>
      </trkpt>
      <trkpt lat="50.219848" lon="7.394500">
        <ele>78.037238</ele>
        <time>2026-08-08T14:21:30.787Z</time>
      </trkpt>
      <trkpt lat="50.221511" lon="7.397777">
        <ele>78.333443</ele>
        <time>2026-08-08T14:22:31.033Z</time>
      </trkpt>
      <trkpt lat="50.222389" lon="7.399716">
        <ele>78.223167</ele>
        <time>2026-08-08T14:23:04.800Z</time>
      </trkpt>
      <trkpt lat="50.223276" lon="7.401890">
        <ele>76.880612</ele>
        <time>2026-08-08T14:23:37.808Z</time>
      </trkpt>
      <trkpt lat="50.223635" lon="7.402836">
        <ele>76.359525</ele>
        <time>2026-08-08T14:23:52.343Z</time>
      </trkpt>
      <trkpt lat="50.225081" lon="7.406478">
        <ele>74.997863</ele>
        <time>2026-08-08T14:24:50.348Z</time>
      </trkpt>
      <trkpt lat="50.225895" lon="7.408595">
        <ele>74.137063</ele>
        <time>2026-08-08T14:25:23.839Z</time>
      </trkpt>
      <trkpt lat="50.226076" lon="7.409823">
        <ele>73.652959</ele>
        <time>2026-08-08T14:25:39.734Z</time>
      </trkpt>
      <trkpt lat="50.226229" lon="7.410850">
        <ele>73.214717</ele>
        <time>2026-08-08T14:25:52.833Z</time>
      </trkpt>
      <trkpt lat="50.226507" lon="7.413597">
        <ele>72.493366</ele>
        <time>2026-08-08T14:26:28.814Z</time>
      </trkpt>
      <trkpt lat="50.226611" lon="7.414528">
        <ele>72.460391</ele>
        <time>2026-08-08T14:26:41.816Z</time>
      </trkpt>
      <trkpt lat="50.227244" lon="7.418332">
        <ele>73.049837</ele>
        <time>2026-08-08T14:27:36.048Z</time>
      </trkpt>
      <trkpt lat="50.227447" lon="7.419901">
        <ele>73.484285</ele>
        <time>2026-08-08T14:27:58.313Z</time>
      </trkpt>
      <trkpt lat="50.227470" lon="7.420140">
        <ele>73.549879</ele>
        <time>2026-08-08T14:28:01.709Z</time>
      </trkpt>
      <trkpt lat="50.227717" lon="7.423374">
        <ele>74.691805</ele>
        <time>2026-08-08T14:28:47.944Z</time>
      </trkpt>
      <trkpt lat="50.227752" lon="7.423768">
        <ele>74.771426</ele>
        <time>2026-08-08T14:28:53.335Z</time>
      </trkpt>
      <trkpt lat="50.227809" lon="7.425460">
        <ele>74.973450</ele>
        <time>2026-08-08T14:29:16.765Z</time>
      </trkpt>
      <trkpt lat="50.227810" lon="7.426209">
        <ele>75.062757</ele>
        <time>2026-08-08T14:29:27.347Z</time>
      </trkpt>
      <trkpt lat="50.227806" lon="7.426549">
        <ele>75.205522</ele>
        <time>2026-08-08T14:29:32.383Z</time>
      </trkpt>
      <trkpt lat="50.227757" lon="7.427360">
        <ele>75.649560</ele>
        <time>2026-08-08T14:29:44.623Z</time>
      </trkpt>
      <trkpt lat="50.227621" lon="7.428471">
        <ele>76.266146</ele>
        <time>2026-08-08T14:30:01.596Z</time>
      </trkpt>
      <trkpt lat="50.227255" lon="7.430760">
        <ele>76.456905</ele>
        <time>2026-08-08T14:30:35.282Z</time>
      </trkpt>
      <trkpt lat="50.227218" lon="7.431180">
        <ele>76.420144</ele>
        <time>2026-08-08T14:30:40.925Z</time>
      </trkpt>
      <trkpt lat="50.226936" lon="7.434390">
        <ele>75.028204</ele>
        <time>2026-08-08T14:31:23.624Z</time>
      </trkpt>
      <trkpt lat="50.226885" lon="7.435473">
        <ele>74.399885</ele>
        <time>2026-08-08T14:31:37.683Z</time>
      </trkpt>
      <trkpt lat="50.226903" lon="7.436407">
        <ele>73.843989</ele>
        <time>2026-08-08T14:31:49.748Z</time>
      </trkpt>
      <trkpt lat="50.226970" lon="7.437176">
        <ele>73.382283</ele>
        <time>2026-08-08T14:31:59.766Z</time>
      </trkpt>
      <trkpt lat="50.227296" lon="7.439549">
        <ele>72.881081</ele>
        <time>2026-08-08T14:32:32.694Z</time>
      </trkpt>
      <trkpt lat="50.227425" lon="7.440162">
        <ele>72.783417</ele>
        <time>2026-08-08T14:32:41.953Z</time>
      </trkpt>
      <trkpt lat="50.227619" lon="7.440910">
        <ele>72.966158</ele>
        <time>2026-08-08T14:32:53.626Z</time>
      </trkpt>
      <trkpt lat="50.227992" lon="7.441858">
        <ele>73.218137</ele>
        <time>2026-08-08T14:33:09.915Z</time>
      </trkpt>
      <trkpt lat="50.228381" lon="7.442587">
        <ele>73.419229</ele>
        <time>2026-08-08T14:33:23.732Z</time>
      </trkpt>
      <trkpt lat="50.228861" lon="7.443282">
        <ele>73.470502</ele>
        <time>2026-08-08T14:33:37.490Z</time>
      </trkpt>
      <trkpt lat="50.229117" lon="7.443569">
        <ele>73.495190</ele>
        <time>2026-08-08T14:33:44.103Z</time>
      </trkpt>
      <trkpt lat="50.229340" lon="7.443790">
        <ele>73.515882</ele>
        <time>2026-08-08T14:33:49.991Z</time>
      </trkpt>
      <trkpt lat="50.229794" lon="7.444142">
        <ele>73.555597</ele>
        <time>2026-08-08T14:34:01.529Z</time>
      </trkpt>
      <trkpt lat="50.229858" lon="7.444184">
        <ele>73.621374</ele>
        <time>2026-08-08T14:34:03.094Z</time>
      </trkpt>
      <trkpt lat="50.230435" lon="7.444517">
        <ele>74.276899</ele>
        <time>2026-08-08T14:34:17.314Z</time>
      </trkpt>
      <trkpt lat="50.230893" lon="7.444677">
        <ele>74.777066</ele>
        <time>2026-08-08T14:34:28.481Z</time>
      </trkpt>
      <trkpt lat="50.231747" lon="7.444824">
        <ele>75.481148</ele>
        <time>2026-08-08T14:34:48.640Z</time>
      </trkpt>
      <trkpt lat="50.232457" lon="7.444862">
        <ele>75.508550</ele>
        <time>2026-08-08T14:35:03.993Z</time>
      </trkpt>
      <trkpt lat="50.233029" lon="7.444805">
        <ele>75.530657</ele>
        <time>2026-08-08T14:35:16.159Z</time>
      </trkpt>
      <trkpt lat="50.233795" lon="7.444607">
        <ele>75.701115</ele>
        <time>2026-08-08T14:35:32.912Z</time>
      </trkpt>
      <trkpt lat="50.234298" lon="7.444432">
        <ele>75.875929</ele>
        <time>2026-08-08T14:35:44.245Z</time>
      </trkpt>
      <trkpt lat="50.234286" lon="7.444356">
        <ele>75.892916</ele>
        <time>2026-08-08T14:35:45.377Z</time>
      </trkpt>
      <trkpt lat="50.234945" lon="7.443963">
        <ele>76.132191</ele>
        <time>2026-08-08T14:36:05.109Z</time>
      </trkpt>
      <trkpt lat="50.235259" lon="7.443742">
        <ele>76.381908</ele>
        <time>2026-08-08T14:36:14.761Z</time>
      </trkpt>
      <trkpt lat="50.235609" lon="7.443467">
        <ele>76.698274</ele>
        <time>2026-08-08T14:36:25.711Z</time>
      </trkpt>
      <trkpt lat="50.235735" lon="7.443367">
        <ele>76.812398</ele>
        <time>2026-08-08T14:36:29.685Z</time>
      </trkpt>
      <trkpt lat="50.236293" lon="7.442969">
        <ele>77.307747</ele>
        <time>2026-08-08T14:36:46.868Z</time>
      </trkpt>
      <trkpt lat="50.236620" lon="7.442723">
        <ele>77.600830</ele>
        <time>2026-08-08T14:36:56.983Z</time>
      </trkpt>
      <trkpt lat="50.237240" lon="7.442330">
        <ele>77.100973</ele>
        <time>2026-08-08T14:37:15.152Z</time>
      </trkpt>
      <trkpt lat="50.238138" lon="7.441890">
        <ele>76.385325</ele>
        <time>2026-08-08T14:37:39.303Z</time>
      </trkpt>
      <trkpt lat="50.238554" lon="7.441764">
        <ele>76.311147</ele>
        <time>2026-08-08T14:37:50.150Z</time>
      </trkpt>
      <trkpt lat="50.238729" lon="7.441854">
        <ele>76.370176</ele>
        <time>2026-08-08T14:37:54.791Z</time>
      </trkpt>
      <trkpt lat="50.239019" lon="7.441800">
        <ele>76.463754</ele>
        <time>2026-08-08T14:38:00.571Z</time>
      </trkpt>
      <trkpt lat="50.239155" lon="7.441774">
        <ele>76.507656</ele>
        <time>2026-08-08T14:38:03.337Z</time>
      </trkpt>
      <trkpt lat="50.239430" lon="7.441726">
        <ele>76.596318</ele>
        <time>2026-08-08T14:38:09.378Z</time>
      </trkpt>
      <trkpt lat="50.239759" lon="7.441681">
        <ele>76.702139</ele>
        <time>2026-08-08T14:38:17.171Z</time>
      </trkpt>
      <trkpt lat="50.240010" lon="7.441666">
        <ele>76.782622</ele>
        <time>2026-08-08T14:38:23.326Z</time>
      </trkpt>
      <trkpt lat="50.240196" lon="7.441712">
        <ele>77.028785</ele>
        <time>2026-08-08T14:38:27.856Z</time>
      </trkpt>
      <trkpt lat="50.240514" lon="7.441735">
        <ele>77.783725</ele>
        <time>2026-08-08T14:38:35.588Z</time>
      </trkpt>
      <trkpt lat="50.240948" lon="7.441865">
        <ele>78.831668</ele>
        <time>2026-08-08T14:38:46.453Z</time>
      </trkpt>
      <trkpt lat="50.241599" lon="7.442094">
        <ele>80.414096</ele>
        <time>2026-08-08T14:39:03.194Z</time>
      </trkpt>
      <trkpt lat="50.243730" lon="7.443043">
        <ele>82.357221</ele>
        <time>2026-08-08T14:39:54.296Z</time>
      </trkpt>
      <trkpt lat="50.245501" lon="7.443788">
        <ele>81.054115</ele>
        <time>2026-08-08T14:40:30.747Z</time>
      </trkpt>
      <trkpt lat="50.246095" lon="7.443966">
        <ele>81.027488</ele>
        <time>2026-08-08T14:40:43.864Z</time>
      </trkpt>
      <trkpt lat="50.246874" lon="7.444122">
        <ele>80.992912</ele>
        <time>2026-08-08T14:41:01.778Z</time>
      </trkpt>
      <trkpt lat="50.247391" lon="7.444182">
        <ele>80.583610</ele>
        <time>2026-08-08T14:41:13.529Z</time>
      </trkpt>
      <trkpt lat="50.248086" lon="7.444179">
        <ele>79.599942</ele>
        <time>2026-08-08T14:41:27.064Z</time>
      </trkpt>
      <trkpt lat="50.248316" lon="7.444159">
        <ele>79.273910</ele>
        <time>2026-08-08T14:41:31.345Z</time>
      </trkpt>
      <trkpt lat="50.248821" lon="7.444020">
        <ele>78.548174</ele>
        <time>2026-08-08T14:41:40.570Z</time>
      </trkpt>
      <trkpt lat="50.249046" lon="7.443930">
        <ele>78.111458</ele>
        <time>2026-08-08T14:41:44.584Z</time>
      </trkpt>
      <trkpt lat="50.249268" lon="7.443819">
        <ele>77.617636</ele>
        <time>2026-08-08T14:41:48.384Z</time>
      </trkpt>
      <trkpt lat="50.249327" lon="7.443792">
        <ele>77.487386</ele>
        <time>2026-08-08T14:41:49.360Z</time>
      </trkpt>
      <trkpt lat="50.250779" lon="7.443113">
        <ele>74.596346</ele>
        <time>2026-08-08T14:42:15.955Z</time>
      </trkpt>
      <trkpt lat="50.251551" lon="7.442665">
        <ele>74.448864</ele>
        <time>2026-08-08T14:42:33.107Z</time>
      </trkpt>
      <trkpt lat="50.251614" lon="7.442617">
        <ele>74.436313</ele>
        <time>2026-08-08T14:42:34.636Z</time>
      </trkpt>
      <trkpt lat="50.251771" lon="7.442498">
        <ele>74.405065</ele>
        <time>2026-08-08T14:42:38.520Z</time>
      </trkpt>
      <trkpt lat="50.252331" lon="7.442050">
        <ele>74.318939</ele>
        <time>2026-08-08T14:42:52.470Z</time>
      </trkpt>
      <trkpt lat="50.253001" lon="7.441514">
        <ele>74.499477</ele>
        <time>2026-08-08T14:43:08.144Z</time>
      </trkpt>
      <trkpt lat="50.253301" lon="7.441274">
        <ele>74.580315</ele>
        <time>2026-08-08T14:43:15.409Z</time>
      </trkpt>
      <trkpt lat="50.253885" lon="7.440812">
        <ele>74.736079</ele>
        <time>2026-08-08T14:43:29.697Z</time>
      </trkpt>
      <trkpt lat="50.254284" lon="7.440538">
        <ele>74.778457</ele>
        <time>2026-08-08T14:43:39.104Z</time>
      </trkpt>
      <trkpt lat="50.254939" lon="7.440116">
        <ele>74.847347</ele>
        <time>2026-08-08T14:43:53.911Z</time>
      </trkpt>
      <trkpt lat="50.255366" lon="7.439861">
        <ele>74.891795</ele>
        <time>2026-08-08T14:44:03.876Z</time>
      </trkpt>
      <trkpt lat="50.255853" lon="7.439628">
        <ele>75.191083</ele>
        <time>2026-08-08T14:44:15.226Z</time>
      </trkpt>
      <trkpt lat="50.255942" lon="7.439595">
        <ele>75.271248</ele>
        <time>2026-08-08T14:44:17.278Z</time>
      </trkpt>
      <trkpt lat="50.256310" lon="7.439458">
        <ele>75.602785</ele>
        <time>2026-08-08T14:44:25.888Z</time>
      </trkpt>
      <trkpt lat="50.256820" lon="7.439352">
        <ele>76.053694</ele>
        <time>2026-08-08T14:44:37.880Z</time>
      </trkpt>
      <trkpt lat="50.257351" lon="7.439369">
        <ele>76.501264</ele>
        <time>2026-08-08T14:44:50.515Z</time>
      </trkpt>
      <trkpt lat="50.257704" lon="7.439471">
        <ele>76.643218</ele>
        <time>2026-08-08T14:44:59.008Z</time>
      </trkpt>
      <trkpt lat="50.258551" lon="7.439854">
        <ele>76.991874</ele>
        <time>2026-08-08T14:45:19.307Z</time>
      </trkpt>
      <trkpt lat="50.259525" lon="7.440400">
        <ele>77.011712</ele>
        <time>2026-08-08T14:45:40.053Z</time>
      </trkpt>
      <trkpt lat="50.259847" lon="7.440643">
        <ele>76.882257</ele>
        <time>2026-08-08T14:45:47.640Z</time>
      </trkpt>
      <trkpt lat="50.260537" lon="7.441315">
        <ele>76.587942</ele>
        <time>2026-08-08T14:46:05.304Z</time>
      </trkpt>
      <trkpt lat="50.260548" lon="7.441284">
        <ele>76.579734</ele>
        <time>2026-08-08T14:46:05.837Z</time>
      </trkpt>
      <trkpt lat="50.260631" lon="7.441045">
        <ele>76.604013</ele>
        <time>2026-08-08T14:46:09.595Z</time>
      </trkpt>
      <trkpt lat="50.260639" lon="7.441020">
        <ele>76.616521</ele>
        <time>2026-08-08T14:46:09.949Z</time>
      </trkpt>
      <trkpt lat="50.260720" lon="7.441141">
        <ele>76.694907</ele>
        <time>2026-08-08T14:46:12.960Z</time>
      </trkpt>
      <trkpt lat="50.261178" lon="7.441673">
        <ele>77.094149</ele>
        <time>2026-08-08T14:46:28.941Z</time>
      </trkpt>
      <trkpt lat="50.261788" lon="7.442457">
        <ele>77.646676</ele>
        <time>2026-08-08T14:46:51.006Z</time>
      </trkpt>
      <trkpt lat="50.262158" lon="7.442973">
        <ele>78.400279</ele>
        <time>2026-08-08T14:47:04.873Z</time>
      </trkpt>
      <trkpt lat="50.262506" lon="7.443528">
        <ele>79.499335</ele>
        <time>2026-08-08T14:47:18.862Z</time>
      </trkpt>
      <trkpt lat="50.263518" lon="7.444861">
        <ele>82.216674</ele>
        <time>2026-08-08T14:47:56.732Z</time>
      </trkpt>
      <trkpt lat="50.263830" lon="7.445163">
        <ele>82.764699</ele>
        <time>2026-08-08T14:48:07.150Z</time>
      </trkpt>
      <trkpt lat="50.263992" lon="7.445387">
        <ele>83.087650</ele>
        <time>2026-08-08T14:48:12.172Z</time>
      </trkpt>
      <trkpt lat="50.265502" lon="7.446842">
        <ele>84.930572</ele>
        <time>2026-08-08T14:48:51.091Z</time>
      </trkpt>
      <trkpt lat="50.266734" lon="7.447903">
        <ele>85.631220</ele>
        <time>2026-08-08T14:49:22.038Z</time>
      </trkpt>
      <trkpt lat="50.267487" lon="7.448596">
        <ele>85.984061</ele>
        <time>2026-08-08T14:49:41.369Z</time>
      </trkpt>
      <trkpt lat="50.268583" lon="7.449515">
        <ele>85.092847</ele>
        <time>2026-08-08T14:50:07.267Z</time>
      </trkpt>
      <trkpt lat="50.268978" lon="7.449938">
        <ele>84.424942</ele>
        <time>2026-08-08T14:50:15.734Z</time>
      </trkpt>
      <trkpt lat="50.270236" lon="7.451470">
        <ele>82.094615</ele>
        <time>2026-08-08T14:50:42.407Z</time>
      </trkpt>
      <trkpt lat="50.270941" lon="7.452273">
        <ele>81.212984</ele>
        <time>2026-08-08T14:51:00.187Z</time>
      </trkpt>
      <trkpt lat="50.272122" lon="7.453726">
        <ele>84.173190</ele>
        <time>2026-08-08T14:51:35.441Z</time>
      </trkpt>
      <trkpt lat="50.272209" lon="7.453832">
        <ele>84.390452</ele>
        <time>2026-08-08T14:51:38.148Z</time>
      </trkpt>
      <trkpt lat="50.272411" lon="7.454057">
        <ele>84.980783</ele>
        <time>2026-08-08T14:51:44.344Z</time>
      </trkpt>
      <trkpt lat="50.272428" lon="7.454076">
        <ele>85.033497</ele>
        <time>2026-08-08T14:51:44.855Z</time>
      </trkpt>
      <trkpt lat="50.272957" lon="7.454572">
        <ele>86.589592</ele>
        <time>2026-08-08T14:52:00.241Z</time>
      </trkpt>
      <trkpt lat="50.273334" lon="7.454742">
        <ele>87.579557</ele>
        <time>2026-08-08T14:52:09.808Z</time>
      </trkpt>
      <trkpt lat="50.273676" lon="7.454993">
        <ele>88.532708</ele>
        <time>2026-08-08T14:52:18.773Z</time>
      </trkpt>
      <trkpt lat="50.274642" lon="7.455341">
        <ele>87.823314</ele>
        <time>2026-08-08T14:52:39.543Z</time>
      </trkpt>
      <trkpt lat="50.274962" lon="7.455381">
        <ele>87.319381</ele>
        <time>2026-08-08T14:52:45.080Z</time>
      </trkpt>
      <trkpt lat="50.276805" lon="7.455973">
        <ele>82.512339</ele>
        <time>2026-08-08T14:53:15.413Z</time>
      </trkpt>
      <trkpt lat="50.276998" lon="7.455918">
        <ele>81.898360</ele>
        <time>2026-08-08T14:53:18.695Z</time>
      </trkpt>
      <trkpt lat="50.277158" lon="7.455823">
        <ele>81.362759</ele>
        <time>2026-08-08T14:53:21.553Z</time>
      </trkpt>
      <trkpt lat="50.277396" lon="7.455798">
        <ele>80.616200</ele>
        <time>2026-08-08T14:53:25.520Z</time>
      </trkpt>
      <trkpt lat="50.277678" lon="7.455901">
        <ele>79.974275</ele>
        <time>2026-08-08T14:53:30.386Z</time>
      </trkpt>
      <trkpt lat="50.278011" lon="7.456165">
        <ele>79.152246</ele>
        <time>2026-08-08T14:53:36.749Z</time>
      </trkpt>
      <trkpt lat="50.278235" lon="7.456406">
        <ele>78.553642</ele>
        <time>2026-08-08T14:53:41.469Z</time>
      </trkpt>
      <trkpt lat="50.278520" lon="7.456515">
        <ele>77.907582</ele>
        <time>2026-08-08T14:53:46.538Z</time>
      </trkpt>
      <trkpt lat="50.279389" lon="7.456658">
        <ele>76.516425</ele>
        <time>2026-08-08T14:54:02.093Z</time>
      </trkpt>
      <trkpt lat="50.279708" lon="7.456630">
        <ele>76.383014</ele>
        <time>2026-08-08T14:54:08.157Z</time>
      </trkpt>
      <trkpt lat="50.279994" lon="7.456537">
        <ele>76.261041</ele>
        <time>2026-08-08T14:54:14.196Z</time>
      </trkpt>
      <trkpt lat="50.280182" lon="7.456472">
        <ele>76.180647</ele>
        <time>2026-08-08T14:54:18.397Z</time>
      </trkpt>
      <trkpt lat="50.280612" lon="7.456378">
        <ele>75.999353</ele>
        <time>2026-08-08T14:54:27.935Z</time>
      </trkpt>
      <trkpt lat="50.280860" lon="7.456296">
        <ele>75.893512</ele>
        <time>2026-08-08T14:54:33.463Z</time>
      </trkpt>
      <trkpt lat="50.281194" lon="7.456100">
        <ele>76.190857</ele>
        <time>2026-08-08T14:54:40.945Z</time>
      </trkpt>
      <trkpt lat="50.281408" lon="7.455912">
        <ele>76.402629</ele>
        <time>2026-08-08T14:54:46.214Z</time>
      </trkpt>
      <trkpt lat="50.281460" lon="7.456025">
        <ele>76.479415</ele>
        <time>2026-08-08T14:54:48.241Z</time>
      </trkpt>
      <trkpt lat="50.281510" lon="7.456029">
        <ele>76.522617</ele>
        <time>2026-08-08T14:54:49.419Z</time>
      </trkpt>
      <trkpt lat="50.282054" lon="7.455803">
        <ele>77.008303</ele>
        <time>2026-08-08T14:55:02.673Z</time>
      </trkpt>
      <trkpt lat="50.282226" lon="7.455742">
        <ele>77.160488</ele>
        <time>2026-08-08T14:55:06.755Z</time>
      </trkpt>
      <trkpt lat="50.282435" lon="7.455668">
        <ele>77.345395</ele>
        <time>2026-08-08T14:55:11.684Z</time>
      </trkpt>
      <trkpt lat="50.282493" lon="7.455133">
        <ele>77.763282</ele>
        <time>2026-08-08T14:55:19.742Z</time>
      </trkpt>
      <trkpt lat="50.282706" lon="7.455126">
        <ele>78.054891</ele>
        <time>2026-08-08T14:55:24.627Z</time>
      </trkpt>
      <trkpt lat="50.283016" lon="7.455017">
        <ele>78.489783</ele>
        <time>2026-08-08T14:55:32.141Z</time>
      </trkpt>
      <trkpt lat="50.283340" lon="7.454886">
        <ele>78.947822</ele>
        <time>2026-08-08T14:55:40.179Z</time>
      </trkpt>
      <trkpt lat="50.283426" lon="7.454833">
        <ele>79.074333</ele>
        <time>2026-08-08T14:55:42.335Z</time>
      </trkpt>
      <trkpt lat="50.283875" lon="7.454624">
        <ele>79.715513</ele>
        <time>2026-08-08T14:55:52.743Z</time>
      </trkpt>
      <trkpt lat="50.284226" lon="7.454345">
        <ele>79.591922</ele>
        <time>2026-08-08T14:56:01.311Z</time>
      </trkpt>
      <trkpt lat="50.284287" lon="7.454296">
        <ele>79.508287</ele>
        <time>2026-08-08T14:56:02.773Z</time>
      </trkpt>
      <trkpt lat="50.284603" lon="7.454312">
        <ele>79.122640</ele>
        <time>2026-08-08T14:56:09.090Z</time>
      </trkpt>
      <trkpt lat="50.284863" lon="7.454320">
        <ele>78.805441</ele>
        <time>2026-08-08T14:56:14.046Z</time>
      </trkpt>
      <trkpt lat="50.285043" lon="7.454375">
        <ele>78.581738</ele>
        <time>2026-08-08T14:56:17.379Z</time>
      </trkpt>
      <trkpt lat="50.285413" lon="7.454642">
        <ele>78.084761</ele>
        <time>2026-08-08T14:56:24.184Z</time>
      </trkpt>
      <trkpt lat="50.285564" lon="7.454780">
        <ele>77.871472</ele>
        <time>2026-08-08T14:56:27.061Z</time>
      </trkpt>
      <trkpt lat="50.285692" lon="7.454877">
        <ele>77.699564</ele>
        <time>2026-08-08T14:56:29.512Z</time>
      </trkpt>
      <trkpt lat="50.285726" lon="7.454895">
        <ele>77.661406</ele>
        <time>2026-08-08T14:56:30.136Z</time>
      </trkpt>
      <trkpt lat="50.286616" lon="7.454947">
        <ele>76.714567</ele>
        <time>2026-08-08T14:56:46.364Z</time>
      </trkpt>
      <trkpt lat="50.286727" lon="7.454950">
        <ele>76.596543</ele>
        <time>2026-08-08T14:56:48.517Z</time>
      </trkpt>
      <trkpt lat="50.286826" lon="7.454943">
        <ele>76.491187</ele>
        <time>2026-08-08T14:56:50.422Z</time>
      </trkpt>
      <trkpt lat="50.286913" lon="7.454930">
        <ele>76.398274</ele>
        <time>2026-08-08T14:56:52.261Z</time>
      </trkpt>
      <trkpt lat="50.287186" lon="7.454995">
        <ele>76.104703</ele>
        <time>2026-08-08T14:56:57.813Z</time>
      </trkpt>
      <trkpt lat="50.287703" lon="7.455220">
        <ele>76.005889</ele>
        <time>2026-08-08T14:57:09.129Z</time>
      </trkpt>
      <trkpt lat="50.287898" lon="7.455343">
        <ele>76.182067</ele>
        <time>2026-08-08T14:57:13.860Z</time>
      </trkpt>
      <trkpt lat="50.288207" lon="7.455565">
        <ele>76.466979</ele>
        <time>2026-08-08T14:57:21.604Z</time>
      </trkpt>
      <trkpt lat="50.288659" lon="7.455971">
        <ele>76.903689</ele>
        <time>2026-08-08T14:57:33.391Z</time>
      </trkpt>
      <trkpt lat="50.288856" lon="7.456239">
        <ele>77.122414</ele>
        <time>2026-08-08T14:57:39.117Z</time>
      </trkpt>
      <trkpt lat="50.288899" lon="7.456309">
        <ele>77.174404</ele>
        <time>2026-08-08T14:57:40.554Z</time>
      </trkpt>
      <trkpt lat="50.289291" lon="7.456888">
        <ele>78.102760</ele>
        <time>2026-08-08T14:57:52.505Z</time>
      </trkpt>
      <trkpt lat="50.289932" lon="7.457550">
        <ele>79.702379</ele>
        <time>2026-08-08T14:58:11.080Z</time>
      </trkpt>
      <trkpt lat="50.289998" lon="7.457582">
        <ele>79.846297</ele>
        <time>2026-08-08T14:58:12.708Z</time>
      </trkpt>
      <trkpt lat="50.290076" lon="7.457544">
        <ele>80.016453</ele>
        <time>2026-08-08T14:58:14.652Z</time>
      </trkpt>
      <trkpt lat="50.290208" lon="7.457013">
        <ele>80.774704</ele>
        <time>2026-08-08T14:58:23.208Z</time>
      </trkpt>
      <trkpt lat="50.290254" lon="7.456816">
        <ele>81.051413</ele>
        <time>2026-08-08T14:58:26.377Z</time>
      </trkpt>
      <trkpt lat="50.290315" lon="7.456569">
        <ele>81.013317</ele>
        <time>2026-08-08T14:58:30.359Z</time>
      </trkpt>
      <trkpt lat="50.290422" lon="7.456276">
        <ele>80.964766</ele>
        <time>2026-08-08T14:58:35.542Z</time>
      </trkpt>
      <trkpt lat="50.290487" lon="7.456355">
        <ele>80.946235</ele>
        <time>2026-08-08T14:58:37.472Z</time>
      </trkpt>
      <trkpt lat="50.291147" lon="7.457146">
        <ele>80.759060</ele>
        <time>2026-08-08T14:58:55.289Z</time>
      </trkpt>
      <trkpt lat="50.291559" lon="7.457901">
        <ele>80.440987</ele>
        <time>2026-08-08T14:59:05.417Z</time>
      </trkpt>
      <trkpt lat="50.291609" lon="7.458081">
        <ele>80.250129</ele>
        <time>2026-08-08T14:59:07.487Z</time>
      </trkpt>
      <trkpt lat="50.291612" lon="7.458188">
        <ele>80.145984</ele>
        <time>2026-08-08T14:59:08.656Z</time>
      </trkpt>
      <trkpt lat="50.291529" lon="7.458620">
        <ele>79.707328</ele>
        <time>2026-08-08T14:59:13.645Z</time>
      </trkpt>
      <trkpt lat="50.291561" lon="7.458975">
        <ele>79.358712</ele>
        <time>2026-08-08T14:59:17.769Z</time>
      </trkpt>
      <trkpt lat="50.291628" lon="7.459199">
        <ele>79.118208</ele>
        <time>2026-08-08T14:59:20.668Z</time>
      </trkpt>
      <trkpt lat="50.291800" lon="7.459471">
        <ele>78.746071</ele>
        <time>2026-08-08T14:59:25.318Z</time>
      </trkpt>
      <trkpt lat="50.291933" lon="7.459603">
        <ele>78.506379</ele>
        <time>2026-08-08T14:59:28.387Z</time>
      </trkpt>
      <trkpt lat="50.292362" lon="7.460054">
        <ele>77.771676</ele>
        <time>2026-08-08T14:59:39.493Z</time>
      </trkpt>
      <trkpt lat="50.293214" lon="7.460597">
        <ele>76.755096</ele>
        <time>2026-08-08T14:59:57.602Z</time>
      </trkpt>
      <trkpt lat="50.293260" lon="7.460694">
        <ele>76.669810</ele>
        <time>2026-08-08T14:59:58.977Z</time>
      </trkpt>
      <trkpt lat="50.293296" lon="7.460962">
        <ele>76.476467</ele>
        <time>2026-08-08T15:00:02.129Z</time>
      </trkpt>
      <trkpt lat="50.293570" lon="7.461323">
        <ele>76.080694</ele>
        <time>2026-08-08T15:00:08.507Z</time>
      </trkpt>
      <trkpt lat="50.293639" lon="7.461370">
        <ele>75.997536</ele>
        <time>2026-08-08T15:00:09.779Z</time>
      </trkpt>
      <trkpt lat="50.294644" lon="7.461618">
        <ele>75.476026</ele>
        <time>2026-08-08T15:00:28.246Z</time>
      </trkpt>
      <trkpt lat="50.294777" lon="7.461607">
        <ele>75.413486</ele>
        <time>2026-08-08T15:00:31.172Z</time>
      </trkpt>
      <trkpt lat="50.294867" lon="7.461578">
        <ele>75.370338</ele>
        <time>2026-08-08T15:00:33.207Z</time>
      </trkpt>
      <trkpt lat="50.295537" lon="7.461397">
        <ele>75.127860</ele>
        <time>2026-08-08T15:00:48.377Z</time>
      </trkpt>
      <trkpt lat="50.296354" lon="7.461272">
        <ele>75.890838</ele>
        <time>2026-08-08T15:01:07.129Z</time>
      </trkpt>
      <trkpt lat="50.296513" lon="7.461243">
        <ele>76.039620</ele>
        <time>2026-08-08T15:01:10.757Z</time>
      </trkpt>
      <trkpt lat="50.297321" lon="7.460907">
        <ele>76.819671</ele>
        <time>2026-08-08T15:01:29.081Z</time>
      </trkpt>
      <trkpt lat="50.298161" lon="7.460696">
        <ele>77.645371</ele>
        <time>2026-08-08T15:01:48.060Z</time>
      </trkpt>
      <trkpt lat="50.298311" lon="7.460647">
        <ele>77.794091</ele>
        <time>2026-08-08T15:01:51.540Z</time>
      </trkpt>
      <trkpt lat="50.298594" lon="7.460485">
        <ele>78.086548</ele>
        <time>2026-08-08T15:01:58.364Z</time>
      </trkpt>
      <trkpt lat="50.299847" lon="7.460205">
        <ele>78.882995</ele>
        <time>2026-08-08T15:02:27.158Z</time>
      </trkpt>
      <trkpt lat="50.300272" lon="7.460107">
        <ele>79.080469</ele>
        <time>2026-08-08T15:02:36.553Z</time>
      </trkpt>
      <trkpt lat="50.300423" lon="7.460074">
        <ele>79.150555</ele>
        <time>2026-08-08T15:02:39.780Z</time>
      </trkpt>
      <trkpt lat="50.300566" lon="7.460048">
        <ele>79.216732</ele>
        <time>2026-08-08T15:02:42.718Z</time>
      </trkpt>
      <trkpt lat="50.301045" lon="7.460050">
        <ele>79.050885</ele>
        <time>2026-08-08T15:02:51.931Z</time>
      </trkpt>
      <trkpt lat="50.301369" lon="7.460009">
        <ele>78.702286</ele>
        <time>2026-08-08T15:02:58.165Z</time>
      </trkpt>
      <trkpt lat="50.302216" lon="7.459863">
        <ele>77.788454</ele>
        <time>2026-08-08T15:03:14.537Z</time>
      </trkpt>
      <trkpt lat="50.303029" lon="7.459796">
        <ele>77.025592</ele>
        <time>2026-08-08T15:03:29.780Z</time>
      </trkpt>
      <trkpt lat="50.303665" lon="7.459754">
        <ele>76.500735</ele>
        <time>2026-08-08T15:03:42.080Z</time>
      </trkpt>
      <trkpt lat="50.303841" lon="7.459756">
        <ele>76.355617</ele>
        <time>2026-08-08T15:03:45.664Z</time>
      </trkpt>
      <trkpt lat="50.303914" lon="7.459763">
        <ele>76.295315</ele>
        <time>2026-08-08T15:03:47.171Z</time>
      </trkpt>
      <trkpt lat="50.304147" lon="7.459796">
        <ele>76.102419</ele>
        <time>2026-08-08T15:03:52.007Z</time>
      </trkpt>
      <trkpt lat="50.305018" lon="7.459926">
        <ele>75.494935</ele>
        <time>2026-08-08T15:04:09.802Z</time>
      </trkpt>
      <trkpt lat="50.306842" lon="7.460104">
        <ele>74.186065</ele>
        <time>2026-08-08T15:04:45.837Z</time>
      </trkpt>
      <trkpt lat="50.307599" lon="7.460164">
        <ele>73.552064</ele>
        <time>2026-08-08T15:05:00.357Z</time>
      </trkpt>
      <trkpt lat="50.307874" lon="7.460195">
        <ele>73.321446</ele>
        <time>2026-08-08T15:05:05.877Z</time>
      </trkpt>
      <trkpt lat="50.308296" lon="7.460269">
        <ele>73.264820</ele>
        <time>2026-08-08T15:05:14.461Z</time>
      </trkpt>
      <trkpt lat="50.308269" lon="7.460025">
        <ele>73.275985</ele>
        <time>2026-08-08T15:05:17.693Z</time>
      </trkpt>
      <trkpt lat="50.308834" lon="7.460117">
        <ele>73.316088</ele>
        <time>2026-08-08T15:05:33.306Z</time>
      </trkpt>
      <trkpt lat="50.309227" lon="7.460192">
        <ele>73.344038</ele>
        <time>2026-08-08T15:05:44.357Z</time>
      </trkpt>
      <trkpt lat="50.309405" lon="7.460203">
        <ele>73.356614</ele>
        <time>2026-08-08T15:05:49.331Z</time>
      </trkpt>
      <trkpt lat="50.309557" lon="7.460233">
        <ele>73.367430</ele>
        <time>2026-08-08T15:05:53.565Z</time>
      </trkpt>
      <trkpt lat="50.309619" lon="7.460191">
        <ele>73.404102</ele>
        <time>2026-08-08T15:05:55.452Z</time>
      </trkpt>
      <trkpt lat="50.309979" lon="7.459954">
        <ele>73.673507</ele>
        <time>2026-08-08T15:06:06.338Z</time>
      </trkpt>
      <trkpt lat="50.310077" lon="7.459961">
        <ele>73.741183</ele>
        <time>2026-08-08T15:06:09.089Z</time>
      </trkpt>
      <trkpt lat="50.310318" lon="7.459952">
        <ele>73.907486</ele>
        <time>2026-08-08T15:06:15.851Z</time>
      </trkpt>
      <trkpt lat="50.310465" lon="7.459905">
        <ele>74.010987</ele>
        <time>2026-08-08T15:06:20.069Z</time>
      </trkpt>
      <trkpt lat="50.310499" lon="7.459890">
        <ele>74.035355</ele>
        <time>2026-08-08T15:06:21.052Z</time>
      </trkpt>
      <trkpt lat="50.310958" lon="7.459718">
        <ele>74.360939</ele>
        <time>2026-08-08T15:06:34.251Z</time>
      </trkpt>
      <trkpt lat="50.311155" lon="7.459723">
        <ele>74.496859</ele>
        <time>2026-08-08T15:06:39.712Z</time>
      </trkpt>
      <trkpt lat="50.311270" lon="7.459757">
        <ele>74.577594</ele>
        <time>2026-08-08T15:06:42.959Z</time>
      </trkpt>
      <trkpt lat="50.311510" lon="7.459829">
        <ele>74.547291</ele>
        <time>2026-08-08T15:06:49.779Z</time>
      </trkpt>
      <trkpt lat="50.311778" lon="7.459933">
        <ele>74.460865</ele>
        <time>2026-08-08T15:06:57.462Z</time>
      </trkpt>
      <trkpt lat="50.311844" lon="7.459960">
        <ele>74.439512</ele>
        <time>2026-08-08T15:06:59.350Z</time>
      </trkpt>
      <trkpt lat="50.312177" lon="7.460109">
        <ele>74.331106</ele>
        <time>2026-08-08T15:07:08.766Z</time>
      </trkpt>
      <trkpt lat="50.312238" lon="7.460138">
        <ele>74.311151</ele>
        <time>2026-08-08T15:07:10.504Z</time>
      </trkpt>
      <trkpt lat="50.312474" lon="7.460292">
        <ele>74.231122</ele>
        <time>2026-08-08T15:07:17.375Z</time>
      </trkpt>
      <trkpt lat="50.312788" lon="7.460570">
        <ele>74.118213</ele>
        <time>2026-08-08T15:07:26.831Z</time>
      </trkpt>
      <trkpt lat="50.312974" lon="7.460733">
        <ele>74.051495</ele>
        <time>2026-08-08T15:07:32.392Z</time>
      </trkpt>
      <trkpt lat="50.313184" lon="7.460929">
        <ele>73.878327</ele>
        <time>2026-08-08T15:07:38.900Z</time>
      </trkpt>
      <trkpt lat="50.313248" lon="7.460989">
        <ele>73.823368</ele>
        <time>2026-08-08T15:07:40.455Z</time>
      </trkpt>
      <trkpt lat="50.313268" lon="7.461008">
        <ele>73.806133</ele>
        <time>2026-08-08T15:07:41.092Z</time>
      </trkpt>
      <trkpt lat="50.313243" lon="7.461080">
        <ele>73.767573</ele>
        <time>2026-08-08T15:07:42.479Z</time>
      </trkpt>
      <trkpt lat="50.313514" lon="7.461348">
        <ele>73.531424</ele>
        <time>2026-08-08T15:07:48.771Z</time>
      </trkpt>
      <trkpt lat="50.313726" lon="7.461433">
        <ele>73.370189</ele>
        <time>2026-08-08T15:07:53.043Z</time>
      </trkpt>
      <trkpt lat="50.314323" lon="7.461820">
        <ele>72.894135</ele>
        <time>2026-08-08T15:08:05.934Z</time>
      </trkpt>
      <trkpt lat="50.314801" lon="7.462199">
        <ele>72.705562</ele>
        <time>2026-08-08T15:08:16.576Z</time>
      </trkpt>
      <trkpt lat="50.315062" lon="7.462452">
        <ele>72.689658</ele>
        <time>2026-08-08T15:08:22.658Z</time>
      </trkpt>
      <trkpt lat="50.315510" lon="7.462963">
        <ele>72.660942</ele>
        <time>2026-08-08T15:08:33.834Z</time>
      </trkpt>
      <trkpt lat="50.315904" lon="7.463557">
        <ele>72.632605</ele>
        <time>2026-08-08T15:08:45.776Z</time>
      </trkpt>
      <trkpt lat="50.316208" lon="7.464014">
        <ele>73.274515</ele>
        <time>2026-08-08T15:08:55.403Z</time>
      </trkpt>
      <trkpt lat="50.317273" lon="7.466062">
        <ele>76.254482</ele>
        <time>2026-08-08T15:09:35.464Z</time>
      </trkpt>
      <trkpt lat="50.318046" lon="7.467383">
        <ele>76.890914</ele>
        <time>2026-08-08T15:10:00.679Z</time>
      </trkpt>
      <trkpt lat="50.318822" lon="7.468709">
        <ele>76.638449</ele>
        <time>2026-08-08T15:10:23.073Z</time>
      </trkpt>
      <trkpt lat="50.319486" lon="7.470016">
        <ele>75.899833</ele>
        <time>2026-08-08T15:10:44.015Z</time>
      </trkpt>
      <trkpt lat="50.319920" lon="7.470976">
        <ele>76.092761</ele>
        <time>2026-08-08T15:10:59.994Z</time>
      </trkpt>
      <trkpt lat="50.321099" lon="7.474088">
        <ele>75.975508</ele>
        <time>2026-08-08T15:11:51.022Z</time>
      </trkpt>
      <trkpt lat="50.321419" lon="7.475071">
        <ele>75.484725</ele>
        <time>2026-08-08T15:12:03.273Z</time>
      </trkpt>
      <trkpt lat="50.321717" lon="7.476339">
        <ele>73.732179</ele>
        <time>2026-08-08T15:12:17.482Z</time>
      </trkpt>
      <trkpt lat="50.321822" lon="7.476945">
        <ele>72.917738</ele>
        <time>2026-08-08T15:12:24.499Z</time>
      </trkpt>
      <trkpt lat="50.321913" lon="7.477663">
        <ele>72.110998</ele>
        <time>2026-08-08T15:12:33.544Z</time>
      </trkpt>
      <trkpt lat="50.321920" lon="7.477802">
        <ele>72.083995</ele>
        <time>2026-08-08T15:12:35.979Z</time>
      </trkpt>
      <trkpt lat="50.321963" lon="7.478644">
        <ele>71.920408</ele>
        <time>2026-08-08T15:12:50.836Z</time>
      </trkpt>
      <trkpt lat="50.321907" lon="7.479563">
        <ele>71.741620</ele>
        <time>2026-08-08T15:13:07.172Z</time>
      </trkpt>
      <trkpt lat="50.321764" lon="7.481524">
        <ele>71.190851</ele>
        <time>2026-08-08T15:13:41.079Z</time>
      </trkpt>
      <trkpt lat="50.321532" lon="7.483265">
        <ele>70.670433</ele>
        <time>2026-08-08T15:14:11.611Z</time>
      </trkpt>
      <trkpt lat="50.321344" lon="7.484346">
        <ele>70.839745</ele>
        <time>2026-08-08T15:14:31.255Z</time>
      </trkpt>
      <trkpt lat="50.321063" lon="7.485591">
        <ele>71.039299</ele>
        <time>2026-08-08T15:14:54.738Z</time>
      </trkpt>
      <trkpt lat="50.320611" lon="7.487348">
        <ele>71.945526</ele>
        <time>2026-08-08T15:15:28.640Z</time>
      </trkpt>
      <trkpt lat="50.320368" lon="7.488136">
        <ele>72.402099</ele>
        <time>2026-08-08T15:15:44.099Z</time>
      </trkpt>
      <trkpt lat="50.320225" lon="7.488520">
        <ele>72.675202</ele>
        <time>2026-08-08T15:15:52.003Z</time>
      </trkpt>
      <trkpt lat="50.320160" lon="7.488683">
        <ele>72.820576</ele>
        <time>2026-08-08T15:15:54.744Z</time>
      </trkpt>
      <trkpt lat="50.319924" lon="7.489276">
        <ele>73.349156</ele>
        <time>2026-08-08T15:16:04.989Z</time>
      </trkpt>
      <trkpt lat="50.319739" lon="7.489671">
        <ele>73.719723</ele>
        <time>2026-08-08T15:16:12.046Z</time>
      </trkpt>
      <trkpt lat="50.319270" lon="7.490499">
        <ele>74.557013</ele>
        <time>2026-08-08T15:16:28.214Z</time>
      </trkpt>
      <trkpt lat="50.319036" lon="7.490855">
        <ele>74.525460</ele>
        <time>2026-08-08T15:16:35.848Z</time>
      </trkpt>
      <trkpt lat="50.318652" lon="7.491387">
        <ele>74.192629</ele>
        <time>2026-08-08T15:16:47.494Z</time>
      </trkpt>
      <trkpt lat="50.316706" lon="7.493703">
        <ele>69.573563</ele>
        <time>2026-08-08T15:17:29.945Z</time>
      </trkpt>
      <trkpt lat="50.315796" lon="7.495006">
        <ele>67.423740</ele>
        <time>2026-08-08T15:17:48.778Z</time>
      </trkpt>
      <trkpt lat="50.315089" lon="7.496219">
        <ele>66.383833</ele>
        <time>2026-08-08T15:18:12.906Z</time>
      </trkpt>
      <trkpt lat="50.313053" lon="7.499920">
        <ele>71.686552</ele>
        <time>2026-08-08T15:19:25.429Z</time>
      </trkpt>
      <trkpt lat="50.312870" lon="7.500252">
        <ele>72.124066</ele>
        <time>2026-08-08T15:19:31.885Z</time>
      </trkpt>
      <trkpt lat="50.312369" lon="7.501279">
        <ele>72.194580</ele>
        <time>2026-08-08T15:19:49.579Z</time>
      </trkpt>
      <trkpt lat="50.311886" lon="7.502384">
        <ele>72.037613</ele>
        <time>2026-08-08T15:20:06.244Z</time>
      </trkpt>
      <trkpt lat="50.311499" lon="7.503393">
        <ele>72.925932</ele>
        <time>2026-08-08T15:20:21.558Z</time>
      </trkpt>
      <trkpt lat="50.311461" lon="7.504373">
        <ele>74.081884</ele>
        <time>2026-08-08T15:20:36.481Z</time>
      </trkpt>
      <trkpt lat="50.311439" lon="7.504490">
        <ele>74.225484</ele>
        <time>2026-08-08T15:20:38.383Z</time>
      </trkpt>
      <trkpt lat="50.311424" lon="7.504576">
        <ele>74.330447</ele>
        <time>2026-08-08T15:20:39.789Z</time>
      </trkpt>
      <trkpt lat="50.311390" lon="7.504900">
        <ele>74.717032</ele>
        <time>2026-08-08T15:20:44.987Z</time>
      </trkpt>
      <trkpt lat="50.311410" lon="7.505085">
        <ele>74.937946</ele>
        <time>2026-08-08T15:20:47.950Z</time>
      </trkpt>
      <trkpt lat="50.311477" lon="7.505334">
        <ele>75.256072</ele>
        <time>2026-08-08T15:20:52.229Z</time>
      </trkpt>
      <trkpt lat="50.311517" lon="7.505718">
        <ele>75.599573</ele>
        <time>2026-08-08T15:20:58.295Z</time>
      </trkpt>
      <trkpt lat="50.311559" lon="7.506265">
        <ele>76.064951</ele>
        <time>2026-08-08T15:21:06.695Z</time>
      </trkpt>
      <trkpt lat="50.311338" lon="7.508044">
        <ele>77.595843</ele>
        <time>2026-08-08T15:21:32.357Z</time>
      </trkpt>
      <trkpt lat="50.311293" lon="7.508458">
        <ele>77.689021</ele>
        <time>2026-08-08T15:21:37.904Z</time>
      </trkpt>
      <trkpt lat="50.311261" lon="7.509117">
        <ele>77.691813</ele>
        <time>2026-08-08T15:21:46.520Z</time>
      </trkpt>
      <trkpt lat="50.311273" lon="7.509649">
        <ele>77.694061</ele>
        <time>2026-08-08T15:21:53.473Z</time>
      </trkpt>
      <trkpt lat="50.311338" lon="7.510296">
        <ele>77.696827</ele>
        <time>2026-08-08T15:22:02.271Z</time>
      </trkpt>
      <trkpt lat="50.311397" lon="7.510809">
        <ele>77.699029</ele>
        <time>2026-08-08T15:22:09.395Z</time>
      </trkpt>
      <trkpt lat="50.311455" lon="7.511075">
        <ele>77.737199</ele>
        <time>2026-08-08T15:22:13.260Z</time>
      </trkpt>
      <trkpt lat="50.311586" lon="7.511618">
        <ele>77.887443</ele>
        <time>2026-08-08T15:22:21.278Z</time>
      </trkpt>
      <trkpt lat="50.311611" lon="7.511706">
        <ele>77.912373</ele>
        <time>2026-08-08T15:22:22.594Z</time>
      </trkpt>
      <trkpt lat="50.311836" lon="7.512444">
        <ele>78.124047</ele>
        <time>2026-08-08T15:22:33.929Z</time>
      </trkpt>
      <trkpt lat="50.311887" lon="7.512654">
        <ele>78.182200</ele>
        <time>2026-08-08T15:22:37.189Z</time>
      </trkpt>
      <trkpt lat="50.312149" lon="7.513803">
        <ele>78.592107</ele>
        <time>2026-08-08T15:22:54.314Z</time>
      </trkpt>
      <trkpt lat="50.312256" lon="7.514272">
        <ele>78.895888</ele>
        <time>2026-08-08T15:23:01.386Z</time>
      </trkpt>
      <trkpt lat="50.312603" lon="7.515716">
        <ele>79.836967</ele>
        <time>2026-08-08T15:23:23.725Z</time>
      </trkpt>
      <trkpt lat="50.312631" lon="7.515793">
        <ele>79.891014</ele>
        <time>2026-08-08T15:23:25.006Z</time>
      </trkpt>
      <trkpt lat="50.312902" lon="7.516516">
        <ele>80.023417</ele>
        <time>2026-08-08T15:23:40.001Z</time>
      </trkpt>
      <trkpt lat="50.312920" lon="7.516563">
        <ele>80.007319</ele>
        <time>2026-08-08T15:23:40.782Z</time>
      </trkpt>
      <trkpt lat="50.312942" lon="7.516610">
        <ele>79.990202</ele>
        <time>2026-08-08T15:23:41.619Z</time>
      </trkpt>
      <trkpt lat="50.313287" lon="7.517366">
        <ele>79.717261</ele>
        <time>2026-08-08T15:23:58.155Z</time>
      </trkpt>
      <trkpt lat="50.313329" lon="7.517446">
        <ele>79.686841</ele>
        <time>2026-08-08T15:23:59.982Z</time>
      </trkpt>
      <trkpt lat="50.313668" lon="7.518080">
        <ele>79.443950</ele>
        <time>2026-08-08T15:24:13.891Z</time>
      </trkpt>
      <trkpt lat="50.313864" lon="7.518535">
        <ele>78.968217</ele>
        <time>2026-08-08T15:24:22.340Z</time>
      </trkpt>
      <trkpt lat="50.313792" lon="7.518768">
        <ele>78.237396</ele>
        <time>2026-08-08T15:24:26.117Z</time>
      </trkpt>
      <trkpt lat="50.313694" lon="7.518985">
        <ele>77.486990</ele>
        <time>2026-08-08T15:24:29.799Z</time>
      </trkpt>
      <trkpt lat="50.313463" lon="7.519328">
        <ele>76.079528</ele>
        <time>2026-08-08T15:24:36.375Z</time>
      </trkpt>
      <trkpt lat="50.313208" lon="7.519716">
        <ele>74.507524</ele>
        <time>2026-08-08T15:24:43.630Z</time>
      </trkpt>
      <trkpt lat="50.313021" lon="7.519897">
        <ele>73.535548</ele>
        <time>2026-08-08T15:24:48.060Z</time>
      </trkpt>
      <trkpt lat="50.312998" lon="7.519941">
        <ele>73.375005</ele>
        <time>2026-08-08T15:24:48.811Z</time>
      </trkpt>
      <trkpt lat="50.312905" lon="7.520112">
        <ele>72.740833</ele>
        <time>2026-08-08T15:24:51.737Z</time>
      </trkpt>
      <trkpt lat="50.312752" lon="7.520386">
        <ele>71.713170</ele>
        <time>2026-08-08T15:24:56.597Z</time>
      </trkpt>
      <trkpt lat="50.312723" lon="7.520439">
        <ele>71.516110</ele>
        <time>2026-08-08T15:24:57.522Z</time>
      </trkpt>
      <trkpt lat="50.313029" lon="7.520841">
        <ele>70.991685</ele>
        <time>2026-08-08T15:25:03.755Z</time>
      </trkpt>
      <trkpt lat="50.313077" lon="7.520908">
        <ele>70.925710</ele>
        <time>2026-08-08T15:25:04.795Z</time>
      </trkpt>
      <trkpt lat="50.313118" lon="7.520962">
        <ele>70.870741</ele>
        <time>2026-08-08T15:25:05.676Z</time>
      </trkpt>
      <trkpt lat="50.313164" lon="7.521022">
        <ele>70.809315</ele>
        <time>2026-08-08T15:25:06.649Z</time>
      </trkpt>
      <trkpt lat="50.313237" lon="7.521125">
        <ele>70.708496</ele>
        <time>2026-08-08T15:25:08.322Z</time>
      </trkpt>
      <trkpt lat="50.313247" lon="7.521176">
        <ele>70.673540</ele>
        <time>2026-08-08T15:25:08.884Z</time>
      </trkpt>
      <trkpt lat="50.313350" lon="7.521181">
        <ele>70.567807</ele>
        <time>2026-08-08T15:25:10.707Z</time>
      </trkpt>
      <trkpt lat="50.313549" lon="7.521267">
        <ele>70.355993</ele>
        <time>2026-08-08T15:25:14.696Z</time>
      </trkpt>
      <trkpt lat="50.313567" lon="7.521420">
        <ele>70.254059</ele>
        <time>2026-08-08T15:25:17.419Z</time>
      </trkpt>
      <trkpt lat="50.313601" lon="7.521486">
        <ele>70.198497</ele>
        <time>2026-08-08T15:25:18.928Z</time>
      </trkpt>
      <trkpt lat="50.314123" lon="7.521981">
        <ele>69.572361</ele>
        <time>2026-08-08T15:25:36.088Z</time>
      </trkpt>
      <trkpt lat="50.314479" lon="7.522252">
        <ele>70.184533</ele>
        <time>2026-08-08T15:25:47.306Z</time>
      </trkpt>
      <trkpt lat="50.314870" lon="7.522472">
        <ele>70.980430</ele>
        <time>2026-08-08T15:25:59.116Z</time>
      </trkpt>
      <trkpt lat="50.315069" lon="7.522578">
        <ele>71.383093</ele>
        <time>2026-08-08T15:26:05.078Z</time>
      </trkpt>
      <trkpt lat="50.315268" lon="7.522682">
        <ele>71.784974</ele>
        <time>2026-08-08T15:26:11.030Z</time>
      </trkpt>
      <trkpt lat="50.315350" lon="7.522605">
        <ele>71.968132</ele>
        <time>2026-08-08T15:26:13.721Z</time>
      </trkpt>
      <trkpt lat="50.315531" lon="7.522642">
        <ele>72.317805</ele>
        <time>2026-08-08T15:26:18.868Z</time>
      </trkpt>
      <trkpt lat="50.315764" lon="7.522752">
        <ele>72.783991</ele>
        <time>2026-08-08T15:26:25.709Z</time>
      </trkpt>
      <trkpt lat="50.316277" lon="7.523164">
        <ele>73.174489</ele>
        <time>2026-08-08T15:26:41.813Z</time>
      </trkpt>
      <trkpt lat="50.316440" lon="7.523317">
        <ele>73.256478</ele>
        <time>2026-08-08T15:26:46.998Z</time>
      </trkpt>
      <trkpt lat="50.316894" lon="7.523779">
        <ele>73.490071</ele>
        <time>2026-08-08T15:27:01.782Z</time>
      </trkpt>
      <trkpt lat="50.317611" lon="7.524287">
        <ele>73.795380</ele>
        <time>2026-08-08T15:27:23.734Z</time>
      </trkpt>
      <trkpt lat="50.318042" lon="7.524599">
        <ele>73.919322</ele>
        <time>2026-08-08T15:27:34.777Z</time>
      </trkpt>
      <trkpt lat="50.319138" lon="7.525427">
        <ele>74.182522</ele>
        <time>2026-08-08T15:28:00.704Z</time>
      </trkpt>
      <trkpt lat="50.319541" lon="7.525942">
        <ele>74.016497</ele>
        <time>2026-08-08T15:28:10.813Z</time>
      </trkpt>
      <trkpt lat="50.319837" lon="7.526199">
        <ele>73.908467</ele>
        <time>2026-08-08T15:28:17.496Z</time>
      </trkpt>
      <trkpt lat="50.320133" lon="7.526611">
        <ele>73.782064</ele>
        <time>2026-08-08T15:28:25.388Z</time>
      </trkpt>
      <trkpt lat="50.320466" lon="7.527010">
        <ele>73.648233</ele>
        <time>2026-08-08T15:28:34.284Z</time>
      </trkpt>
      <trkpt lat="50.320807" lon="7.527517">
        <ele>73.703374</ele>
        <time>2026-08-08T15:28:44.725Z</time>
      </trkpt>
      <trkpt lat="50.321134" lon="7.527945">
        <ele>73.766467</ele>
        <time>2026-08-08T15:28:54.212Z</time>
      </trkpt>
      <trkpt lat="50.321331" lon="7.528353">
        <ele>73.814822</ele>
        <time>2026-08-08T15:29:01.426Z</time>
      </trkpt>
      <trkpt lat="50.321658" lon="7.529200">
        <ele>73.870228</ele>
        <time>2026-08-08T15:29:14.500Z</time>
      </trkpt>
      <trkpt lat="50.321743" lon="7.529647">
        <ele>73.465142</ele>
        <time>2026-08-08T15:29:20.288Z</time>
      </trkpt>
      <trkpt lat="50.322256" lon="7.530993">
        <ele>72.103663</ele>
        <time>2026-08-08T15:29:37.701Z</time>
      </trkpt>
      <trkpt lat="50.322533" lon="7.531766">
        <ele>71.500247</ele>
        <time>2026-08-08T15:29:48.436Z</time>
      </trkpt>
      <trkpt lat="50.322745" lon="7.532236">
        <ele>71.670691</ele>
        <time>2026-08-08T15:29:55.965Z</time>
      </trkpt>
      <trkpt lat="50.322833" lon="7.532431">
        <ele>71.741418</ele>
        <time>2026-08-08T15:29:59.225Z</time>
      </trkpt>
      <trkpt lat="50.323659" lon="7.534516">
        <ele>72.265926</ele>
        <time>2026-08-08T15:30:34.689Z</time>
      </trkpt>
      <trkpt lat="50.323897" lon="7.535249">
        <ele>72.229380</ele>
        <time>2026-08-08T15:30:46.075Z</time>
      </trkpt>
      <trkpt lat="50.324002" lon="7.535657">
        <ele>72.209831</ele>
        <time>2026-08-08T15:30:51.963Z</time>
      </trkpt>
      <trkpt lat="50.324240" lon="7.536880">
        <ele>71.863999</ele>
        <time>2026-08-08T15:31:07.763Z</time>
      </trkpt>
      <trkpt lat="50.324313" lon="7.537424">
        <ele>71.333083</ele>
        <time>2026-08-08T15:31:14.116Z</time>
      </trkpt>
      <trkpt lat="50.324406" lon="7.538457">
        <ele>70.336728</ele>
        <time>2026-08-08T15:31:25.827Z</time>
      </trkpt>
      <trkpt lat="50.324432" lon="7.539413">
        <ele>69.447636</ele>
        <time>2026-08-08T15:31:37.060Z</time>
      </trkpt>
      <trkpt lat="50.324434" lon="7.540710">
        <ele>68.781973</ele>
        <time>2026-08-08T15:31:53.699Z</time>
      </trkpt>
      <trkpt lat="50.324390" lon="7.541133">
        <ele>68.562014</ele>
        <time>2026-08-08T15:31:59.427Z</time>
      </trkpt>
      <trkpt lat="50.324372" lon="7.541735">
        <ele>68.252710</ele>
        <time>2026-08-08T15:32:07.380Z</time>
      </trkpt>
      <trkpt lat="50.324381" lon="7.541962">
        <ele>68.135982</ele>
        <time>2026-08-08T15:32:10.162Z</time>
      </trkpt>
      <trkpt lat="50.324401" lon="7.542465">
        <ele>67.876994</ele>
        <time>2026-08-08T15:32:15.915Z</time>
      </trkpt>
      <trkpt lat="50.324468" lon="7.542801">
        <ele>67.695942</ele>
        <time>2026-08-08T15:32:19.857Z</time>
      </trkpt>
      <trkpt lat="50.324576" lon="7.543221">
        <ele>67.463054</ele>
        <time>2026-08-08T15:32:25.016Z</time>
      </trkpt>
      <trkpt lat="50.324404" lon="7.543092">
        <ele>67.309420</ele>
        <time>2026-08-08T15:32:29.749Z</time>
      </trkpt>
      <trkpt lat="50.324243" lon="7.543060">
        <ele>67.178674</ele>
        <time>2026-08-08T15:32:33.929Z</time>
      </trkpt>
      <trkpt lat="50.324351" lon="7.543739">
        <ele>66.818758</ele>
        <time>2026-08-08T15:32:43.267Z</time>
      </trkpt>
      <trkpt lat="50.324635" lon="7.544698">
        <ele>67.257348</ele>
        <time>2026-08-08T15:32:58.590Z</time>
      </trkpt>
      <trkpt lat="50.325070" lon="7.545819">
        <ele>68.745285</ele>
        <time>2026-08-08T15:33:19.007Z</time>
      </trkpt>
      <trkpt lat="50.325467" lon="7.546488">
        <ele>69.779553</ele>
        <time>2026-08-08T15:33:33.189Z</time>
      </trkpt>
      <trkpt lat="50.326397" lon="7.547621">
        <ele>71.035302</ele>
        <time>2026-08-08T15:34:01.023Z</time>
      </trkpt>
      <trkpt lat="50.326387" lon="7.547819">
        <ele>71.170451</ele>
        <time>2026-08-08T15:34:03.815Z</time>
      </trkpt>
      <trkpt lat="50.326436" lon="7.548185">
        <ele>71.424911</ele>
        <time>2026-08-08T15:34:09.026Z</time>
      </trkpt>
      <trkpt lat="50.326511" lon="7.548503">
        <ele>71.655586</ele>
        <time>2026-08-08T15:34:13.607Z</time>
      </trkpt>
      <trkpt lat="50.326655" lon="7.548948">
        <ele>71.583922</ele>
        <time>2026-08-08T15:34:20.144Z</time>
      </trkpt>
      <trkpt lat="50.326944" lon="7.549608">
        <ele>71.384685</ele>
        <time>2026-08-08T15:34:30.247Z</time>
      </trkpt>
      <trkpt lat="50.327154" lon="7.550187">
        <ele>71.218909</ele>
        <time>2026-08-08T15:34:38.635Z</time>
      </trkpt>
      <trkpt lat="50.327254" lon="7.550826">
        <ele>71.055126</ele>
        <time>2026-08-08T15:34:47.086Z</time>
      </trkpt>
      <trkpt lat="50.327260" lon="7.551106">
        <ele>71.002793</ele>
        <time>2026-08-08T15:34:50.795Z</time>
      </trkpt>
      <trkpt lat="50.327333" lon="7.551332">
        <ele>71.090242</ele>
        <time>2026-08-08T15:34:54.196Z</time>
      </trkpt>
      <trkpt lat="50.327673" lon="7.552190">
        <ele>71.438908</ele>
        <time>2026-08-08T15:35:08.303Z</time>
      </trkpt>
      <trkpt lat="50.328056" lon="7.552833">
        <ele>71.742537</ele>
        <time>2026-08-08T15:35:20.934Z</time>
      </trkpt>
      <trkpt lat="50.328202" lon="7.553013">
        <ele>71.843021</ele>
        <time>2026-08-08T15:35:25.141Z</time>
      </trkpt>
      <trkpt lat="50.328658" lon="7.553598">
        <ele>71.418131</ele>
        <time>2026-08-08T15:35:38.313Z</time>
      </trkpt>
      <trkpt lat="50.328997" lon="7.553935">
        <ele>70.812900</ele>
        <time>2026-08-08T15:35:46.674Z</time>
      </trkpt>
      <trkpt lat="50.329469" lon="7.554234">
        <ele>70.045423</ele>
        <time>2026-08-08T15:35:55.331Z</time>
      </trkpt>
      <trkpt lat="50.329572" lon="7.554424">
        <ele>69.805557</ele>
        <time>2026-08-08T15:35:58.264Z</time>
      </trkpt>
      <trkpt lat="50.329711" lon="7.554747">
        <ele>69.430707</ele>
        <time>2026-08-08T15:36:02.802Z</time>
      </trkpt>
      <trkpt lat="50.329653" lon="7.555359">
        <ele>68.675502</ele>
        <time>2026-08-08T15:36:14.212Z</time>
      </trkpt>
      <trkpt lat="50.329592" lon="7.555548">
        <ele>68.393928</ele>
        <time>2026-08-08T15:36:16.505Z</time>
      </trkpt>
      <trkpt lat="50.329576" lon="7.555727">
        <ele>68.153618</ele>
        <time>2026-08-08T15:36:18.467Z</time>
      </trkpt>
      <trkpt lat="50.329588" lon="7.555941">
        <ele>67.868001</ele>
        <time>2026-08-08T15:36:20.803Z</time>
      </trkpt>
      <trkpt lat="50.329679" lon="7.556215">
        <ele>67.457354</ele>
        <time>2026-08-08T15:36:24.210Z</time>
      </trkpt>
      <trkpt lat="50.329853" lon="7.556440">
        <ele>66.987442</ele>
        <time>2026-08-08T15:36:28.178Z</time>
      </trkpt>
      <trkpt lat="50.329933" lon="7.556498">
        <ele>66.803846</ele>
        <time>2026-08-08T15:36:29.790Z</time>
      </trkpt>
      <trkpt lat="50.330215" lon="7.556580">
        <ele>66.206488</ele>
        <time>2026-08-08T15:36:35.617Z</time>
      </trkpt>
      <trkpt lat="50.331196" lon="7.556618">
        <ele>65.630134</ele>
        <time>2026-08-08T15:36:57.370Z</time>
      </trkpt>
      <trkpt lat="50.331818" lon="7.556712">
        <ele>65.748223</ele>
        <time>2026-08-08T15:37:11.360Z</time>
      </trkpt>
      <trkpt lat="50.331759" lon="7.556786">
        <ele>65.762506</ele>
        <time>2026-08-08T15:37:13.042Z</time>
      </trkpt>
      <trkpt lat="50.331548" lon="7.556816">
        <ele>65.802543</ele>
        <time>2026-08-08T15:37:17.810Z</time>
      </trkpt>
      <trkpt lat="50.331759" lon="7.556786">
        <ele>65.842581</ele>
        <time>2026-08-08T15:37:22.553Z</time>
      </trkpt>
      <trkpt lat="50.331818" lon="7.556712">
        <ele>65.873156</ele>
        <time>2026-08-08T15:37:24.284Z</time>
      </trkpt>
      <trkpt lat="50.331860" lon="7.556733">
        <ele>65.896739</ele>
        <time>2026-08-08T15:37:25.258Z</time>
      </trkpt>
      <trkpt lat="50.332102" lon="7.556878">
        <ele>66.035335</ele>
        <time>2026-08-08T15:37:31.141Z</time>
      </trkpt>
      <trkpt lat="50.332909" lon="7.556878">
        <ele>66.467013</ele>
        <time>2026-08-08T15:37:49.678Z</time>
      </trkpt>
      <trkpt lat="50.333760" lon="7.556822">
        <ele>66.843434</ele>
        <time>2026-08-08T15:38:09.045Z</time>
      </trkpt>
      <trkpt lat="50.334884" lon="7.556597">
        <ele>67.023029</ele>
        <time>2026-08-08T15:38:34.057Z</time>
      </trkpt>
      <trkpt lat="50.334970" lon="7.556576">
        <ele>67.036824</ele>
        <time>2026-08-08T15:38:35.938Z</time>
      </trkpt>
      <trkpt lat="50.334982" lon="7.556574">
        <ele>67.038737</ele>
        <time>2026-08-08T15:38:36.197Z</time>
      </trkpt>
      <trkpt lat="50.336439" lon="7.556160">
        <ele>67.369954</ele>
        <time>2026-08-08T15:39:17.034Z</time>
      </trkpt>
      <trkpt lat="50.336884" lon="7.555984">
        <ele>67.482084</ele>
        <time>2026-08-08T15:39:29.839Z</time>
      </trkpt>
      <trkpt lat="50.338472" lon="7.555343">
        <ele>68.264002</ele>
        <time>2026-08-08T15:40:15.594Z</time>
      </trkpt>
      <trkpt lat="50.338830" lon="7.555210">
        <ele>68.452340</ele>
        <time>2026-08-08T15:40:28.268Z</time>
      </trkpt>
      <trkpt lat="50.338906" lon="7.555153">
        <ele>68.453870</ele>
        <time>2026-08-08T15:40:31.200Z</time>
      </trkpt>
      <trkpt lat="50.338979" lon="7.555047">
        <ele>68.452055</ele>
        <time>2026-08-08T15:40:34.625Z</time>
      </trkpt>
      <trkpt lat="50.339255" lon="7.554947">
        <ele>68.446887</ele>
        <time>2026-08-08T15:40:40.711Z</time>
      </trkpt>
      <trkpt lat="50.339433" lon="7.554881">
        <ele>68.443550</ele>
        <time>2026-08-08T15:40:44.607Z</time>
      </trkpt>
      <trkpt lat="50.343397" lon="7.552649">
        <ele>68.656703</ele>
        <time>2026-08-08T15:42:12.719Z</time>
      </trkpt>
      <trkpt lat="50.343737" lon="7.552467">
        <ele>68.732900</ele>
        <time>2026-08-08T15:42:20.832Z</time>
      </trkpt>
      <trkpt lat="50.344277" lon="7.552229">
        <ele>68.996235</ele>
        <time>2026-08-08T15:42:33.310Z</time>
      </trkpt>
      <trkpt lat="50.344222" lon="7.551996">
        <ele>69.089980</ele>
        <time>2026-08-08T15:42:36.700Z</time>
      </trkpt>
      <trkpt lat="50.344096" lon="7.551516">
        <ele>69.285834</ele>
        <time>2026-08-08T15:42:43.796Z</time>
      </trkpt>
      <trkpt lat="50.344134" lon="7.551487">
        <ele>69.310826</ele>
        <time>2026-08-08T15:42:44.676Z</time>
      </trkpt>
      <trkpt lat="50.344276" lon="7.551422">
        <ele>69.398300</ele>
        <time>2026-08-08T15:42:47.846Z</time>
      </trkpt>
      <trkpt lat="50.344335" lon="7.551454">
        <ele>69.435218</ele>
        <time>2026-08-08T15:42:49.207Z</time>
      </trkpt>
      <trkpt lat="50.344583" lon="7.551918">
        <ele>69.663605</ele>
        <time>2026-08-08T15:42:57.657Z</time>
      </trkpt>
      <trkpt lat="50.345646" lon="7.555376">
        <ele>73.999641</ele>
        <time>2026-08-08T15:43:53.281Z</time>
      </trkpt>
      <trkpt lat="50.345858" lon="7.556090">
        <ele>76.264068</ele>
        <time>2026-08-08T15:44:07.864Z</time>
      </trkpt>
      <trkpt lat="50.345956" lon="7.556484">
        <ele>77.480010</ele>
        <time>2026-08-08T15:44:15.744Z</time>
      </trkpt>
      <trkpt lat="50.346195" lon="7.557123">
        <ele>79.609751</ele>
        <time>2026-08-08T15:44:29.500Z</time>
      </trkpt>
      <trkpt lat="50.346324" lon="7.557055">
        <ele>80.223019</ele>
        <time>2026-08-08T15:44:33.165Z</time>
      </trkpt>
      <trkpt lat="50.346360" lon="7.557159">
        <ele>80.502798</ele>
        <time>2026-08-08T15:44:35.153Z</time>
      </trkpt>
      <trkpt lat="50.346609" lon="7.557490">
        <ele>80.963415</ele>
        <time>2026-08-08T15:44:43.068Z</time>
      </trkpt>
      <trkpt lat="50.347195" lon="7.558250">
        <ele>82.036462</ele>
        <time>2026-08-08T15:44:59.603Z</time>
      </trkpt>
      <trkpt lat="50.347446" lon="7.558625">
        <ele>82.525674</ele>
        <time>2026-08-08T15:45:07.053Z</time>
      </trkpt>
      <trkpt lat="50.347583" lon="7.558967">
        <ele>82.889173</ele>
        <time>2026-08-08T15:45:12.645Z</time>
      </trkpt>
      <trkpt lat="50.348170" lon="7.560063">
        <ele>82.800050</ele>
        <time>2026-08-08T15:45:32.846Z</time>
      </trkpt>
      <trkpt lat="50.348578" lon="7.560848">
        <ele>82.633758</ele>
        <time>2026-08-08T15:45:50.429Z</time>
      </trkpt>
      <trkpt lat="50.348592" lon="7.560875">
        <ele>82.628044</ele>
        <time>2026-08-08T15:45:51.045Z</time>
      </trkpt>
      <trkpt lat="50.348811" lon="7.560543">
        <ele>82.549615</ele>
        <time>2026-08-08T15:45:56.729Z</time>
      </trkpt>
      <trkpt lat="50.348900" lon="7.560531">
        <ele>82.401795</ele>
        <time>2026-08-08T15:45:58.294Z</time>
      </trkpt>
      <trkpt lat="50.348986" lon="7.560626">
        <ele>82.227557</ele>
        <time>2026-08-08T15:46:00.171Z</time>
      </trkpt>
      <trkpt lat="50.349142" lon="7.560726">
        <ele>81.948450</ele>
        <time>2026-08-08T15:46:03.100Z</time>
      </trkpt>
      <trkpt lat="50.349397" lon="7.560974">
        <ele>81.451470</ele>
        <time>2026-08-08T15:46:08.156Z</time>
      </trkpt>
      <trkpt lat="50.349698" lon="7.561245">
        <ele>80.876621</ele>
        <time>2026-08-08T15:46:13.926Z</time>
      </trkpt>
      <trkpt lat="50.350025" lon="7.561555">
        <ele>80.243751</ele>
        <time>2026-08-08T15:46:20.631Z</time>
      </trkpt>
      <trkpt lat="50.350304" lon="7.561872">
        <ele>79.673086</ele>
        <time>2026-08-08T15:46:27.450Z</time>
      </trkpt>
      <trkpt lat="50.350555" lon="7.562276">
        <ele>79.606283</ele>
        <time>2026-08-08T15:46:35.106Z</time>
      </trkpt>
      <trkpt lat="50.350720" lon="7.562642">
        <ele>79.640023</ele>
        <time>2026-08-08T15:46:41.263Z</time>
      </trkpt>
      <trkpt lat="50.350895" lon="7.563174">
        <ele>79.685086</ele>
        <time>2026-08-08T15:46:49.521Z</time>
      </trkpt>
      <trkpt lat="50.350932" lon="7.563312">
        <ele>79.696356</ele>
        <time>2026-08-08T15:46:51.582Z</time>
      </trkpt>
      <trkpt lat="50.351000" lon="7.563574">
        <ele>79.717652</ele>
        <time>2026-08-08T15:46:55.470Z</time>
      </trkpt>
      <trkpt lat="50.351185" lon="7.564276">
        <ele>79.774835</ele>
        <time>2026-08-08T15:47:06.053Z</time>
      </trkpt>
      <trkpt lat="50.351205" lon="7.564354">
        <ele>79.781164</ele>
        <time>2026-08-08T15:47:07.234Z</time>
      </trkpt>
      <trkpt lat="50.351225" lon="7.564429">
        <ele>79.796212</ele>
        <time>2026-08-08T15:47:08.368Z</time>
      </trkpt>
      <trkpt lat="50.351251" lon="7.564524">
        <ele>79.821540</ele>
        <time>2026-08-08T15:47:09.776Z</time>
      </trkpt>
      <trkpt lat="50.351368" lon="7.564920">
        <ele>79.928468</ele>
        <time>2026-08-08T15:47:15.732Z</time>
      </trkpt>
      <trkpt lat="50.351457" lon="7.565221">
        <ele>80.009755</ele>
        <time>2026-08-08T15:47:20.245Z</time>
      </trkpt>
      <trkpt lat="50.351653" lon="7.565917">
        <ele>80.196163</ele>
        <time>2026-08-08T15:47:30.615Z</time>
      </trkpt>
      <trkpt lat="50.351912" lon="7.566784">
        <ele>80.430729</ele>
        <time>2026-08-08T15:47:44.133Z</time>
      </trkpt>
      <trkpt lat="50.351938" lon="7.566868">
        <ele>80.453605</ele>
        <time>2026-08-08T15:47:45.487Z</time>
      </trkpt>
      <trkpt lat="50.352093" lon="7.567391">
        <ele>80.615993</ele>
        <time>2026-08-08T15:47:53.647Z</time>
      </trkpt>
      <trkpt lat="50.352136" lon="7.567537">
        <ele>80.662269</ele>
        <time>2026-08-08T15:47:55.885Z</time>
      </trkpt>
      <trkpt lat="50.352233" lon="7.567857">
        <ele>80.764220</ele>
        <time>2026-08-08T15:48:00.709Z</time>
      </trkpt>
      <trkpt lat="50.352317" lon="7.568142">
        <ele>80.854564</ele>
        <time>2026-08-08T15:48:04.948Z</time>
      </trkpt>
      <trkpt lat="50.352474" lon="7.568740">
        <ele>81.040652</ele>
        <time>2026-08-08T15:48:13.626Z</time>
      </trkpt>
      <trkpt lat="50.352649" lon="7.569573">
        <ele>81.315300</ele>
        <time>2026-08-08T15:48:25.841Z</time>
      </trkpt>
      <trkpt lat="50.352896" lon="7.571274">
        <ele>83.251115</ele>
        <time>2026-08-08T15:48:51.320Z</time>
      </trkpt>
      <trkpt lat="50.352945" lon="7.571590">
        <ele>83.611977</ele>
        <time>2026-08-08T15:48:56.269Z</time>
      </trkpt>
      <trkpt lat="50.353046" lon="7.572647">
        <ele>84.793085</ele>
        <time>2026-08-08T15:49:12.603Z</time>
      </trkpt>
      <trkpt lat="50.353099" lon="7.574062">
        <ele>86.345971</ele>
        <time>2026-08-08T15:49:34.106Z</time>
      </trkpt>
      <trkpt lat="50.353088" lon="7.574918">
        <ele>87.283960</ele>
        <time>2026-08-08T15:49:46.415Z</time>
      </trkpt>
      <trkpt lat="50.353063" lon="7.575508">
        <ele>87.109681</ele>
        <time>2026-08-08T15:49:54.589Z</time>
      </trkpt>
      <trkpt lat="50.352938" lon="7.577224">
        <ele>85.385363</ele>
        <time>2026-08-08T15:50:14.935Z</time>
      </trkpt>
      <trkpt lat="50.352819" lon="7.578804">
        <ele>82.721749</ele>
        <time>2026-08-08T15:50:31.275Z</time>
      </trkpt>
      <trkpt lat="50.352612" lon="7.581379">
        <ele>77.583895</ele>
        <time>2026-08-08T15:50:57.681Z</time>
      </trkpt>
      <trkpt lat="50.352574" lon="7.581910">
        <ele>76.872037</ele>
        <time>2026-08-08T15:51:03.598Z</time>
      </trkpt>
      <trkpt lat="50.352521" lon="7.582192">
        <ele>76.480384</ele>
        <time>2026-08-08T15:51:06.938Z</time>
      </trkpt>
      <trkpt lat="50.352530" lon="7.582498">
        <ele>76.072283</ele>
        <time>2026-08-08T15:51:10.506Z</time>
      </trkpt>
      <trkpt lat="50.352505" lon="7.582773">
        <ele>75.702214</ele>
        <time>2026-08-08T15:51:13.836Z</time>
      </trkpt>
      <trkpt lat="50.352622" lon="7.582806">
        <ele>75.453998</ele>
        <time>2026-08-08T15:51:16.114Z</time>
      </trkpt>
      <trkpt lat="50.352652" lon="7.582815">
        <ele>75.390222</ele>
        <time>2026-08-08T15:51:16.703Z</time>
      </trkpt>
      <trkpt lat="50.353921" lon="7.583182">
        <ele>73.984131</ele>
        <time>2026-08-08T15:51:41.471Z</time>
      </trkpt>
      <trkpt lat="50.353987" lon="7.583200">
        <ele>73.933341</ele>
        <time>2026-08-08T15:51:42.781Z</time>
      </trkpt>
      <trkpt lat="50.353975" lon="7.583317">
        <ele>73.876017</ele>
        <time>2026-08-08T15:51:44.280Z</time>
      </trkpt>
      <trkpt lat="50.353865" lon="7.584330">
        <ele>73.378942</ele>
        <time>2026-08-08T15:51:57.665Z</time>
      </trkpt>
      <trkpt lat="50.353840" lon="7.584568">
        <ele>73.357691</ele>
        <time>2026-08-08T15:52:00.912Z</time>
      </trkpt>
      <trkpt lat="50.353868" lon="7.584657">
        <ele>73.359111</ele>
        <time>2026-08-08T15:52:02.255Z</time>
      </trkpt>
      <trkpt lat="50.354001" lon="7.584699">
        <ele>73.362153</ele>
        <time>2026-08-08T15:52:05.141Z</time>
      </trkpt>
      <trkpt lat="50.353998" lon="7.584723">
        <ele>73.362502</ele>
        <time>2026-08-08T15:52:05.469Z</time>
      </trkpt>
      <trkpt lat="50.353993" lon="7.584761">
        <ele>73.363057</ele>
        <time>2026-08-08T15:52:06.006Z</time>
      </trkpt>
      <trkpt lat="50.354053" lon="7.584808">
        <ele>73.364561</ele>
        <time>2026-08-08T15:52:07.480Z</time>
      </trkpt>
      <trkpt lat="50.354401" lon="7.584909">
        <ele>73.372496</ele>
        <time>2026-08-08T15:52:15.165Z</time>
      </trkpt>
      <trkpt lat="50.354519" lon="7.585000">
        <ele>73.375445</ele>
        <time>2026-08-08T15:52:17.989Z</time>
      </trkpt>
      <trkpt lat="50.354585" lon="7.585157">
        <ele>73.378134</ele>
        <time>2026-08-08T15:52:20.588Z</time>
      </trkpt>
      <trkpt lat="50.354597" lon="7.585272">
        <ele>73.379801</ele>
        <time>2026-08-08T15:52:22.268Z</time>
      </trkpt>
      <trkpt lat="50.354543" lon="7.585693">
        <ele>73.385944</ele>
        <time>2026-08-08T15:52:28.405Z</time>
      </trkpt>
      <trkpt lat="50.354529" lon="7.586000">
        <ele>73.390347</ele>
        <time>2026-08-08T15:52:32.834Z</time>
      </trkpt>
      <trkpt lat="50.354520" lon="7.586098">
        <ele>73.391763</ele>
        <time>2026-08-08T15:52:34.573Z</time>
      </trkpt>
      <trkpt lat="50.354497" lon="7.586376">
        <ele>73.398954</ele>
        <time>2026-08-08T15:52:39.546Z</time>
      </trkpt>
      <trkpt lat="50.354554" lon="7.586390">
        <ele>73.408527</ele>
        <time>2026-08-08T15:52:41.169Z</time>
      </trkpt>
      <trkpt lat="50.354545" lon="7.586483">
        <ele>73.418485</ele>
        <time>2026-08-08T15:52:42.410Z</time>
      </trkpt>
      <trkpt lat="50.354513" lon="7.586961">
        <ele>73.469367</ele>
        <time>2026-08-08T15:52:48.929Z</time>
      </trkpt>
      <trkpt lat="50.354443" lon="7.587584">
        <ele>73.536337</ele>
        <time>2026-08-08T15:52:57.361Z</time>
      </trkpt>
      <trkpt lat="50.354380" lon="7.588211">
        <ele>73.603533</ele>
        <time>2026-08-08T15:53:05.544Z</time>
      </trkpt>
      <trkpt lat="50.354368" lon="7.588363">
        <ele>73.619748</ele>
        <time>2026-08-08T15:53:07.523Z</time>
      </trkpt>
      <trkpt lat="50.354362" lon="7.588482">
        <ele>73.632385</ele>
        <time>2026-08-08T15:53:09.170Z</time>
      </trkpt>
      <trkpt lat="50.354360" lon="7.588560">
        <ele>73.640649</ele>
        <time>2026-08-08T15:53:10.267Z</time>
      </trkpt>
      <trkpt lat="50.354359" lon="7.588979">
        <ele>73.685008</ele>
        <time>2026-08-08T15:53:16.362Z</time>
      </trkpt>
      <trkpt lat="50.354354" lon="7.589264">
        <ele>73.808204</ele>
        <time>2026-08-08T15:53:20.492Z</time>
      </trkpt>
      <trkpt lat="50.354304" lon="7.589507">
        <ele>73.952315</ele>
        <time>2026-08-08T15:53:24.179Z</time>
      </trkpt>
      <trkpt lat="50.354240" lon="7.589598">
        <ele>74.028757</ele>
        <time>2026-08-08T15:53:26.125Z</time>
      </trkpt>
      <trkpt lat="50.354257" lon="7.589657">
        <ele>74.065296</ele>
        <time>2026-08-08T15:53:27.000Z</time>
      </trkpt>
      <trkpt lat="50.354262" lon="7.589673">
        <ele>74.075352</ele>
        <time>2026-08-08T15:53:27.318Z</time>
      </trkpt>
      <trkpt lat="50.354247" lon="7.589734">
        <ele>74.112250</ele>
        <time>2026-08-08T15:53:28.449Z</time>
      </trkpt>
      <trkpt lat="50.354234" lon="7.589775">
        <ele>74.138092</ele>
        <time>2026-08-08T15:53:29.089Z</time>
      </trkpt>
      <trkpt lat="50.354221" lon="7.589814">
        <ele>74.162927</ele>
        <time>2026-08-08T15:53:29.706Z</time>
      </trkpt>
      <trkpt lat="50.354210" lon="7.589854">
        <ele>74.187512</ele>
        <time>2026-08-08T15:53:30.475Z</time>
      </trkpt>
      <trkpt lat="50.354240" lon="7.589886">
        <ele>74.219614</ele>
        <time>2026-08-08T15:53:31.475Z</time>
      </trkpt>
      <trkpt lat="50.354248" lon="7.589921">
        <ele>74.240598</ele>
        <time>2026-08-08T15:53:32.109Z</time>
      </trkpt>
      <trkpt lat="50.354253" lon="7.590111">
        <ele>74.347929</ele>
        <time>2026-08-08T15:53:35.455Z</time>
      </trkpt>
      <trkpt lat="50.354254" lon="7.590157">
        <ele>74.373908</ele>
        <time>2026-08-08T15:53:36.257Z</time>
      </trkpt>
      <trkpt lat="50.354257" lon="7.590249">
        <ele>74.425903</ele>
        <time>2026-08-08T15:53:37.899Z</time>
      </trkpt>
      <trkpt lat="50.354259" lon="7.590316">
        <ele>74.463760</ele>
        <time>2026-08-08T15:53:39.088Z</time>
      </trkpt>
      <trkpt lat="50.354261" lon="7.590410">
        <ele>74.516845</ele>
        <time>2026-08-08T15:53:40.729Z</time>
      </trkpt>
      <trkpt lat="50.354265" lon="7.590552">
        <ele>74.597072</ele>
        <time>2026-08-08T15:53:43.275Z</time>
      </trkpt>
      <trkpt lat="50.354268" lon="7.590654">
        <ele>74.654704</ele>
        <time>2026-08-08T15:53:45.080Z</time>
      </trkpt>
      <trkpt lat="50.354270" lon="7.590726">
        <ele>74.695381</ele>
        <time>2026-08-08T15:53:46.377Z</time>
      </trkpt>
      <trkpt lat="50.354272" lon="7.590793">
        <ele>74.733238</ele>
        <time>2026-08-08T15:53:47.577Z</time>
      </trkpt>
      <trkpt lat="50.354273" lon="7.590828">
        <ele>74.753013</ele>
        <time>2026-08-08T15:53:48.206Z</time>
      </trkpt>
      <trkpt lat="50.354274" lon="7.590859">
        <ele>74.770532</ele>
        <time>2026-08-08T15:53:48.759Z</time>
      </trkpt>
      <trkpt lat="50.354282" lon="7.591039">
        <ele>74.872375</ele>
        <time>2026-08-08T15:53:52.006Z</time>
      </trkpt>
      <trkpt lat="50.354282" lon="7.591146">
        <ele>74.932768</ele>
        <time>2026-08-08T15:53:53.910Z</time>
      </trkpt>
      <trkpt lat="50.354258" lon="7.591172">
        <ele>74.958577</ele>
        <time>2026-08-08T15:53:54.739Z</time>
      </trkpt>
      <trkpt lat="50.354261" lon="7.591191">
        <ele>74.969625</ele>
        <time>2026-08-08T15:53:55.603Z</time>
      </trkpt>
      <trkpt lat="50.354266" lon="7.591291">
        <ele>75.026240</ele>
        <time>2026-08-08T15:54:00.038Z</time>
      </trkpt>
      <trkpt lat="50.354267" lon="7.591356">
        <ele>75.062938</ele>
        <time>2026-08-08T15:54:02.941Z</time>
      </trkpt>
      <trkpt lat="50.354265" lon="7.591374">
        <ele>75.073250</ele>
        <time>2026-08-08T15:54:03.770Z</time>
      </trkpt>
      <trkpt lat="50.354275" lon="7.591386">
        <ele>75.084392</ele>
        <time>2026-08-08T15:54:04.621Z</time>
      </trkpt>
      <trkpt lat="50.354285" lon="7.591418">
        <ele>75.104503</ele>
        <time>2026-08-08T15:54:06.177Z</time>
      </trkpt>
      <trkpt lat="50.354259" lon="7.591575">
        <ele>75.196054</ele>
        <time>2026-08-08T15:54:09.098Z</time>
      </trkpt>
      <trkpt lat="50.354234" lon="7.591693">
        <ele>75.266232</ele>
        <time>2026-08-08T15:54:11.353Z</time>
      </trkpt>
      <trkpt lat="50.354213" lon="7.591801">
        <ele>75.303098</ele>
        <time>2026-08-08T15:54:13.390Z</time>
      </trkpt>
      <trkpt lat="50.354202" lon="7.591857">
        <ele>75.316484</ele>
        <time>2026-08-08T15:54:14.445Z</time>
      </trkpt>
      <trkpt lat="50.354173" lon="7.592009">
        <ele>75.352728</ele>
        <time>2026-08-08T15:54:17.275Z</time>
      </trkpt>
      <trkpt lat="50.354154" lon="7.592106">
        <ele>75.375908</ele>
        <time>2026-08-08T15:54:19.070Z</time>
      </trkpt>
      <trkpt lat="50.354140" lon="7.592179">
        <ele>75.393322</ele>
        <time>2026-08-08T15:54:20.417Z</time>
      </trkpt>
      <trkpt lat="50.354134" lon="7.592214">
        <ele>75.401602</ele>
        <time>2026-08-08T15:54:21.038Z</time>
      </trkpt>
      <trkpt lat="50.354129" lon="7.592241">
        <ele>75.408024</ele>
        <time>2026-08-08T15:54:21.533Z</time>
      </trkpt>
      <trkpt lat="50.354053" lon="7.592630">
        <ele>75.500965</ele>
        <time>2026-08-08T15:54:28.610Z</time>
      </trkpt>
      <trkpt lat="50.353973" lon="7.593049">
        <ele>75.600880</ele>
        <time>2026-08-08T15:54:36.281Z</time>
      </trkpt>
      <trkpt lat="50.353946" lon="7.593261">
        <ele>75.650267</ele>
        <time>2026-08-08T15:54:40.143Z</time>
      </trkpt>
      <trkpt lat="50.353932" lon="7.593320">
        <ele>75.664648</ele>
        <time>2026-08-08T15:54:41.263Z</time>
      </trkpt>
      <trkpt lat="50.353915" lon="7.593376">
        <ele>75.678815</ele>
        <time>2026-08-08T15:54:42.149Z</time>
      </trkpt>
      <trkpt lat="50.353877" lon="7.593491">
        <ele>75.708401</ele>
        <time>2026-08-08T15:54:44.009Z</time>
      </trkpt>
      <trkpt lat="50.353859" lon="7.593551">
        <ele>75.723548</ele>
        <time>2026-08-08T15:54:44.939Z</time>
      </trkpt>
      <trkpt lat="50.353848" lon="7.593589">
        <ele>75.733081</ele>
        <time>2026-08-08T15:54:45.691Z</time>
      </trkpt>
      <trkpt lat="50.353767" lon="7.594027">
        <ele>75.837261</ele>
        <time>2026-08-08T15:54:53.812Z</time>
      </trkpt>
      <trkpt lat="50.353541" lon="7.595220">
        <ele>75.368548</ele>
        <time>2026-08-08T15:55:14.921Z</time>
      </trkpt>
      <trkpt lat="50.353531" lon="7.595280">
        <ele>75.327361</ele>
        <time>2026-08-08T15:55:15.978Z</time>
      </trkpt>
      <trkpt lat="50.353511" lon="7.595388">
        <ele>75.252671</ele>
        <time>2026-08-08T15:55:17.374Z</time>
      </trkpt>
      <trkpt lat="50.353281" lon="7.596581">
        <ele>74.424937</ele>
        <time>2026-08-08T15:55:37.875Z</time>
      </trkpt>
      <trkpt lat="50.353289" lon="7.596627">
        <ele>74.393270</ele>
        <time>2026-08-08T15:55:38.619Z</time>
      </trkpt>
      <trkpt lat="50.353287" lon="7.596706">
        <ele>74.340760</ele>
        <time>2026-08-08T15:55:39.893Z</time>
      </trkpt>
      <trkpt lat="50.353285" lon="7.596764">
        <ele>74.302182</ele>
        <time>2026-08-08T15:55:40.808Z</time>
      </trkpt>
      <trkpt lat="50.353284" lon="7.596808">
        <ele>74.272940</ele>
        <time>2026-08-08T15:55:41.487Z</time>
      </trkpt>
      <trkpt lat="50.353283" lon="7.596832">
        <ele>74.256966</ele>
        <time>2026-08-08T15:55:41.864Z</time>
      </trkpt>
      <trkpt lat="50.353432" lon="7.597679">
        <ele>73.887300</ele>
        <time>2026-08-08T15:55:55.591Z</time>
      </trkpt>
      <trkpt lat="50.353403" lon="7.597930">
        <ele>73.812453</ele>
        <time>2026-08-08T15:55:59.779Z</time>
      </trkpt>
      <trkpt lat="50.353382" lon="7.597987">
        <ele>73.793140</ele>
        <time>2026-08-08T15:56:00.841Z</time>
      </trkpt>
      <trkpt lat="50.353367" lon="7.598055">
        <ele>73.772029</ele>
        <time>2026-08-08T15:56:02.012Z</time>
      </trkpt>
      <trkpt lat="50.353349" lon="7.598162">
        <ele>73.739559</ele>
        <time>2026-08-08T15:56:03.899Z</time>
      </trkpt>
      <trkpt lat="50.353345" lon="7.598238">
        <ele>73.717183</ele>
        <time>2026-08-08T15:56:05.131Z</time>
      </trkpt>
      <trkpt lat="50.353351" lon="7.598317">
        <ele>73.693839</ele>
        <time>2026-08-08T15:56:06.470Z</time>
      </trkpt>
      <trkpt lat="50.353389" lon="7.598379">
        <ele>73.668613</ele>
        <time>2026-08-08T15:56:07.552Z</time>
      </trkpt>
      <trkpt lat="50.353439" lon="7.598444">
        <ele>73.638739</ele>
        <time>2026-08-08T15:56:08.839Z</time>
      </trkpt>
      <trkpt lat="50.353503" lon="7.598569">
        <ele>73.591712</ele>
        <time>2026-08-08T15:56:11.621Z</time>
      </trkpt>
      <trkpt lat="50.353509" lon="7.598648">
        <ele>73.568368</ele>
        <time>2026-08-08T15:56:12.997Z</time>
      </trkpt>
      <trkpt lat="50.353504" lon="7.598725">
        <ele>73.545658</ele>
        <time>2026-08-08T15:56:14.380Z</time>
      </trkpt>
      <trkpt lat="50.353490" lon="7.598881">
        <ele>73.499433</ele>
        <time>2026-08-08T15:56:17.151Z</time>
      </trkpt>
      <trkpt lat="50.353456" lon="7.599383">
        <ele>73.351307</ele>
        <time>2026-08-08T15:56:26.155Z</time>
      </trkpt>
      <trkpt lat="50.353583" lon="7.599476">
        <ele>73.286843</ele>
        <time>2026-08-08T15:56:30.094Z</time>
      </trkpt>
      <trkpt lat="50.353587" lon="7.599479">
        <ele>73.284803</ele>
        <time>2026-08-08T15:56:30.222Z</time>
      </trkpt>
      <trkpt lat="50.353812" lon="7.599645">
        <ele>73.140985</ele>
        <time>2026-08-08T15:56:35.845Z</time>
      </trkpt>
      <trkpt lat="50.353851" lon="7.599677">
        <ele>73.110631</ele>
        <time>2026-08-08T15:56:36.830Z</time>
      </trkpt>
      <trkpt lat="50.353869" lon="7.599749">
        <ele>73.076609</ele>
        <time>2026-08-08T15:56:37.932Z</time>
      </trkpt>
      <trkpt lat="50.353904" lon="7.600062">
        <ele>72.936803</ele>
        <time>2026-08-08T15:56:42.268Z</time>
      </trkpt>
      <trkpt lat="50.353911" lon="7.600388">
        <ele>72.793295</ele>
        <time>2026-08-08T15:56:47.914Z</time>
      </trkpt>
      <trkpt lat="50.353905" lon="7.600673">
        <ele>72.667838</ele>
        <time>2026-08-08T15:56:52.583Z</time>
      </trkpt>
      <trkpt lat="50.353931" lon="7.600728">
        <ele>72.637723</ele>
        <time>2026-08-08T15:56:53.650Z</time>
      </trkpt>
      <trkpt lat="50.353979" lon="7.600835">
        <ele>72.580176</ele>
        <time>2026-08-08T15:56:55.757Z</time>
      </trkpt>
      <trkpt lat="50.353970" lon="7.601093">
        <ele>72.466497</ele>
        <time>2026-08-08T15:56:59.920Z</time>
      </trkpt>
      <trkpt lat="50.353880" lon="7.601767">
        <ele>72.163541</ele>
        <time>2026-08-08T15:57:10.875Z</time>
      </trkpt>
      <trkpt lat="50.353801" lon="7.602184">
        <ele>71.977736</ele>
        <time>2026-08-08T15:57:17.434Z</time>
      </trkpt>
      <trkpt lat="50.352402" lon="7.606679">
        <ele>71.078853</ele>
        <time>2026-08-08T15:58:23.170Z</time>
      </trkpt>
      <trkpt lat="50.352343" lon="7.606866">
        <ele>71.071676</ele>
        <time>2026-08-08T15:58:26.116Z</time>
      </trkpt>
      <trkpt lat="50.352202" lon="7.607056">
        <ele>71.061648</ele>
        <time>2026-08-08T15:58:30.254Z</time>
      </trkpt>
      <trkpt lat="50.352109" lon="7.607132">
        <ele>71.037011</ele>
        <time>2026-08-08T15:58:33.179Z</time>
      </trkpt>
      <trkpt lat="50.351949" lon="7.607191">
        <ele>70.954573</ele>
        <time>2026-08-08T15:58:37.772Z</time>
      </trkpt>
      <trkpt lat="50.351859" lon="7.607190">
        <ele>70.909433</ele>
        <time>2026-08-08T15:58:40.307Z</time>
      </trkpt>
      <trkpt lat="50.351760" lon="7.607162">
        <ele>70.858978</ele>
        <time>2026-08-08T15:58:42.452Z</time>
      </trkpt>
      <trkpt lat="50.351499" lon="7.606947">
        <ele>70.711094</ele>
        <time>2026-08-08T15:58:48.688Z</time>
      </trkpt>
      <trkpt lat="50.351462" lon="7.606917">
        <ele>70.690201</ele>
        <time>2026-08-08T15:58:49.841Z</time>
      </trkpt>
      <trkpt lat="50.351196" lon="7.606663">
        <ele>70.533977</ele>
        <time>2026-08-08T15:58:57.939Z</time>
      </trkpt>
      <trkpt lat="50.351038" lon="7.606569">
        <ele>70.449215</ele>
        <time>2026-08-08T15:59:02.070Z</time>
      </trkpt>
      <trkpt lat="50.350881" lon="7.606599">
        <ele>70.369890</ele>
        <time>2026-08-08T15:59:05.989Z</time>
      </trkpt>
      <trkpt lat="50.350863" lon="7.606612">
        <ele>70.359950</ele>
        <time>2026-08-08T15:59:06.492Z</time>
      </trkpt>
      <trkpt lat="50.350801" lon="7.606534">
        <ele>70.320074</ele>
        <time>2026-08-08T15:59:08.013Z</time>
      </trkpt>
      <trkpt lat="50.350201" lon="7.606059">
        <ele>69.935376</ele>
        <time>2026-08-08T15:59:22.118Z</time>
      </trkpt>
      <trkpt lat="50.350078" lon="7.605960">
        <ele>69.846989</ele>
        <time>2026-08-08T15:59:24.748Z</time>
      </trkpt>
      <trkpt lat="50.350035" lon="7.605922">
        <ele>69.815434</ele>
        <time>2026-08-08T15:59:25.708Z</time>
      </trkpt>
      <trkpt lat="50.349967" lon="7.605862">
        <ele>69.765552</ele>
        <time>2026-08-08T15:59:27.212Z</time>
      </trkpt>
      <trkpt lat="50.349666" lon="7.605593">
        <ele>69.544062</ele>
        <time>2026-08-08T15:59:34.131Z</time>
      </trkpt>
      <trkpt lat="50.349444" lon="7.605468">
        <ele>69.393275</ele>
        <time>2026-08-08T15:59:39.235Z</time>
      </trkpt>
      <trkpt lat="50.349354" lon="7.605404">
        <ele>69.330100</ele>
        <time>2026-08-08T15:59:41.420Z</time>
      </trkpt>
      <trkpt lat="50.349060" lon="7.605174">
        <ele>69.120056</ele>
        <time>2026-08-08T15:59:48.370Z</time>
      </trkpt>
      <trkpt lat="50.348865" lon="7.605015">
        <ele>68.960686</ele>
        <time>2026-08-08T15:59:52.352Z</time>
      </trkpt>
      <trkpt lat="50.348703" lon="7.604938">
        <ele>68.776649</ele>
        <time>2026-08-08T15:59:55.392Z</time>
      </trkpt>
      <trkpt lat="50.348599" lon="7.604867">
        <ele>68.653325</ele>
        <time>2026-08-08T15:59:57.430Z</time>
      </trkpt>
      <trkpt lat="50.348405" lon="7.604743">
        <ele>68.425554</ele>
        <time>2026-08-08T16:00:01.262Z</time>
      </trkpt>
      <trkpt lat="50.348333" lon="7.604715">
        <ele>68.344906</ele>
        <time>2026-08-08T16:00:02.668Z</time>
      </trkpt>
      <trkpt lat="50.348371" lon="7.604455">
        <ele>68.159869</ele>
        <time>2026-08-08T16:00:05.894Z</time>
      </trkpt>
      <trkpt lat="50.348439" lon="7.604045">
        <ele>67.865995</ele>
        <time>2026-08-08T16:00:11.147Z</time>
      </trkpt>
      <trkpt lat="50.347883" lon="7.603768">
        <ele>67.231741</ele>
        <time>2026-08-08T16:00:25.998Z</time>
      </trkpt>
      <trkpt lat="50.347565" lon="7.603582">
        <ele>66.973143</ele>
        <time>2026-08-08T16:00:34.549Z</time>
      </trkpt>
      <trkpt lat="50.347067" lon="7.603172">
        <ele>66.720032</ele>
        <time>2026-08-08T16:00:50.150Z</time>
      </trkpt>
      <trkpt lat="50.345907" lon="7.602135">
        <ele>66.157590</ele>
        <time>2026-08-08T16:01:26.260Z</time>
      </trkpt>
      <trkpt lat="50.343939" lon="7.600581">
        <ele>65.569918</ele>
        <time>2026-08-08T16:02:26.365Z</time>
      </trkpt>
      <trkpt lat="50.343333" lon="7.600213">
        <ele>65.458462</ele>
        <time>2026-08-08T16:02:44.174Z</time>
      </trkpt>
      <trkpt lat="50.343206" lon="7.600153">
        <ele>65.435714</ele>
        <time>2026-08-08T16:02:47.805Z</time>
      </trkpt>
      <trkpt lat="50.343114" lon="7.600151">
        <ele>65.419935</ele>
        <time>2026-08-08T16:02:50.298Z</time>
      </trkpt>
      <trkpt lat="50.343083" lon="7.600188">
        <ele>65.413253</ele>
        <time>2026-08-08T16:02:51.397Z</time>
      </trkpt>
      <trkpt lat="50.342958" lon="7.600113">
        <ele>65.390298</ele>
        <time>2026-08-08T16:02:54.163Z</time>
      </trkpt>
      <trkpt lat="50.341296" lon="7.599281">
        <ele>65.378642</ele>
        <time>2026-08-08T16:03:30.621Z</time>
      </trkpt>
      <trkpt lat="50.340745" lon="7.599043">
        <ele>66.088904</ele>
        <time>2026-08-08T16:03:42.968Z</time>
      </trkpt>
      <trkpt lat="50.339711" lon="7.598835">
        <ele>67.755724</ele>
        <time>2026-08-08T16:04:06.784Z</time>
      </trkpt>
      <trkpt lat="50.339129" lon="7.598758">
        <ele>69.441816</ele>
        <time>2026-08-08T16:04:21.287Z</time>
      </trkpt>
      <trkpt lat="50.338637" lon="7.598710">
        <ele>71.592811</ele>
        <time>2026-08-08T16:04:34.294Z</time>
      </trkpt>
      <trkpt lat="50.338499" lon="7.598808">
        <ele>72.253938</ele>
        <time>2026-08-08T16:04:38.264Z</time>
      </trkpt>
      <trkpt lat="50.338432" lon="7.598900">
        <ele>72.642679</ele>
        <time>2026-08-08T16:04:40.556Z</time>
      </trkpt>
      <trkpt lat="50.338326" lon="7.599096">
        <ele>73.358150</ele>
        <time>2026-08-08T16:04:44.801Z</time>
      </trkpt>
      <trkpt lat="50.338217" lon="7.599186">
        <ele>73.895775</ele>
        <time>2026-08-08T16:04:48.021Z</time>
      </trkpt>
      <trkpt lat="50.338120" lon="7.599178">
        <ele>74.319620</ele>
        <time>2026-08-08T16:04:50.547Z</time>
      </trkpt>
      <trkpt lat="50.337387" lon="7.598827">
        <ele>77.215632</ele>
        <time>2026-08-08T16:05:11.297Z</time>
      </trkpt>
      <trkpt lat="50.337320" lon="7.598821">
        <ele>77.424343</ele>
        <time>2026-08-08T16:05:13.131Z</time>
      </trkpt>
      <trkpt lat="50.336988" lon="7.598992">
        <ele>78.511234</ele>
        <time>2026-08-08T16:05:21.864Z</time>
      </trkpt>
      <trkpt lat="50.336742" lon="7.599140">
        <ele>79.330767</ele>
        <time>2026-08-08T16:05:28.266Z</time>
      </trkpt>
      <trkpt lat="50.336574" lon="7.599197">
        <ele>79.865361</ele>
        <time>2026-08-08T16:05:32.391Z</time>
      </trkpt>
      <trkpt lat="50.336288" lon="7.599236">
        <ele>80.758189</ele>
        <time>2026-08-08T16:05:39.234Z</time>
      </trkpt>
      <trkpt lat="50.336051" lon="7.599213">
        <ele>81.496677</ele>
        <time>2026-08-08T16:05:44.813Z</time>
      </trkpt>
      <trkpt lat="50.335863" lon="7.599181">
        <ele>81.656503</ele>
        <time>2026-08-08T16:05:49.123Z</time>
      </trkpt>
      <trkpt lat="50.334499" lon="7.598833">
        <ele>81.211126</ele>
        <time>2026-08-08T16:06:16.362Z</time>
      </trkpt>
      <trkpt lat="50.333501" lon="7.598521">
        <ele>80.862852</ele>
        <time>2026-08-08T16:06:36.628Z</time>
      </trkpt>
      <trkpt lat="50.332669" lon="7.598211">
        <ele>80.563318</ele>
        <time>2026-08-08T16:06:54.807Z</time>
      </trkpt>
      <trkpt lat="50.332651" lon="7.598205">
        <ele>80.556872</ele>
        <time>2026-08-08T16:06:55.177Z</time>
      </trkpt>
      <trkpt lat="50.332312" lon="7.598082">
        <ele>80.342572</ele>
        <time>2026-08-08T16:07:02.272Z</time>
      </trkpt>
      <trkpt lat="50.331943" lon="7.597945">
        <ele>79.974093</ele>
        <time>2026-08-08T16:07:09.746Z</time>
      </trkpt>
      <trkpt lat="50.330813" lon="7.597528">
        <ele>78.846050</ele>
        <time>2026-08-08T16:07:31.479Z</time>
      </trkpt>
      <trkpt lat="50.330739" lon="7.597493">
        <ele>78.770940</ele>
        <time>2026-08-08T16:07:32.977Z</time>
      </trkpt>
      <trkpt lat="50.330671" lon="7.597462">
        <ele>78.736495</ele>
        <time>2026-08-08T16:07:34.344Z</time>
      </trkpt>
      <trkpt lat="50.330404" lon="7.597331">
        <ele>78.715348</ele>
        <time>2026-08-08T16:07:39.865Z</time>
      </trkpt>
      <trkpt lat="50.330074" lon="7.597229">
        <ele>78.689925</ele>
        <time>2026-08-08T16:07:46.791Z</time>
      </trkpt>
      <trkpt lat="50.329853" lon="7.597169">
        <ele>78.672973</ele>
        <time>2026-08-08T16:07:53.018Z</time>
      </trkpt>
      <trkpt lat="50.329744" lon="7.597154">
        <ele>78.664703</ele>
        <time>2026-08-08T16:07:56.084Z</time>
      </trkpt>
      <trkpt lat="50.329595" lon="7.597124">
        <ele>78.653348</ele>
        <time>2026-08-08T16:08:00.297Z</time>
      </trkpt>
      <trkpt lat="50.329435" lon="7.597095">
        <ele>78.641175</ele>
        <time>2026-08-08T16:08:04.814Z</time>
      </trkpt>
      <trkpt lat="50.329311" lon="7.597073">
        <ele>78.631743</ele>
        <time>2026-08-08T16:08:07.599Z</time>
      </trkpt>
      <trkpt lat="50.329116" lon="7.597053">
        <ele>78.616973</ele>
        <time>2026-08-08T16:08:11.915Z</time>
      </trkpt>
      <trkpt lat="50.328915" lon="7.597097">
        <ele>78.543488</ele>
        <time>2026-08-08T16:08:16.223Z</time>
      </trkpt>
      <trkpt lat="50.328769" lon="7.597123">
        <ele>78.176908</ele>
        <time>2026-08-08T16:08:19.189Z</time>
      </trkpt>
      <trkpt lat="50.328348" lon="7.597096">
        <ele>77.125736</ele>
        <time>2026-08-08T16:08:26.958Z</time>
      </trkpt>
      <trkpt lat="50.328335" lon="7.597097">
        <ele>77.093265</ele>
        <time>2026-08-08T16:08:27.183Z</time>
      </trkpt>
      <trkpt lat="50.328343" lon="7.596211">
        <ele>75.682063</ele>
        <time>2026-08-08T16:08:36.919Z</time>
      </trkpt>
      <trkpt lat="50.328353" lon="7.594931">
        <ele>73.540035</ele>
        <time>2026-08-08T16:08:49.434Z</time>
      </trkpt>
      <trkpt lat="50.328353" lon="7.594853">
        <ele>73.388670</ele>
        <time>2026-08-08T16:08:52.924Z</time>
      </trkpt>
      <trkpt lat="50.328297" lon="7.594806">
        <ele>73.195547</ele>
        <time>2026-08-08T16:08:57.357Z</time>
      </trkpt>
      <trkpt lat="50.328275" lon="7.594760">
        <ele>73.084008</ele>
        <time>2026-08-08T16:08:59.908Z</time>
      </trkpt>
      <trkpt lat="50.328203" lon="7.594727">
        <ele>72.855966</ele>
        <time>2026-08-08T16:09:09.138Z</time>
      </trkpt>
      <trkpt lat="50.328301" lon="7.594642">
        <ele>72.515447</ele>
        <time>2026-08-08T16:09:11.561Z</time>
      </trkpt>
      <trkpt lat="50.328352" lon="7.594551">
        <ele>72.280459</ele>
        <time>2026-08-08T16:09:13.237Z</time>
      </trkpt>
      <trkpt lat="50.328414" lon="7.594403">
        <ele>71.936938</ele>
        <time>2026-08-08T16:09:15.739Z</time>
      </trkpt>
      <trkpt lat="50.328460" lon="7.594138">
        <ele>71.404015</ele>
        <time>2026-08-08T16:09:18.541Z</time>
      </trkpt>
      <trkpt lat="50.327329" lon="7.593693">
        <ele>68.419602</ele>
        <time>2026-08-08T16:09:38.700Z</time>
      </trkpt>
      <trkpt lat="50.326653" lon="7.593333">
        <ele>67.789692</ele>
        <time>2026-08-08T16:09:53.429Z</time>
      </trkpt>
      <trkpt lat="50.325203" lon="7.592455">
        <ele>66.518883</ele>
        <time>2026-08-08T16:10:24.163Z</time>
      </trkpt>
      <trkpt lat="50.324535" lon="7.591966">
        <ele>65.970109</ele>
        <time>2026-08-08T16:10:49.416Z</time>
      </trkpt>
      <trkpt lat="50.323549" lon="7.591568">
        <ele>65.264348</ele>
        <time>2026-08-08T16:11:09.815Z</time>
      </trkpt>
      <trkpt lat="50.321599" lon="7.590882">
        <ele>63.931123</ele>
        <time>2026-08-08T16:11:49.544Z</time>
      </trkpt>
      <trkpt lat="50.321501" lon="7.590898">
        <ele>63.865563</ele>
        <time>2026-08-08T16:11:51.478Z</time>
      </trkpt>
      <trkpt lat="50.320365" lon="7.591085">
        <ele>63.329364</ele>
        <time>2026-08-08T16:12:14.332Z</time>
      </trkpt>
      <trkpt lat="50.320046" lon="7.591137">
        <ele>63.334378</ele>
        <time>2026-08-08T16:12:20.795Z</time>
      </trkpt>
      <trkpt lat="50.319946" lon="7.591157">
        <ele>63.335954</ele>
        <time>2026-08-08T16:12:22.850Z</time>
      </trkpt>
      <trkpt lat="50.319883" lon="7.591242">
        <ele>63.337254</ele>
        <time>2026-08-08T16:12:24.580Z</time>
      </trkpt>
      <trkpt lat="50.319003" lon="7.591400">
        <ele>63.351101</ele>
        <time>2026-08-08T16:12:43.656Z</time>
      </trkpt>
      <trkpt lat="50.317899" lon="7.591605">
        <ele>63.985582</ele>
        <time>2026-08-08T16:13:08.549Z</time>
      </trkpt>
      <trkpt lat="50.317390" lon="7.591690">
        <ele>64.299609</ele>
        <time>2026-08-08T16:13:19.958Z</time>
      </trkpt>
      <trkpt lat="50.316816" lon="7.591840">
        <ele>64.353908</ele>
        <time>2026-08-08T16:13:32.432Z</time>
      </trkpt>
      <trkpt lat="50.314817" lon="7.592181">
        <ele>63.625781</ele>
        <time>2026-08-08T16:14:12.915Z</time>
      </trkpt>
      <trkpt lat="50.313474" lon="7.592394">
        <ele>62.979902</ele>
        <time>2026-08-08T16:14:40.184Z</time>
      </trkpt>
      <trkpt lat="50.313423" lon="7.592409">
        <ele>62.971397</ele>
        <time>2026-08-08T16:14:41.251Z</time>
      </trkpt>
      <trkpt lat="50.313175" lon="7.592537">
        <ele>62.928602</ele>
        <time>2026-08-08T16:14:46.601Z</time>
      </trkpt>
      <trkpt lat="50.312979" lon="7.592560">
        <ele>62.896389</ele>
        <time>2026-08-08T16:14:50.638Z</time>
      </trkpt>
      <trkpt lat="50.312811" lon="7.592641">
        <ele>62.867580</ele>
        <time>2026-08-08T16:14:54.282Z</time>
      </trkpt>
      <trkpt lat="50.312784" lon="7.592745">
        <ele>62.855830</ele>
        <time>2026-08-08T16:14:55.778Z</time>
      </trkpt>
      <trkpt lat="50.311951" lon="7.593155">
        <ele>62.712724</ele>
        <time>2026-08-08T16:15:14.098Z</time>
      </trkpt>
      <trkpt lat="50.310767" lon="7.594021">
        <ele>62.682577</ele>
        <time>2026-08-08T16:15:41.584Z</time>
      </trkpt>
      <trkpt lat="50.310723" lon="7.593966">
        <ele>62.681779</ele>
        <time>2026-08-08T16:15:42.741Z</time>
      </trkpt>
      <trkpt lat="50.310703" lon="7.593895">
        <ele>62.681077</ele>
        <time>2026-08-08T16:15:43.755Z</time>
      </trkpt>
      <trkpt lat="50.309990" lon="7.594604">
        <ele>62.718537</ele>
        <time>2026-08-08T16:16:01.782Z</time>
      </trkpt>
      <trkpt lat="50.309973" lon="7.594623">
        <ele>62.720951</ele>
        <time>2026-08-08T16:16:02.210Z</time>
      </trkpt>
      <trkpt lat="50.309738" lon="7.594880">
        <ele>62.754078</ele>
        <time>2026-08-08T16:16:08.250Z</time>
      </trkpt>
      <trkpt lat="50.309370" lon="7.595492">
        <ele>62.816118</ele>
        <time>2026-08-08T16:16:19.658Z</time>
      </trkpt>
      <trkpt lat="50.309290" lon="7.595559">
        <ele>62.826603</ele>
        <time>2026-08-08T16:16:21.566Z</time>
      </trkpt>
      <trkpt lat="50.309142" lon="7.595820">
        <ele>62.852364</ele>
        <time>2026-08-08T16:16:26.255Z</time>
      </trkpt>
      <trkpt lat="50.308741" lon="7.596789">
        <ele>63.025757</ele>
        <time>2026-08-08T16:16:42.224Z</time>
      </trkpt>
      <trkpt lat="50.308713" lon="7.597379">
        <ele>63.139154</ele>
        <time>2026-08-08T16:16:50.137Z</time>
      </trkpt>
      <trkpt lat="50.308745" lon="7.597618">
        <ele>63.185958</ele>
        <time>2026-08-08T16:16:53.450Z</time>
      </trkpt>
      <trkpt lat="50.308716" lon="7.597823">
        <ele>63.226203</ele>
        <time>2026-08-08T16:16:56.283Z</time>
      </trkpt>
      <trkpt lat="50.308681" lon="7.598454">
        <ele>63.347602</ele>
        <time>2026-08-08T16:17:05.141Z</time>
      </trkpt>
      <trkpt lat="50.308591" lon="7.599087">
        <ele>63.478859</ele>
        <time>2026-08-08T16:17:14.370Z</time>
      </trkpt>
      <trkpt lat="50.308563" lon="7.599172">
        <ele>63.499757</ele>
        <time>2026-08-08T16:17:15.735Z</time>
      </trkpt>
      <trkpt lat="50.308524" lon="7.599308">
        <ele>63.532331</ele>
        <time>2026-08-08T16:17:17.846Z</time>
      </trkpt>
      <trkpt lat="50.308503" lon="7.599382">
        <ele>63.550024</ele>
        <time>2026-08-08T16:17:18.984Z</time>
      </trkpt>
      <trkpt lat="50.308450" lon="7.599635">
        <ele>63.608203</ele>
        <time>2026-08-08T16:17:22.769Z</time>
      </trkpt>
      <trkpt lat="50.308578" lon="7.600669">
        <ele>63.838337</ele>
        <time>2026-08-08T16:17:39.029Z</time>
      </trkpt>
      <trkpt lat="50.308660" lon="7.601300">
        <ele>63.979035</ele>
        <time>2026-08-08T16:17:48.628Z</time>
      </trkpt>
      <trkpt lat="50.308677" lon="7.601569">
        <ele>64.037689</ele>
        <time>2026-08-08T16:17:53.279Z</time>
      </trkpt>
      <trkpt lat="50.308698" lon="7.601889">
        <ele>64.056902</ele>
        <time>2026-08-08T16:17:57.844Z</time>
      </trkpt>
      <trkpt lat="50.308705" lon="7.602354">
        <ele>64.084683</ele>
        <time>2026-08-08T16:18:04.472Z</time>
      </trkpt>
      <trkpt lat="50.308712" lon="7.602745">
        <ele>64.108046</ele>
        <time>2026-08-08T16:18:09.931Z</time>
      </trkpt>
      <trkpt lat="50.308695" lon="7.602873">
        <ele>64.115854</ele>
        <time>2026-08-08T16:18:11.611Z</time>
      </trkpt>
      <trkpt lat="50.308646" lon="7.602952">
        <ele>64.122432</ele>
        <time>2026-08-08T16:18:13.082Z</time>
      </trkpt>
      <trkpt lat="50.308654" lon="7.603837">
        <ele>64.175296</ele>
        <time>2026-08-08T16:18:24.242Z</time>
      </trkpt>
      <trkpt lat="50.308934" lon="7.603876">
        <ele>64.201585</ele>
        <time>2026-08-08T16:18:32.103Z</time>
      </trkpt>
      <trkpt lat="50.308984" lon="7.603940">
        <ele>64.247210</ele>
        <time>2026-08-08T16:18:33.923Z</time>
      </trkpt>
      <trkpt lat="50.308914" lon="7.604029">
        <ele>64.433291</ele>
        <time>2026-08-08T16:18:36.032Z</time>
      </trkpt>
      <trkpt lat="50.308698" lon="7.604013">
        <ele>64.879538</ele>
        <time>2026-08-08T16:18:41.219Z</time>
      </trkpt>
      <trkpt lat="50.307898" lon="7.604126">
        <ele>66.537164</ele>
        <time>2026-08-08T16:19:01.009Z</time>
      </trkpt>
      <trkpt lat="50.307695" lon="7.604149">
        <ele>66.957180</ele>
        <time>2026-08-08T16:19:05.678Z</time>
      </trkpt>
      <trkpt lat="50.307506" lon="7.604172">
        <ele>67.348387</ele>
        <time>2026-08-08T16:19:10.188Z</time>
      </trkpt>
      <trkpt lat="50.307368" lon="7.604183">
        <ele>67.633539</ele>
        <time>2026-08-08T16:19:13.485Z</time>
      </trkpt>
      <trkpt lat="50.307315" lon="7.604176">
        <ele>67.743301</ele>
        <time>2026-08-08T16:19:14.738Z</time>
      </trkpt>
      <trkpt lat="50.307194" lon="7.604154">
        <ele>67.955470</ele>
        <time>2026-08-08T16:19:17.586Z</time>
      </trkpt>
      <trkpt lat="50.307084" lon="7.604123">
        <ele>68.068911</ele>
        <time>2026-08-08T16:19:20.189Z</time>
      </trkpt>
      <trkpt lat="50.306988" lon="7.604096">
        <ele>68.167907</ele>
        <time>2026-08-08T16:19:22.407Z</time>
      </trkpt>
      <trkpt lat="50.306908" lon="7.604074">
        <ele>68.250348</ele>
        <time>2026-08-08T16:19:24.279Z</time>
      </trkpt>
      <trkpt lat="50.306662" lon="7.604008">
        <ele>68.503670</ele>
        <time>2026-08-08T16:19:29.855Z</time>
      </trkpt>
      <trkpt lat="50.306515" lon="7.603969">
        <ele>68.654997</ele>
        <time>2026-08-08T16:19:33.073Z</time>
      </trkpt>
      <trkpt lat="50.306324" lon="7.603916">
        <ele>68.851877</ele>
        <time>2026-08-08T16:19:37.254Z</time>
      </trkpt>
      <trkpt lat="50.306286" lon="7.603905">
        <ele>68.891100</ele>
        <time>2026-08-08T16:19:38.091Z</time>
      </trkpt>
      <trkpt lat="50.305333" lon="7.603647">
        <ele>69.888565</ele>
        <time>2026-08-08T16:19:59.679Z</time>
      </trkpt>
      <trkpt lat="50.305243" lon="7.603644">
        <ele>69.991102</ele>
        <time>2026-08-08T16:20:01.711Z</time>
      </trkpt>
      <trkpt lat="50.305168" lon="7.603656">
        <ele>70.076974</ele>
        <time>2026-08-08T16:20:03.417Z</time>
      </trkpt>
      <trkpt lat="50.304790" lon="7.603759">
        <ele>70.514001</ele>
        <time>2026-08-08T16:20:12.104Z</time>
      </trkpt>
      <trkpt lat="50.304721" lon="7.603774">
        <ele>70.593349</ele>
        <time>2026-08-08T16:20:13.675Z</time>
      </trkpt>
      <trkpt lat="50.304613" lon="7.603770">
        <ele>70.716399</ele>
        <time>2026-08-08T16:20:16.131Z</time>
      </trkpt>
      <trkpt lat="50.304429" lon="7.603802">
        <ele>70.927271</ele>
        <time>2026-08-08T16:20:20.344Z</time>
      </trkpt>
      <trkpt lat="50.304382" lon="7.603804">
        <ele>70.980825</ele>
        <time>2026-08-08T16:20:21.417Z</time>
      </trkpt>
      <trkpt lat="50.304240" lon="7.603593">
        <ele>71.203815</ele>
        <time>2026-08-08T16:20:25.872Z</time>
      </trkpt>
      <trkpt lat="50.304163" lon="7.603525">
        <ele>71.304511</ele>
        <time>2026-08-08T16:20:27.884Z</time>
      </trkpt>
      <trkpt lat="50.304000" lon="7.603399">
        <ele>71.511570</ele>
        <time>2026-08-08T16:20:32.039Z</time>
      </trkpt>
      <trkpt lat="50.303899" lon="7.603371">
        <ele>71.628403</ele>
        <time>2026-08-08T16:20:34.364Z</time>
      </trkpt>
      <trkpt lat="50.303391" lon="7.603482">
        <ele>72.246034</ele>
        <time>2026-08-08T16:20:45.968Z</time>
      </trkpt>
      <trkpt lat="50.302209" lon="7.603757">
        <ele>73.715166</ele>
        <time>2026-08-08T16:21:13.434Z</time>
      </trkpt>
      <trkpt lat="50.302137" lon="7.603801">
        <ele>73.810189</ele>
        <time>2026-08-08T16:21:15.191Z</time>
      </trkpt>
      <trkpt lat="50.301746" lon="7.604265">
        <ele>73.327093</ele>
        <time>2026-08-08T16:21:26.154Z</time>
      </trkpt>
      <trkpt lat="50.301600" lon="7.604440">
        <ele>72.954626</ele>
        <time>2026-08-08T16:21:29.908Z</time>
      </trkpt>
      <trkpt lat="50.301304" lon="7.604701">
        <ele>72.266481</ele>
        <time>2026-08-08T16:21:36.066Z</time>
      </trkpt>
      <trkpt lat="50.301202" lon="7.604721">
        <ele>72.058252</ele>
        <time>2026-08-08T16:21:37.807Z</time>
      </trkpt>
      <trkpt lat="50.301040" lon="7.604732">
        <ele>71.729792</ele>
        <time>2026-08-08T16:21:40.506Z</time>
      </trkpt>
      <trkpt lat="50.300927" lon="7.604738">
        <ele>71.500764</ele>
        <time>2026-08-08T16:21:42.328Z</time>
      </trkpt>
      <trkpt lat="50.300839" lon="7.604741">
        <ele>71.322467</ele>
        <time>2026-08-08T16:21:43.721Z</time>
      </trkpt>
      <trkpt lat="50.300548" lon="7.603867">
        <ele>70.004478</ele>
        <time>2026-08-08T16:21:53.405Z</time>
      </trkpt>
      <trkpt lat="50.300458" lon="7.603624">
        <ele>69.591343</ele>
        <time>2026-08-08T16:21:56.166Z</time>
      </trkpt>
      <trkpt lat="50.300390" lon="7.603436">
        <ele>69.273582</ele>
        <time>2026-08-08T16:21:58.289Z</time>
      </trkpt>
      <trkpt lat="50.300218" lon="7.602912">
        <ele>68.407083</ele>
        <time>2026-08-08T16:22:04.201Z</time>
      </trkpt>
      <trkpt lat="50.299093" lon="7.603914">
        <ele>66.201123</ele>
        <time>2026-08-08T16:22:29.856Z</time>
      </trkpt>
      <trkpt lat="50.298966" lon="7.604054">
        <ele>66.193396</ele>
        <time>2026-08-08T16:22:33.361Z</time>
      </trkpt>
      <trkpt lat="50.298610" lon="7.604347">
        <ele>66.173385</ele>
        <time>2026-08-08T16:22:42.338Z</time>
      </trkpt>
      <trkpt lat="50.298209" lon="7.604731">
        <ele>66.149998</ele>
        <time>2026-08-08T16:22:52.495Z</time>
      </trkpt>
      <trkpt lat="50.297894" lon="7.604982">
        <ele>66.132413</ele>
        <time>2026-08-08T16:22:59.797Z</time>
      </trkpt>
      <trkpt lat="50.297753" lon="7.605097">
        <ele>66.069045</ele>
        <time>2026-08-08T16:23:02.969Z</time>
      </trkpt>
      <trkpt lat="50.297737" lon="7.605107">
        <ele>66.056963</ele>
        <time>2026-08-08T16:23:03.290Z</time>
      </trkpt>
      <trkpt lat="50.297667" lon="7.604915">
        <ele>65.957929</ele>
        <time>2026-08-08T16:23:06.065Z</time>
      </trkpt>
      <trkpt lat="50.297606" lon="7.604756">
        <ele>65.874842</ele>
        <time>2026-08-08T16:23:08.379Z</time>
      </trkpt>
      <trkpt lat="50.297558" lon="7.604702">
        <ele>65.833389</ele>
        <time>2026-08-08T16:23:09.494Z</time>
      </trkpt>
      <trkpt lat="50.297376" lon="7.604868">
        <ele>65.685672</ele>
        <time>2026-08-08T16:23:13.585Z</time>
      </trkpt>
      <trkpt lat="50.297304" lon="7.604970">
        <ele>65.617574</ele>
        <time>2026-08-08T16:23:15.400Z</time>
      </trkpt>
      <trkpt lat="50.296882" lon="7.605366">
        <ele>65.272534</ele>
        <time>2026-08-08T16:23:24.925Z</time>
      </trkpt>
      <trkpt lat="50.296716" lon="7.605591">
        <ele>65.118548</ele>
        <time>2026-08-08T16:23:29.287Z</time>
      </trkpt>
      <trkpt lat="50.296444" lon="7.606057">
        <ele>64.853036</ele>
        <time>2026-08-08T16:23:37.402Z</time>
      </trkpt>
      <trkpt lat="50.296385" lon="7.606074">
        <ele>64.833947</ele>
        <time>2026-08-08T16:23:38.620Z</time>
      </trkpt>
      <trkpt lat="50.296139" lon="7.606253">
        <ele>64.747626</ele>
        <time>2026-08-08T16:23:44.214Z</time>
      </trkpt>
      <trkpt lat="50.295496" lon="7.606952">
        <ele>64.498523</ele>
        <time>2026-08-08T16:24:00.626Z</time>
      </trkpt>
      <trkpt lat="50.295096" lon="7.607460">
        <ele>64.334621</ele>
        <time>2026-08-08T16:24:11.111Z</time>
      </trkpt>
      <trkpt lat="50.294524" lon="7.608089">
        <ele>64.005516</ele>
        <time>2026-08-08T16:24:25.190Z</time>
      </trkpt>
      <trkpt lat="50.294402" lon="7.608330">
        <ele>63.906547</ele>
        <time>2026-08-08T16:24:29.087Z</time>
      </trkpt>
      <trkpt lat="50.294388" lon="7.608407">
        <ele>63.880780</ele>
        <time>2026-08-08T16:24:30.114Z</time>
      </trkpt>
      <trkpt lat="50.294327" lon="7.608458">
        <ele>63.845938</ele>
        <time>2026-08-08T16:24:31.489Z</time>
      </trkpt>
      <trkpt lat="50.293687" lon="7.609094">
        <ele>63.464004</ele>
        <time>2026-08-08T16:24:46.668Z</time>
      </trkpt>
      <trkpt lat="50.292635" lon="7.610302">
        <ele>63.198086</ele>
        <time>2026-08-08T16:25:13.452Z</time>
      </trkpt>
      <trkpt lat="50.291461" lon="7.611843">
        <ele>63.214907</ele>
        <time>2026-08-08T16:25:46.218Z</time>
      </trkpt>
      <trkpt lat="50.291435" lon="7.611911">
        <ele>63.221911</ele>
        <time>2026-08-08T16:25:47.281Z</time>
      </trkpt>
      <trkpt lat="50.291380" lon="7.612054">
        <ele>63.236662</ele>
        <time>2026-08-08T16:25:49.581Z</time>
      </trkpt>
      <trkpt lat="50.291047" lon="7.612605">
        <ele>63.303692</ele>
        <time>2026-08-08T16:25:59.933Z</time>
      </trkpt>
      <trkpt lat="50.289455" lon="7.615475">
        <ele>63.968405</ele>
        <time>2026-08-08T16:26:51.842Z</time>
      </trkpt>
      <trkpt lat="50.289036" lon="7.616300">
        <ele>64.492337</ele>
        <time>2026-08-08T16:27:06.870Z</time>
      </trkpt>
      <trkpt lat="50.288552" lon="7.617279">
        <ele>65.111112</ele>
        <time>2026-08-08T16:27:24.737Z</time>
      </trkpt>
      <trkpt lat="50.288076" lon="7.618159">
        <ele>65.774797</ele>
        <time>2026-08-08T16:27:41.469Z</time>
      </trkpt>
      <trkpt lat="50.287283" lon="7.619635">
        <ele>66.705899</ele>
        <time>2026-08-08T16:28:08.940Z</time>
      </trkpt>
      <trkpt lat="50.286028" lon="7.621838">
        <ele>66.589255</ele>
        <time>2026-08-08T16:28:48.047Z</time>
      </trkpt>
      <trkpt lat="50.285670" lon="7.622380">
        <ele>66.396617</ele>
        <time>2026-08-08T16:28:58.091Z</time>
      </trkpt>
      <trkpt lat="50.285199" lon="7.623171">
        <ele>66.129427</ele>
        <time>2026-08-08T16:29:12.056Z</time>
      </trkpt>
      <trkpt lat="50.284822" lon="7.623877">
        <ele>65.955537</ele>
        <time>2026-08-08T16:29:24.075Z</time>
      </trkpt>
      <trkpt lat="50.284085" lon="7.625015">
        <ele>65.765523</ele>
        <time>2026-08-08T16:29:45.366Z</time>
      </trkpt>
      <trkpt lat="50.283790" lon="7.625528">
        <ele>65.684588</ele>
        <time>2026-08-08T16:29:54.758Z</time>
      </trkpt>
      <trkpt lat="50.283535" lon="7.626184">
        <ele>65.631521</ele>
        <time>2026-08-08T16:30:05.319Z</time>
      </trkpt>
      <trkpt lat="50.283448" lon="7.626415">
        <ele>65.614760</ele>
        <time>2026-08-08T16:30:08.988Z</time>
      </trkpt>
      <trkpt lat="50.283008" lon="7.627081">
        <ele>65.554877</ele>
        <time>2026-08-08T16:30:21.929Z</time>
      </trkpt>
      <trkpt lat="50.282890" lon="7.627158">
        <ele>65.542370</ele>
        <time>2026-08-08T16:30:24.581Z</time>
      </trkpt>
      <trkpt lat="50.282854" lon="7.627183">
        <ele>65.538517</ele>
        <time>2026-08-08T16:30:25.383Z</time>
      </trkpt>
      <trkpt lat="50.282521" lon="7.627447">
        <ele>65.501999</ele>
        <time>2026-08-08T16:30:32.965Z</time>
      </trkpt>
      <trkpt lat="50.282066" lon="7.627899">
        <ele>65.424844</ele>
        <time>2026-08-08T16:30:43.648Z</time>
      </trkpt>
      <trkpt lat="50.281813" lon="7.628209">
        <ele>65.377574</ele>
        <time>2026-08-08T16:30:50.108Z</time>
      </trkpt>
      <trkpt lat="50.281373" lon="7.628863">
        <ele>65.288303</ele>
        <time>2026-08-08T16:31:02.907Z</time>
      </trkpt>
      <trkpt lat="50.280495" lon="7.630477">
        <ele>65.416438</ele>
        <time>2026-08-08T16:31:32.532Z</time>
      </trkpt>
      <trkpt lat="50.280063" lon="7.631268">
        <ele>65.540801</ele>
        <time>2026-08-08T16:31:46.539Z</time>
      </trkpt>
      <trkpt lat="50.280055" lon="7.631282">
        <ele>65.543045</ele>
        <time>2026-08-08T16:31:46.787Z</time>
      </trkpt>
      <trkpt lat="50.278534" lon="7.634039">
        <ele>65.006443</ele>
        <time>2026-08-08T16:32:34.171Z</time>
      </trkpt>
      <trkpt lat="50.276818" lon="7.637145">
        <ele>65.678392</ele>
        <time>2026-08-08T16:33:31.357Z</time>
      </trkpt>
      <trkpt lat="50.276761" lon="7.637237">
        <ele>65.704507</ele>
        <time>2026-08-08T16:33:33.075Z</time>
      </trkpt>
      <trkpt lat="50.276176" lon="7.638246">
        <ele>65.982825</ele>
        <time>2026-08-08T16:33:51.633Z</time>
      </trkpt>
      <trkpt lat="50.275962" lon="7.638693">
        <ele>66.097298</ele>
        <time>2026-08-08T16:33:59.288Z</time>
      </trkpt>
      <trkpt lat="50.275958" lon="7.638700">
        <ele>66.099223</ele>
        <time>2026-08-08T16:33:59.414Z</time>
      </trkpt>
      <trkpt lat="50.275319" lon="7.639891">
        <ele>66.417951</ele>
        <time>2026-08-08T16:34:21.097Z</time>
      </trkpt>
      <trkpt lat="50.274588" lon="7.641216">
        <ele>66.733571</ele>
        <time>2026-08-08T16:34:45.504Z</time>
      </trkpt>
      <trkpt lat="50.274467" lon="7.641415">
        <ele>66.782607</ele>
        <time>2026-08-08T16:34:50.374Z</time>
      </trkpt>
      <trkpt lat="50.274358" lon="7.641592">
        <ele>66.826488</ele>
        <time>2026-08-08T16:34:54.730Z</time>
      </trkpt>
      <trkpt lat="50.273896" lon="7.642313">
        <ele>66.875729</ele>
        <time>2026-08-08T16:35:12.736Z</time>
      </trkpt>
      <trkpt lat="50.273416" lon="7.642945">
        <ele>66.687247</ele>
        <time>2026-08-08T16:35:29.756Z</time>
      </trkpt>
      <trkpt lat="50.273123" lon="7.643194">
        <ele>66.587069</ele>
        <time>2026-08-08T16:35:36.445Z</time>
      </trkpt>
      <trkpt lat="50.272918" lon="7.643485">
        <ele>66.503907</ele>
        <time>2026-08-08T16:35:42.002Z</time>
      </trkpt>
      <trkpt lat="50.272805" lon="7.643606">
        <ele>66.462767</ele>
        <time>2026-08-08T16:35:44.766Z</time>
      </trkpt>
      <trkpt lat="50.272398" lon="7.644103">
        <ele>66.561875</ele>
        <time>2026-08-08T16:35:55.343Z</time>
      </trkpt>
      <trkpt lat="50.271815" lon="7.644908">
        <ele>66.942949</ele>
        <time>2026-08-08T16:36:12.049Z</time>
      </trkpt>
      <trkpt lat="50.271854" lon="7.644979">
        <ele>66.972273</ele>
        <time>2026-08-08T16:36:16.211Z</time>
      </trkpt>
      <trkpt lat="50.271886" lon="7.645039">
        <ele>66.996751</ele>
        <time>2026-08-08T16:36:19.680Z</time>
      </trkpt>
      <trkpt lat="50.271985" lon="7.644904">
        <ele>67.061111</ele>
        <time>2026-08-08T16:36:23.370Z</time>
      </trkpt>
      <trkpt lat="50.272011" lon="7.644953">
        <ele>67.081060</ele>
        <time>2026-08-08T16:36:24.513Z</time>
      </trkpt>
      <trkpt lat="50.272045" lon="7.645011">
        <ele>67.105712</ele>
        <time>2026-08-08T16:36:25.911Z</time>
      </trkpt>
      <trkpt lat="50.272058" lon="7.645034">
        <ele>67.115329</ele>
        <time>2026-08-08T16:36:26.456Z</time>
      </trkpt>
      <trkpt lat="50.272146" lon="7.645188">
        <ele>67.180035</ele>
        <time>2026-08-08T16:36:30.163Z</time>
      </trkpt>
      <trkpt lat="50.272300" lon="7.645003">
        <ele>67.275189</ele>
        <time>2026-08-08T16:36:35.635Z</time>
      </trkpt>
      <trkpt lat="50.272609" lon="7.644638">
        <ele>67.285759</ele>
        <time>2026-08-08T16:36:46.516Z</time>
      </trkpt>
      <trkpt lat="50.272670" lon="7.644650">
        <ele>67.285759</ele>
        <time>2026-08-08T16:36:48.253Z</time>
      </trkpt>
      <trkpt lat="50.272961" lon="7.645017">
        <ele>67.285759</ele>
        <time>2026-08-08T16:36:58.826Z</time>
      </trkpt>
      <trkpt lat="50.273012" lon="7.644959">
        <ele>67.285759</ele>
        <time>2026-08-08T16:37:00.595Z</time>
      </trkpt>
      <trkpt lat="50.273153" lon="7.645150">
        <ele>67.285759</ele>
        <time>2026-08-08T16:37:05.014Z</time>
      </trkpt>
      <trkpt lat="50.273336" lon="7.645388">
        <ele>67.285759</ele>
        <time>2026-08-08T16:37:10.706Z</time>
      </trkpt>
      <trkpt lat="50.273458" lon="7.645604">
        <ele>67.285759</ele>
        <time>2026-08-08T16:37:15.146Z</time>
      </trkpt>
      <trkpt lat="50.273557" lon="7.645689">
        <ele>67.285759</ele>
        <time>2026-08-08T16:37:17.904Z</time>
      </trkpt>
      <trkpt lat="50.273882" lon="7.645894">
        <ele>67.285759</ele>
        <time>2026-08-08T16:37:26.228Z</time>
      </trkpt>
      <trkpt lat="50.273949" lon="7.645975">
        <ele>67.285759</ele>
        <time>2026-08-08T16:37:28.233Z</time>
      </trkpt>
      <trkpt lat="50.274033" lon="7.646228">
        <ele>67.285759</ele>
        <time>2026-08-08T16:37:32.521Z</time>
      </trkpt>
      <trkpt lat="50.274209" lon="7.646104">
        <ele>67.285759</ele>
        <time>2026-08-08T16:37:56.351Z</time>
      </trkpt>
      <trkpt lat="50.274273" lon="7.645899">
        <ele>67.285759</ele>
        <time>2026-08-08T16:38:06.488Z</time>
      </trkpt>
    </trkseg>
  </trk>
</gpx>