<?xml version='1.0' encoding='UTF-8'?>
<gpx version="1.1" creator="https://www.komoot.de" xmlns="http://www.topografix.com/GPX/1/1" xmlns:xsi="http://www.w3.org/2001/XMLSchema-instance" xsi:schemaLocation="http://www.topografix.com/GPX/1/1 http://www.topografix.com/GPX/1/1/gpx.xsd">
  <metadata>
    <name>Ahrtal und Eifel - Tag 2 - von Findling nach Waldkönigen</name>
    <author>
      <link href="https://www.komoot.de">
        <text>komoot</text>
        <type>text/html</type>
      </link>
    </author>
  </metadata>
  <wpt lat="50.442476" lon="6.917105">
    <name>Mohn- und Kamillenfeld in Insul</name>
    <sym>Flag, Blue</sym>
  </wpt>
  <wpt lat="50.442936" lon="6.907703">
    <name>Insul‑Tunnel am Ahr‑Radweg</name>
    <sym>Flag, Blue</sym>
  </wpt>
  <wpt lat="50.447626" lon="6.893958">
    <name>Eifelpanorama</name>
    <sym>Flag, Blue</sym>
  </wpt>
  <wpt lat="50.447946" lon="6.890329">
    <name>Ahr in Schuld</name>
    <sym>Flag, Blue</sym>
  </wpt>
  <wpt lat="50.268262" lon="6.772870">
    <name>Vulkania Heilquelle</name>
    <sym>Flag, Blue</sym>
  </wpt>
  <wpt lat="50.260152" lon="6.772506">
    <name>Dreiser Weiher</name>
    <sym>Flag, Blue</sym>
  </wpt>
  <trk>
    <name>Ahrtal und Eifel - Tag 2 - von Findling nach Waldkönigen</name>
    <type>e_touring_bicycle</type>
    <trkseg>
      <trkpt lat="50.542985" lon="7.134469">
        <ele>95.201799</ele>
        <time>2026-08-08T10:07:13.245Z</time>
      </trkpt>
      <trkpt lat="50.542989" lon="7.133534">
        <ele>95.201799</ele>
        <time>2026-08-08T10:07:25.961Z</time>
      </trkpt>
      <trkpt lat="50.542948" lon="7.133535">
        <ele>95.201799</ele>
        <time>2026-08-08T10:07:27.366Z</time>
      </trkpt>
      <trkpt lat="50.542977" lon="7.132875">
        <ele>95.309192</ele>
        <time>2026-08-08T10:07:36.501Z</time>
      </trkpt>
      <trkpt lat="50.543136" lon="7.131391">
        <ele>95.966240</ele>
        <time>2026-08-08T10:07:57.721Z</time>
      </trkpt>
      <trkpt lat="50.543112" lon="7.131142">
        <ele>96.076195</ele>
        <time>2026-08-08T10:08:01.294Z</time>
      </trkpt>
      <trkpt lat="50.543127" lon="7.130874">
        <ele>96.193654</ele>
        <time>2026-08-08T10:08:05.139Z</time>
      </trkpt>
      <trkpt lat="50.543227" lon="7.130201">
        <ele>96.460184</ele>
        <time>2026-08-08T10:08:15.003Z</time>
      </trkpt>
      <trkpt lat="50.543273" lon="7.130021">
        <ele>96.493379</ele>
        <time>2026-08-08T10:08:17.758Z</time>
      </trkpt>
      <trkpt lat="50.543239" lon="7.128531">
        <ele>96.748489</ele>
        <time>2026-08-08T10:08:38.316Z</time>
      </trkpt>
      <trkpt lat="50.543236" lon="7.128435">
        <ele>96.764935</ele>
        <time>2026-08-08T10:08:39.601Z</time>
      </trkpt>
      <trkpt lat="50.543224" lon="7.127691">
        <ele>96.892278</ele>
        <time>2026-08-08T10:08:49.468Z</time>
      </trkpt>
      <trkpt lat="50.543082" lon="7.126530">
        <ele>96.753740</ele>
        <time>2026-08-08T10:09:05.037Z</time>
      </trkpt>
      <trkpt lat="50.542915" lon="7.125161">
        <ele>96.521840</ele>
        <time>2026-08-08T10:09:23.415Z</time>
      </trkpt>
      <trkpt lat="50.542840" lon="7.124005">
        <ele>96.194833</ele>
        <time>2026-08-08T10:09:38.174Z</time>
      </trkpt>
      <trkpt lat="50.542828" lon="7.123811">
        <ele>96.126985</ele>
        <time>2026-08-08T10:09:40.620Z</time>
      </trkpt>
      <trkpt lat="50.542771" lon="7.122906">
        <ele>95.810427</ele>
        <time>2026-08-08T10:09:52.074Z</time>
      </trkpt>
      <trkpt lat="50.542763" lon="7.122779">
        <ele>95.766003</ele>
        <time>2026-08-08T10:09:53.891Z</time>
      </trkpt>
      <trkpt lat="50.542834" lon="7.122454">
        <ele>95.646379</ele>
        <time>2026-08-08T10:09:58.757Z</time>
      </trkpt>
      <trkpt lat="50.542829" lon="7.122356">
        <ele>95.612157</ele>
        <time>2026-08-08T10:10:00.173Z</time>
      </trkpt>
      <trkpt lat="50.542784" lon="7.121453">
        <ele>95.545189</ele>
        <time>2026-08-08T10:10:13.288Z</time>
      </trkpt>
      <trkpt lat="50.542779" lon="7.121352">
        <ele>95.561775</ele>
        <time>2026-08-08T10:10:14.660Z</time>
      </trkpt>
      <trkpt lat="50.542760" lon="7.121219">
        <ele>95.584095</ele>
        <time>2026-08-08T10:10:16.506Z</time>
      </trkpt>
      <trkpt lat="50.542713" lon="7.120875">
        <ele>95.641705</ele>
        <time>2026-08-08T10:10:21.357Z</time>
      </trkpt>
      <trkpt lat="50.542717" lon="7.120563">
        <ele>95.692800</ele>
        <time>2026-08-08T10:10:25.665Z</time>
      </trkpt>
      <trkpt lat="50.542738" lon="7.120083">
        <ele>95.771576</ele>
        <time>2026-08-08T10:10:32.368Z</time>
      </trkpt>
      <trkpt lat="50.542769" lon="7.119369">
        <ele>95.888753</ele>
        <time>2026-08-08T10:10:42.392Z</time>
      </trkpt>
      <trkpt lat="50.542793" lon="7.118789">
        <ele>96.038483</ele>
        <time>2026-08-08T10:10:50.542Z</time>
      </trkpt>
      <trkpt lat="50.542793" lon="7.118426">
        <ele>96.157135</ele>
        <time>2026-08-08T10:10:55.613Z</time>
      </trkpt>
      <trkpt lat="50.542789" lon="7.117679">
        <ele>96.401314</ele>
        <time>2026-08-08T10:11:06.993Z</time>
      </trkpt>
      <trkpt lat="50.542715" lon="7.116398">
        <ele>96.821757</ele>
        <time>2026-08-08T10:11:26.603Z</time>
      </trkpt>
      <trkpt lat="50.542729" lon="7.115891">
        <ele>97.030439</ele>
        <time>2026-08-08T10:11:34.358Z</time>
      </trkpt>
      <trkpt lat="50.542687" lon="7.115581">
        <ele>97.167299</ele>
        <time>2026-08-08T10:11:38.797Z</time>
      </trkpt>
      <trkpt lat="50.542657" lon="7.115415">
        <ele>97.241817</ele>
        <time>2026-08-08T10:11:41.223Z</time>
      </trkpt>
      <trkpt lat="50.542584" lon="7.115140">
        <ele>97.370499</ele>
        <time>2026-08-08T10:11:45.435Z</time>
      </trkpt>
      <trkpt lat="50.542179" lon="7.113019">
        <ele>98.233895</ele>
        <time>2026-08-08T10:12:16.842Z</time>
      </trkpt>
      <trkpt lat="50.541729" lon="7.110719">
        <ele>98.880200</ele>
        <time>2026-08-08T10:12:49.917Z</time>
      </trkpt>
      <trkpt lat="50.541522" lon="7.109891">
        <ele>99.079349</ele>
        <time>2026-08-08T10:13:02.069Z</time>
      </trkpt>
      <trkpt lat="50.541191" lon="7.109017">
        <ele>99.307072</ele>
        <time>2026-08-08T10:13:16.092Z</time>
      </trkpt>
      <trkpt lat="50.540642" lon="7.108030">
        <ele>99.696664</ele>
        <time>2026-08-08T10:13:34.196Z</time>
      </trkpt>
      <trkpt lat="50.540013" lon="7.107071">
        <ele>100.247945</ele>
        <time>2026-08-08T10:13:53.440Z</time>
      </trkpt>
      <trkpt lat="50.539887" lon="7.106808">
        <ele>100.379696</ele>
        <time>2026-08-08T10:13:58.092Z</time>
      </trkpt>
      <trkpt lat="50.539665" lon="7.106208">
        <ele>100.670218</ele>
        <time>2026-08-08T10:14:08.015Z</time>
      </trkpt>
      <trkpt lat="50.539516" lon="7.106158">
        <ele>100.792422</ele>
        <time>2026-08-08T10:14:11.457Z</time>
      </trkpt>
      <trkpt lat="50.539381" lon="7.106054">
        <ele>100.912991</ele>
        <time>2026-08-08T10:14:14.870Z</time>
      </trkpt>
      <trkpt lat="50.539226" lon="7.105796">
        <ele>101.093980</ele>
        <time>2026-08-08T10:14:20.001Z</time>
      </trkpt>
      <trkpt lat="50.539094" lon="7.105490">
        <ele>101.282515</ele>
        <time>2026-08-08T10:14:25.321Z</time>
      </trkpt>
      <trkpt lat="50.538932" lon="7.105007">
        <ele>101.560929</ele>
        <time>2026-08-08T10:14:33.105Z</time>
      </trkpt>
      <trkpt lat="50.538835" lon="7.104660">
        <ele>101.754183</ele>
        <time>2026-08-08T10:14:38.449Z</time>
      </trkpt>
      <trkpt lat="50.538793" lon="7.104362">
        <ele>101.909792</ele>
        <time>2026-08-08T10:14:42.719Z</time>
      </trkpt>
      <trkpt lat="50.538787" lon="7.103987">
        <ele>102.054405</ele>
        <time>2026-08-08T10:14:47.895Z</time>
      </trkpt>
      <trkpt lat="50.538863" lon="7.102866">
        <ele>102.064899</ele>
        <time>2026-08-08T10:15:02.961Z</time>
      </trkpt>
      <trkpt lat="50.539011" lon="7.100241">
        <ele>102.233324</ele>
        <time>2026-08-08T10:15:37.956Z</time>
      </trkpt>
      <trkpt lat="50.539046" lon="7.099816">
        <ele>102.297430</ele>
        <time>2026-08-08T10:15:43.710Z</time>
      </trkpt>
      <trkpt lat="50.539117" lon="7.099332">
        <ele>102.371733</ele>
        <time>2026-08-08T10:15:50.452Z</time>
      </trkpt>
      <trkpt lat="50.539241" lon="7.098410">
        <ele>102.544427</ele>
        <time>2026-08-08T10:16:03.607Z</time>
      </trkpt>
      <trkpt lat="50.539546" lon="7.098090">
        <ele>102.919188</ele>
        <time>2026-08-08T10:16:13.884Z</time>
      </trkpt>
      <trkpt lat="50.539655" lon="7.097824">
        <ele>103.124821</ele>
        <time>2026-08-08T10:16:19.509Z</time>
      </trkpt>
      <trkpt lat="50.540222" lon="7.097401">
        <ele>103.766314</ele>
        <time>2026-08-08T10:16:37.103Z</time>
      </trkpt>
      <trkpt lat="50.540300" lon="7.097314">
        <ele>103.864055</ele>
        <time>2026-08-08T10:16:39.799Z</time>
      </trkpt>
      <trkpt lat="50.540346" lon="7.097180">
        <ele>103.963004</ele>
        <time>2026-08-08T10:16:42.501Z</time>
      </trkpt>
      <trkpt lat="50.540370" lon="7.097119">
        <ele>104.009616</ele>
        <time>2026-08-08T10:16:43.573Z</time>
      </trkpt>
      <trkpt lat="50.540542" lon="7.096975">
        <ele>104.208792</ele>
        <time>2026-08-08T10:16:48.112Z</time>
      </trkpt>
      <trkpt lat="50.540578" lon="7.096942">
        <ele>104.251384</ele>
        <time>2026-08-08T10:16:49.095Z</time>
      </trkpt>
      <trkpt lat="50.540657" lon="7.096890">
        <ele>104.338927</ele>
        <time>2026-08-08T10:16:51.085Z</time>
      </trkpt>
      <trkpt lat="50.540564" lon="7.096656">
        <ele>104.544299</ele>
        <time>2026-08-08T10:16:55.997Z</time>
      </trkpt>
      <trkpt lat="50.540419" lon="7.095869">
        <ele>105.155377</ele>
        <time>2026-08-08T10:17:10.561Z</time>
      </trkpt>
      <trkpt lat="50.540434" lon="7.095720">
        <ele>105.267881</ele>
        <time>2026-08-08T10:17:13.229Z</time>
      </trkpt>
      <trkpt lat="50.540457" lon="7.095532">
        <ele>105.410658</ele>
        <time>2026-08-08T10:17:16.641Z</time>
      </trkpt>
      <trkpt lat="50.540512" lon="7.095050">
        <ele>105.775862</ele>
        <time>2026-08-08T10:17:23.729Z</time>
      </trkpt>
      <trkpt lat="50.540514" lon="7.094997">
        <ele>105.815457</ele>
        <time>2026-08-08T10:17:24.672Z</time>
      </trkpt>
      <trkpt lat="50.540530" lon="7.094535">
        <ele>106.160508</ele>
        <time>2026-08-08T10:17:31.432Z</time>
      </trkpt>
      <trkpt lat="50.540532" lon="7.094467">
        <ele>106.211274</ele>
        <time>2026-08-08T10:17:32.644Z</time>
      </trkpt>
      <trkpt lat="50.540502" lon="7.094071">
        <ele>106.505189</ele>
        <time>2026-08-08T10:17:39.767Z</time>
      </trkpt>
      <trkpt lat="50.540352" lon="7.093413">
        <ele>106.994038</ele>
        <time>2026-08-08T10:17:52.256Z</time>
      </trkpt>
      <trkpt lat="50.540332" lon="7.093328">
        <ele>107.057422</ele>
        <time>2026-08-08T10:17:53.562Z</time>
      </trkpt>
      <trkpt lat="50.540269" lon="7.093082">
        <ele>107.242894</ele>
        <time>2026-08-08T10:17:57.440Z</time>
      </trkpt>
      <trkpt lat="50.540256" lon="7.093032">
        <ele>107.280672</ele>
        <time>2026-08-08T10:17:58.219Z</time>
      </trkpt>
      <trkpt lat="50.540178" lon="7.092678">
        <ele>107.542683</ele>
        <time>2026-08-08T10:18:03.667Z</time>
      </trkpt>
      <trkpt lat="50.540142" lon="7.092317">
        <ele>107.798223</ele>
        <time>2026-08-08T10:18:08.947Z</time>
      </trkpt>
      <trkpt lat="50.540179" lon="7.092102">
        <ele>107.953989</ele>
        <time>2026-08-08T10:18:12.126Z</time>
      </trkpt>
      <trkpt lat="50.540299" lon="7.091830">
        <ele>108.185539</ele>
        <time>2026-08-08T10:18:16.770Z</time>
      </trkpt>
      <trkpt lat="50.540329" lon="7.091780">
        <ele>108.233625</ele>
        <time>2026-08-08T10:18:17.735Z</time>
      </trkpt>
      <trkpt lat="50.540304" lon="7.091722">
        <ele>108.282633</ele>
        <time>2026-08-08T10:18:18.704Z</time>
      </trkpt>
      <trkpt lat="50.540283" lon="7.091673">
        <ele>108.323962</ele>
        <time>2026-08-08T10:18:19.508Z</time>
      </trkpt>
      <trkpt lat="50.540272" lon="7.091647">
        <ele>108.345804</ele>
        <time>2026-08-08T10:18:19.927Z</time>
      </trkpt>
      <trkpt lat="50.540121" lon="7.091265">
        <ele>108.446699</ele>
        <time>2026-08-08T10:18:26.000Z</time>
      </trkpt>
      <trkpt lat="50.540111" lon="7.091239">
        <ele>108.448094</ele>
        <time>2026-08-08T10:18:26.527Z</time>
      </trkpt>
      <trkpt lat="50.540015" lon="7.090933">
        <ele>108.463761</ele>
        <time>2026-08-08T10:18:32.498Z</time>
      </trkpt>
      <trkpt lat="50.540013" lon="7.090842">
        <ele>108.467941</ele>
        <time>2026-08-08T10:18:34.110Z</time>
      </trkpt>
      <trkpt lat="50.539905" lon="7.090755">
        <ele>108.476706</ele>
        <time>2026-08-08T10:18:36.647Z</time>
      </trkpt>
      <trkpt lat="50.539812" lon="7.090587">
        <ele>108.486935</ele>
        <time>2026-08-08T10:18:39.617Z</time>
      </trkpt>
      <trkpt lat="50.539626" lon="7.090190">
        <ele>108.509579</ele>
        <time>2026-08-08T10:18:46.189Z</time>
      </trkpt>
      <trkpt lat="50.539445" lon="7.089722">
        <ele>108.534731</ele>
        <time>2026-08-08T10:18:53.455Z</time>
      </trkpt>
      <trkpt lat="50.539360" lon="7.089376">
        <ele>108.551761</ele>
        <time>2026-08-08T10:18:58.384Z</time>
      </trkpt>
      <trkpt lat="50.539267" lon="7.088980">
        <ele>108.565893</ele>
        <time>2026-08-08T10:19:04.102Z</time>
      </trkpt>
      <trkpt lat="50.539190" lon="7.088859">
        <ele>108.569422</ele>
        <time>2026-08-08T10:19:06.437Z</time>
      </trkpt>
      <trkpt lat="50.539097" lon="7.088796">
        <ele>108.572706</ele>
        <time>2026-08-08T10:19:08.609Z</time>
      </trkpt>
      <trkpt lat="50.538906" lon="7.088636">
        <ele>108.579724</ele>
        <time>2026-08-08T10:19:13.381Z</time>
      </trkpt>
      <trkpt lat="50.538666" lon="7.088171">
        <ele>108.592070</ele>
        <time>2026-08-08T10:19:21.448Z</time>
      </trkpt>
      <trkpt lat="50.538606" lon="7.087970">
        <ele>108.596648</ele>
        <time>2026-08-08T10:19:24.389Z</time>
      </trkpt>
      <trkpt lat="50.538590" lon="7.087784">
        <ele>108.600516</ele>
        <time>2026-08-08T10:19:26.865Z</time>
      </trkpt>
      <trkpt lat="50.538672" lon="7.087722">
        <ele>108.603467</ele>
        <time>2026-08-08T10:19:28.735Z</time>
      </trkpt>
      <trkpt lat="50.538683" lon="7.087580">
        <ele>108.606415</ele>
        <time>2026-08-08T10:19:30.615Z</time>
      </trkpt>
      <trkpt lat="50.538626" lon="7.087493">
        <ele>108.608991</ele>
        <time>2026-08-08T10:19:32.272Z</time>
      </trkpt>
      <trkpt lat="50.538572" lon="7.087490">
        <ele>108.610743</ele>
        <time>2026-08-08T10:19:33.401Z</time>
      </trkpt>
      <trkpt lat="50.538525" lon="7.087533">
        <ele>108.612506</ele>
        <time>2026-08-08T10:19:34.519Z</time>
      </trkpt>
      <trkpt lat="50.538465" lon="7.087445">
        <ele>108.615166</ele>
        <time>2026-08-08T10:19:36.250Z</time>
      </trkpt>
      <trkpt lat="50.538451" lon="7.087421">
        <ele>108.615838</ele>
        <time>2026-08-08T10:19:36.678Z</time>
      </trkpt>
      <trkpt lat="50.538302" lon="7.087255">
        <ele>108.626511</ele>
        <time>2026-08-08T10:19:40.528Z</time>
      </trkpt>
      <trkpt lat="50.537931" lon="7.086995">
        <ele>108.674227</ele>
        <time>2026-08-08T10:19:49.145Z</time>
      </trkpt>
      <trkpt lat="50.537676" lon="7.086721">
        <ele>108.710507</ele>
        <time>2026-08-08T10:19:55.665Z</time>
      </trkpt>
      <trkpt lat="50.537209" lon="7.086052">
        <ele>108.784710</ele>
        <time>2026-08-08T10:20:09.097Z</time>
      </trkpt>
      <trkpt lat="50.536855" lon="7.085579">
        <ele>108.830287</ele>
        <time>2026-08-08T10:20:19.255Z</time>
      </trkpt>
      <trkpt lat="50.536386" lon="7.086380">
        <ele>108.820326</ele>
        <time>2026-08-08T10:20:33.978Z</time>
      </trkpt>
      <trkpt lat="50.536259" lon="7.086605">
        <ele>108.817574</ele>
        <time>2026-08-08T10:20:37.924Z</time>
      </trkpt>
      <trkpt lat="50.535977" lon="7.087070">
        <ele>108.811696</ele>
        <time>2026-08-08T10:20:46.310Z</time>
      </trkpt>
      <trkpt lat="50.535623" lon="7.087598">
        <ele>108.821135</ele>
        <time>2026-08-08T10:20:56.469Z</time>
      </trkpt>
      <trkpt lat="50.535321" lon="7.088035">
        <ele>108.952304</ele>
        <time>2026-08-08T10:21:05.130Z</time>
      </trkpt>
      <trkpt lat="50.534770" lon="7.088676">
        <ele>109.171375</ele>
        <time>2026-08-08T10:21:20.020Z</time>
      </trkpt>
      <trkpt lat="50.534706" lon="7.088604">
        <ele>109.196528</ele>
        <time>2026-08-08T10:21:21.763Z</time>
      </trkpt>
      <trkpt lat="50.534116" lon="7.087561">
        <ele>109.546118</ele>
        <time>2026-08-08T10:21:41.259Z</time>
      </trkpt>
      <trkpt lat="50.534062" lon="7.087549">
        <ele>109.575055</ele>
        <time>2026-08-08T10:21:42.469Z</time>
      </trkpt>
      <trkpt lat="50.533977" lon="7.087612">
        <ele>109.624911</ele>
        <time>2026-08-08T10:21:44.538Z</time>
      </trkpt>
      <trkpt lat="50.533912" lon="7.087577">
        <ele>109.661365</ele>
        <time>2026-08-08T10:21:46.032Z</time>
      </trkpt>
      <trkpt lat="50.533410" lon="7.086536">
        <ele>110.102066</ele>
        <time>2026-08-08T10:22:04.246Z</time>
      </trkpt>
      <trkpt lat="50.533328" lon="7.086427">
        <ele>110.159027</ele>
        <time>2026-08-08T10:22:06.588Z</time>
      </trkpt>
      <trkpt lat="50.532894" lon="7.086014">
        <ele>110.417059</ele>
        <time>2026-08-08T10:22:17.773Z</time>
      </trkpt>
      <trkpt lat="50.532548" lon="7.085296">
        <ele>110.684827</ele>
        <time>2026-08-08T10:22:30.443Z</time>
      </trkpt>
      <trkpt lat="50.532218" lon="7.084479">
        <ele>110.972503</ele>
        <time>2026-08-08T10:22:43.976Z</time>
      </trkpt>
      <trkpt lat="50.532203" lon="7.084448">
        <ele>110.984082</ele>
        <time>2026-08-08T10:22:44.508Z</time>
      </trkpt>
      <trkpt lat="50.531940" lon="7.083795">
        <ele>111.182973</ele>
        <time>2026-08-08T10:22:55.178Z</time>
      </trkpt>
      <trkpt lat="50.531349" lon="7.081800">
        <ele>111.307860</ele>
        <time>2026-08-08T10:23:24.403Z</time>
      </trkpt>
      <trkpt lat="50.531210" lon="7.081358">
        <ele>111.335841</ele>
        <time>2026-08-08T10:23:31.127Z</time>
      </trkpt>
      <trkpt lat="50.531103" lon="7.081003">
        <ele>111.365145</ele>
        <time>2026-08-08T10:23:36.586Z</time>
      </trkpt>
      <trkpt lat="50.530979" lon="7.080382">
        <ele>111.413910</ele>
        <time>2026-08-08T10:23:45.576Z</time>
      </trkpt>
      <trkpt lat="50.530726" lon="7.079402">
        <ele>111.493153</ele>
        <time>2026-08-08T10:23:59.982Z</time>
      </trkpt>
      <trkpt lat="50.529937" lon="7.080134">
        <ele>111.434727</ele>
        <time>2026-08-08T10:24:19.929Z</time>
      </trkpt>
      <trkpt lat="50.529870" lon="7.080185">
        <ele>111.415898</ele>
        <time>2026-08-08T10:24:21.487Z</time>
      </trkpt>
      <trkpt lat="50.529828" lon="7.080218">
        <ele>111.404021</ele>
        <time>2026-08-08T10:24:22.429Z</time>
      </trkpt>
      <trkpt lat="50.529734" lon="7.079797">
        <ele>111.332264</ele>
        <time>2026-08-08T10:24:28.069Z</time>
      </trkpt>
      <trkpt lat="50.529734" lon="7.079393">
        <ele>111.267296</ele>
        <time>2026-08-08T10:24:33.275Z</time>
      </trkpt>
      <trkpt lat="50.529733" lon="7.079211">
        <ele>111.238027</ele>
        <time>2026-08-08T10:24:35.654Z</time>
      </trkpt>
      <trkpt lat="50.529649" lon="7.078924">
        <ele>111.187216</ele>
        <time>2026-08-08T10:24:39.844Z</time>
      </trkpt>
      <trkpt lat="50.529437" lon="7.078356">
        <ele>111.102226</ele>
        <time>2026-08-08T10:24:48.594Z</time>
      </trkpt>
      <trkpt lat="50.529400" lon="7.078252">
        <ele>111.116720</ele>
        <time>2026-08-08T10:24:50.154Z</time>
      </trkpt>
      <trkpt lat="50.529156" lon="7.077395">
        <ele>111.230917</ele>
        <time>2026-08-08T10:25:02.584Z</time>
      </trkpt>
      <trkpt lat="50.528989" lon="7.076618">
        <ele>111.330664</ele>
        <time>2026-08-08T10:25:13.583Z</time>
      </trkpt>
      <trkpt lat="50.528878" lon="7.075393">
        <ele>112.033064</ele>
        <time>2026-08-08T10:25:30.727Z</time>
      </trkpt>
      <trkpt lat="50.528858" lon="7.074726">
        <ele>113.136652</ele>
        <time>2026-08-08T10:25:40.601Z</time>
      </trkpt>
      <trkpt lat="50.528805" lon="7.074169">
        <ele>114.067472</ele>
        <time>2026-08-08T10:25:49.378Z</time>
      </trkpt>
      <trkpt lat="50.528804" lon="7.073641">
        <ele>114.940112</ele>
        <time>2026-08-08T10:25:57.945Z</time>
      </trkpt>
      <trkpt lat="50.528878" lon="7.072168">
        <ele>117.748681</ele>
        <time>2026-08-08T10:26:21.095Z</time>
      </trkpt>
      <trkpt lat="50.528915" lon="7.071400">
        <ele>119.389385</ele>
        <time>2026-08-08T10:26:32.751Z</time>
      </trkpt>
      <trkpt lat="50.529030" lon="7.071323">
        <ele>119.808212</ele>
        <time>2026-08-08T10:26:35.840Z</time>
      </trkpt>
      <trkpt lat="50.529148" lon="7.071297">
        <ele>120.207495</ele>
        <time>2026-08-08T10:26:38.841Z</time>
      </trkpt>
      <trkpt lat="50.529251" lon="7.070848">
        <ele>121.224333</ele>
        <time>2026-08-08T10:26:46.659Z</time>
      </trkpt>
      <trkpt lat="50.529324" lon="7.070442">
        <ele>122.123128</ele>
        <time>2026-08-08T10:26:53.396Z</time>
      </trkpt>
      <trkpt lat="50.529249" lon="7.070220">
        <ele>122.613149</ele>
        <time>2026-08-08T10:26:57.340Z</time>
      </trkpt>
      <trkpt lat="50.529033" lon="7.069762">
        <ele>123.721163</ele>
        <time>2026-08-08T10:27:06.374Z</time>
      </trkpt>
      <trkpt lat="50.529001" lon="7.069681">
        <ele>123.906456</ele>
        <time>2026-08-08T10:27:07.891Z</time>
      </trkpt>
      <trkpt lat="50.529134" lon="7.069293">
        <ele>124.762927</ele>
        <time>2026-08-08T10:27:14.722Z</time>
      </trkpt>
      <trkpt lat="50.529215" lon="7.069220">
        <ele>125.048248</ele>
        <time>2026-08-08T10:27:16.983Z</time>
      </trkpt>
      <trkpt lat="50.529799" lon="7.069002">
        <ele>126.882762</ele>
        <time>2026-08-08T10:27:31.482Z</time>
      </trkpt>
      <trkpt lat="50.530331" lon="7.068873">
        <ele>128.405498</ele>
        <time>2026-08-08T10:27:44.203Z</time>
      </trkpt>
      <trkpt lat="50.530451" lon="7.068617">
        <ele>128.938400</ele>
        <time>2026-08-08T10:27:49.061Z</time>
      </trkpt>
      <trkpt lat="50.530560" lon="7.068390">
        <ele>129.415023</ele>
        <time>2026-08-08T10:27:53.488Z</time>
      </trkpt>
      <trkpt lat="50.530724" lon="7.067933">
        <ele>130.294257</ele>
        <time>2026-08-08T10:28:01.795Z</time>
      </trkpt>
      <trkpt lat="50.530838" lon="7.067525">
        <ele>131.040931</ele>
        <time>2026-08-08T10:28:09.017Z</time>
      </trkpt>
      <trkpt lat="50.531179" lon="7.065303">
        <ele>132.584464</ele>
        <time>2026-08-08T10:28:42.207Z</time>
      </trkpt>
      <trkpt lat="50.531294" lon="7.064925">
        <ele>132.642392</ele>
        <time>2026-08-08T10:28:47.294Z</time>
      </trkpt>
      <trkpt lat="50.531522" lon="7.064332">
        <ele>132.738191</ele>
        <time>2026-08-08T10:28:56.069Z</time>
      </trkpt>
      <trkpt lat="50.531907" lon="7.063473">
        <ele>131.122702</ele>
        <time>2026-08-08T10:29:08.215Z</time>
      </trkpt>
      <trkpt lat="50.532099" lon="7.062882">
        <ele>129.790700</ele>
        <time>2026-08-08T10:29:15.244Z</time>
      </trkpt>
      <trkpt lat="50.532275" lon="7.062113">
        <ele>128.150420</ele>
        <time>2026-08-08T10:29:23.576Z</time>
      </trkpt>
      <trkpt lat="50.532292" lon="7.062048">
        <ele>128.009362</ele>
        <time>2026-08-08T10:29:24.264Z</time>
      </trkpt>
      <trkpt lat="50.532632" lon="7.062002">
        <ele>126.951779</ele>
        <time>2026-08-08T10:29:29.428Z</time>
      </trkpt>
      <trkpt lat="50.532575" lon="7.061277">
        <ele>125.668258</ele>
        <time>2026-08-08T10:29:36.195Z</time>
      </trkpt>
      <trkpt lat="50.532618" lon="7.060789">
        <ele>124.802651</ele>
        <time>2026-08-08T10:29:40.829Z</time>
      </trkpt>
      <trkpt lat="50.532665" lon="7.060525">
        <ele>124.320958</ele>
        <time>2026-08-08T10:29:43.544Z</time>
      </trkpt>
      <trkpt lat="50.532825" lon="7.060046">
        <ele>123.370236</ele>
        <time>2026-08-08T10:29:49.499Z</time>
      </trkpt>
      <trkpt lat="50.533097" lon="7.059353">
        <ele>122.341539</ele>
        <time>2026-08-08T10:30:00.747Z</time>
      </trkpt>
      <trkpt lat="50.533318" lon="7.058794">
        <ele>123.764685</ele>
        <time>2026-08-08T10:30:11.062Z</time>
      </trkpt>
      <trkpt lat="50.533484" lon="7.058286">
        <ele>124.999514</ele>
        <time>2026-08-08T10:30:21.446Z</time>
      </trkpt>
      <trkpt lat="50.533587" lon="7.057845">
        <ele>126.015198</ele>
        <time>2026-08-08T10:30:30.110Z</time>
      </trkpt>
      <trkpt lat="50.533668" lon="7.057148">
        <ele>127.546957</ele>
        <time>2026-08-08T10:30:41.859Z</time>
      </trkpt>
      <trkpt lat="50.533676" lon="7.056736">
        <ele>128.077094</ele>
        <time>2026-08-08T10:30:48.001Z</time>
      </trkpt>
      <trkpt lat="50.533651" lon="7.056043">
        <ele>126.884505</ele>
        <time>2026-08-08T10:30:56.761Z</time>
      </trkpt>
      <trkpt lat="50.533631" lon="7.055793">
        <ele>126.451581</ele>
        <time>2026-08-08T10:30:59.387Z</time>
      </trkpt>
      <trkpt lat="50.533507" lon="7.054226">
        <ele>123.738462</ele>
        <time>2026-08-08T10:31:14.403Z</time>
      </trkpt>
      <trkpt lat="50.533504" lon="7.053957">
        <ele>123.348767</ele>
        <time>2026-08-08T10:31:17.083Z</time>
      </trkpt>
      <trkpt lat="50.533505" lon="7.053811">
        <ele>123.282044</ele>
        <time>2026-08-08T10:31:18.597Z</time>
      </trkpt>
      <trkpt lat="50.533550" lon="7.053085">
        <ele>122.948705</ele>
        <time>2026-08-08T10:31:26.783Z</time>
      </trkpt>
      <trkpt lat="50.533603" lon="7.052688">
        <ele>122.763326</ele>
        <time>2026-08-08T10:31:32.066Z</time>
      </trkpt>
      <trkpt lat="50.533708" lon="7.052214">
        <ele>122.533942</ele>
        <time>2026-08-08T10:31:39.156Z</time>
      </trkpt>
      <trkpt lat="50.533904" lon="7.051591">
        <ele>122.216282</ele>
        <time>2026-08-08T10:31:49.194Z</time>
      </trkpt>
      <trkpt lat="50.534359" lon="7.050467">
        <ele>121.968891</ele>
        <time>2026-08-08T10:32:07.718Z</time>
      </trkpt>
      <trkpt lat="50.534640" lon="7.049529">
        <ele>121.856022</ele>
        <time>2026-08-08T10:32:20.934Z</time>
      </trkpt>
      <trkpt lat="50.534690" lon="7.049319">
        <ele>121.831613</ele>
        <time>2026-08-08T10:32:23.732Z</time>
      </trkpt>
      <trkpt lat="50.534727" lon="7.048792">
        <ele>121.774030</ele>
        <time>2026-08-08T10:32:30.297Z</time>
      </trkpt>
      <trkpt lat="50.534732" lon="7.048281">
        <ele>121.973039</ele>
        <time>2026-08-08T10:32:36.709Z</time>
      </trkpt>
      <trkpt lat="50.534700" lon="7.047799">
        <ele>122.161753</ele>
        <time>2026-08-08T10:32:43.147Z</time>
      </trkpt>
      <trkpt lat="50.534590" lon="7.047125">
        <ele>122.432726</ele>
        <time>2026-08-08T10:32:53.109Z</time>
      </trkpt>
      <trkpt lat="50.534470" lon="7.046595">
        <ele>122.651814</ele>
        <time>2026-08-08T10:33:01.516Z</time>
      </trkpt>
      <trkpt lat="50.534136" lon="7.045778">
        <ele>122.984211</ele>
        <time>2026-08-08T10:33:15.417Z</time>
      </trkpt>
      <trkpt lat="50.533858" lon="7.045215">
        <ele>123.179254</ele>
        <time>2026-08-08T10:33:25.641Z</time>
      </trkpt>
      <trkpt lat="50.534018" lon="7.045042">
        <ele>123.262817</ele>
        <time>2026-08-08T10:33:29.918Z</time>
      </trkpt>
      <trkpt lat="50.533830" lon="7.044762">
        <ele>123.374243</ele>
        <time>2026-08-08T10:33:35.633Z</time>
      </trkpt>
      <trkpt lat="50.533071" lon="7.043580">
        <ele>123.553351</ele>
        <time>2026-08-08T10:33:57.122Z</time>
      </trkpt>
      <trkpt lat="50.532801" lon="7.043199">
        <ele>123.471276</ele>
        <time>2026-08-08T10:34:04.767Z</time>
      </trkpt>
      <trkpt lat="50.532599" lon="7.042978">
        <ele>123.415598</ele>
        <time>2026-08-08T10:34:09.916Z</time>
      </trkpt>
      <trkpt lat="50.532499" lon="7.042864">
        <ele>123.387652</ele>
        <time>2026-08-08T10:34:12.470Z</time>
      </trkpt>
      <trkpt lat="50.532103" lon="7.042540">
        <ele>123.286646</ele>
        <time>2026-08-08T10:34:21.662Z</time>
      </trkpt>
      <trkpt lat="50.531463" lon="7.042198">
        <ele>123.260183</ele>
        <time>2026-08-08T10:34:35.641Z</time>
      </trkpt>
      <trkpt lat="50.530793" lon="7.041857">
        <ele>123.285216</ele>
        <time>2026-08-08T10:34:50.382Z</time>
      </trkpt>
      <trkpt lat="50.529658" lon="7.041013">
        <ele>123.696234</ele>
        <time>2026-08-08T10:35:17.571Z</time>
      </trkpt>
      <trkpt lat="50.529509" lon="7.040913">
        <ele>123.794149</ele>
        <time>2026-08-08T10:35:21.124Z</time>
      </trkpt>
      <trkpt lat="50.529255" lon="7.040764">
        <ele>123.958003</ele>
        <time>2026-08-08T10:35:27.106Z</time>
      </trkpt>
      <trkpt lat="50.529578" lon="7.040442">
        <ele>124.189137</ele>
        <time>2026-08-08T10:35:35.573Z</time>
      </trkpt>
      <trkpt lat="50.529689" lon="7.040348">
        <ele>124.265333</ele>
        <time>2026-08-08T10:35:38.396Z</time>
      </trkpt>
      <trkpt lat="50.530017" lon="7.038909">
        <ele>125.866712</ele>
        <time>2026-08-08T10:36:00.417Z</time>
      </trkpt>
      <trkpt lat="50.529341" lon="7.038717">
        <ele>127.199999</ele>
        <time>2026-08-08T10:36:16.833Z</time>
      </trkpt>
      <trkpt lat="50.528897" lon="7.038534">
        <ele>128.081300</ele>
        <time>2026-08-08T10:36:28.366Z</time>
      </trkpt>
      <trkpt lat="50.528544" lon="7.038301">
        <ele>128.789777</ele>
        <time>2026-08-08T10:36:38.203Z</time>
      </trkpt>
      <trkpt lat="50.528465" lon="7.038246">
        <ele>128.949661</ele>
        <time>2026-08-08T10:36:40.488Z</time>
      </trkpt>
      <trkpt lat="50.528210" lon="7.038094">
        <ele>129.454336</ele>
        <time>2026-08-08T10:36:47.639Z</time>
      </trkpt>
      <trkpt lat="50.527153" lon="7.037911">
        <ele>130.985240</ele>
        <time>2026-08-08T10:37:12.216Z</time>
      </trkpt>
      <trkpt lat="50.526783" lon="7.037991">
        <ele>130.226841</ele>
        <time>2026-08-08T10:37:18.887Z</time>
      </trkpt>
      <trkpt lat="50.526491" lon="7.038051">
        <ele>129.628858</ele>
        <time>2026-08-08T10:37:23.750Z</time>
      </trkpt>
      <trkpt lat="50.526129" lon="7.038109">
        <ele>128.889966</ele>
        <time>2026-08-08T10:37:29.661Z</time>
      </trkpt>
      <trkpt lat="50.525677" lon="7.038127">
        <ele>127.971825</ele>
        <time>2026-08-08T10:37:36.850Z</time>
      </trkpt>
      <trkpt lat="50.525164" lon="7.038027">
        <ele>127.406186</ele>
        <time>2026-08-08T10:37:46.948Z</time>
      </trkpt>
      <trkpt lat="50.523982" lon="7.037955">
        <ele>126.822582</ele>
        <time>2026-08-08T10:38:11.909Z</time>
      </trkpt>
      <trkpt lat="50.523140" lon="7.037655">
        <ele>126.672130</ele>
        <time>2026-08-08T10:38:29.541Z</time>
      </trkpt>
      <trkpt lat="50.521800" lon="7.037291">
        <ele>126.768004</ele>
        <time>2026-08-08T10:38:58.312Z</time>
      </trkpt>
      <trkpt lat="50.521414" lon="7.037166">
        <ele>127.087632</ele>
        <time>2026-08-08T10:39:06.960Z</time>
      </trkpt>
      <trkpt lat="50.520598" lon="7.037106">
        <ele>127.750164</ele>
        <time>2026-08-08T10:39:25.053Z</time>
      </trkpt>
      <trkpt lat="50.519273" lon="7.037108">
        <ele>130.311526</ele>
        <time>2026-08-08T10:39:55.660Z</time>
      </trkpt>
      <trkpt lat="50.518520" lon="7.037035">
        <ele>132.226129</ele>
        <time>2026-08-08T10:40:14.547Z</time>
      </trkpt>
      <trkpt lat="50.518476" lon="7.037028">
        <ele>132.338363</ele>
        <time>2026-08-08T10:40:15.647Z</time>
      </trkpt>
      <trkpt lat="50.518163" lon="7.036970">
        <ele>132.892906</ele>
        <time>2026-08-08T10:40:23.577Z</time>
      </trkpt>
      <trkpt lat="50.517739" lon="7.036857">
        <ele>133.385489</ele>
        <time>2026-08-08T10:40:34.043Z</time>
      </trkpt>
      <trkpt lat="50.516445" lon="7.037052">
        <ele>134.804387</ele>
        <time>2026-08-08T10:41:02.786Z</time>
      </trkpt>
      <trkpt lat="50.515743" lon="7.036812">
        <ele>135.158968</ele>
        <time>2026-08-08T10:41:18.421Z</time>
      </trkpt>
      <trkpt lat="50.515593" lon="7.036665">
        <ele>135.246202</ele>
        <time>2026-08-08T10:41:22.343Z</time>
      </trkpt>
      <trkpt lat="50.515570" lon="7.036573">
        <ele>135.277227</ele>
        <time>2026-08-08T10:41:23.749Z</time>
      </trkpt>
      <trkpt lat="50.515430" lon="7.036382">
        <ele>135.368705</ele>
        <time>2026-08-08T10:41:27.884Z</time>
      </trkpt>
      <trkpt lat="50.515364" lon="7.036231">
        <ele>135.426213</ele>
        <time>2026-08-08T10:41:30.493Z</time>
      </trkpt>
      <trkpt lat="50.515305" lon="7.036067">
        <ele>135.485351</ele>
        <time>2026-08-08T10:41:33.136Z</time>
      </trkpt>
      <trkpt lat="50.515228" lon="7.035711">
        <ele>135.603368</ele>
        <time>2026-08-08T10:41:38.439Z</time>
      </trkpt>
      <trkpt lat="50.515147" lon="7.034979">
        <ele>135.469329</ele>
        <time>2026-08-08T10:41:48.872Z</time>
      </trkpt>
      <trkpt lat="50.515160" lon="7.034231">
        <ele>135.267427</ele>
        <time>2026-08-08T10:41:58.549Z</time>
      </trkpt>
      <trkpt lat="50.515220" lon="7.033672">
        <ele>135.114464</ele>
        <time>2026-08-08T10:42:05.540Z</time>
      </trkpt>
      <trkpt lat="50.515529" lon="7.032150">
        <ele>134.746704</ele>
        <time>2026-08-08T10:42:25.284Z</time>
      </trkpt>
      <trkpt lat="50.515823" lon="7.031044">
        <ele>134.529669</ele>
        <time>2026-08-08T10:42:40.608Z</time>
      </trkpt>
      <trkpt lat="50.516103" lon="7.030327">
        <ele>134.377330</ele>
        <time>2026-08-08T10:42:52.070Z</time>
      </trkpt>
      <trkpt lat="50.516355" lon="7.029802">
        <ele>135.153500</ele>
        <time>2026-08-08T10:43:01.430Z</time>
      </trkpt>
      <trkpt lat="50.516630" lon="7.029317">
        <ele>136.034143</ele>
        <time>2026-08-08T10:43:10.913Z</time>
      </trkpt>
      <trkpt lat="50.517553" lon="7.027723">
        <ele>140.520695</ele>
        <time>2026-08-08T10:43:43.813Z</time>
      </trkpt>
      <trkpt lat="50.517936" lon="7.027007">
        <ele>144.404325</ele>
        <time>2026-08-08T10:44:01.661Z</time>
      </trkpt>
      <trkpt lat="50.518253" lon="7.026280">
        <ele>148.063180</ele>
        <time>2026-08-08T10:44:21.008Z</time>
      </trkpt>
      <trkpt lat="50.518354" lon="7.025939">
        <ele>149.624554</ele>
        <time>2026-08-08T10:44:28.844Z</time>
      </trkpt>
      <trkpt lat="50.518408" lon="7.025836">
        <ele>149.987205</ele>
        <time>2026-08-08T10:44:31.381Z</time>
      </trkpt>
      <trkpt lat="50.518460" lon="7.025498">
        <ele>150.280613</ele>
        <time>2026-08-08T10:44:38.177Z</time>
      </trkpt>
      <trkpt lat="50.518518" lon="7.024566">
        <ele>151.070722</ele>
        <time>2026-08-08T10:44:54.006Z</time>
      </trkpt>
      <trkpt lat="50.518490" lon="7.023638">
        <ele>151.854579</ele>
        <time>2026-08-08T10:45:06.530Z</time>
      </trkpt>
      <trkpt lat="50.518349" lon="7.022680">
        <ele>150.790929</ele>
        <time>2026-08-08T10:45:15.524Z</time>
      </trkpt>
      <trkpt lat="50.518225" lon="7.022228">
        <ele>149.016656</ele>
        <time>2026-08-08T10:45:19.999Z</time>
      </trkpt>
      <trkpt lat="50.518014" lon="7.021911">
        <ele>147.362588</ele>
        <time>2026-08-08T10:45:24.155Z</time>
      </trkpt>
      <trkpt lat="50.517859" lon="7.021611">
        <ele>145.969347</ele>
        <time>2026-08-08T10:45:27.662Z</time>
      </trkpt>
      <trkpt lat="50.517796" lon="7.021477">
        <ele>145.368688</ele>
        <time>2026-08-08T10:45:29.194Z</time>
      </trkpt>
      <trkpt lat="50.517763" lon="7.021344">
        <ele>144.854118</ele>
        <time>2026-08-08T10:45:30.507Z</time>
      </trkpt>
      <trkpt lat="50.517466" lon="7.020692">
        <ele>142.112306</ele>
        <time>2026-08-08T10:45:38.109Z</time>
      </trkpt>
      <trkpt lat="50.517455" lon="7.020600">
        <ele>142.077420</ele>
        <time>2026-08-08T10:45:39.062Z</time>
      </trkpt>
      <trkpt lat="50.517594" lon="7.020391">
        <ele>141.964714</ele>
        <time>2026-08-08T10:45:42.506Z</time>
      </trkpt>
      <trkpt lat="50.517650" lon="7.020371">
        <ele>141.931058</ele>
        <time>2026-08-08T10:45:44.027Z</time>
      </trkpt>
      <trkpt lat="50.517659" lon="7.020326">
        <ele>141.913478</ele>
        <time>2026-08-08T10:45:44.828Z</time>
      </trkpt>
      <trkpt lat="50.517636" lon="7.020267">
        <ele>141.887688</ele>
        <time>2026-08-08T10:45:46.024Z</time>
      </trkpt>
      <trkpt lat="50.517593" lon="7.020268">
        <ele>141.862484</ele>
        <time>2026-08-08T10:45:47.234Z</time>
      </trkpt>
      <trkpt lat="50.517336" lon="7.019888">
        <ele>141.655746</ele>
        <time>2026-08-08T10:45:54.949Z</time>
      </trkpt>
      <trkpt lat="50.517070" lon="7.019426">
        <ele>141.423483</ele>
        <time>2026-08-08T10:46:03.653Z</time>
      </trkpt>
      <trkpt lat="50.516718" lon="7.018566">
        <ele>141.069349</ele>
        <time>2026-08-08T10:46:18.143Z</time>
      </trkpt>
      <trkpt lat="50.516606" lon="7.018371">
        <ele>141.051590</ele>
        <time>2026-08-08T10:46:21.751Z</time>
      </trkpt>
      <trkpt lat="50.516596" lon="7.018249">
        <ele>141.043277</ele>
        <time>2026-08-08T10:46:24.450Z</time>
      </trkpt>
      <trkpt lat="50.516247" lon="7.017893">
        <ele>140.999064</ele>
        <time>2026-08-08T10:46:38.870Z</time>
      </trkpt>
      <trkpt lat="50.516001" lon="7.017297">
        <ele>140.951043</ele>
        <time>2026-08-08T10:46:54.365Z</time>
      </trkpt>
      <trkpt lat="50.515884" lon="7.017114">
        <ele>140.933504</ele>
        <time>2026-08-08T10:46:59.921Z</time>
      </trkpt>
      <trkpt lat="50.515787" lon="7.017073">
        <ele>140.922829</ele>
        <time>2026-08-08T10:47:03.384Z</time>
      </trkpt>
      <trkpt lat="50.515547" lon="7.017141">
        <ele>140.896909</ele>
        <time>2026-08-08T10:47:11.801Z</time>
      </trkpt>
      <trkpt lat="50.515465" lon="7.017106">
        <ele>140.887879</ele>
        <time>2026-08-08T10:47:14.762Z</time>
      </trkpt>
      <trkpt lat="50.514951" lon="7.016684">
        <ele>142.007873</ele>
        <time>2026-08-08T10:47:34.531Z</time>
      </trkpt>
      <trkpt lat="50.514608" lon="7.016518">
        <ele>142.747992</ele>
        <time>2026-08-08T10:47:42.918Z</time>
      </trkpt>
      <trkpt lat="50.513127" lon="7.015971">
        <ele>145.875658</ele>
        <time>2026-08-08T10:48:20.108Z</time>
      </trkpt>
      <trkpt lat="50.512573" lon="7.015669">
        <ele>147.075755</ele>
        <time>2026-08-08T10:48:33.624Z</time>
      </trkpt>
      <trkpt lat="50.512088" lon="7.015211">
        <ele>148.233666</ele>
        <time>2026-08-08T10:48:46.101Z</time>
      </trkpt>
      <trkpt lat="50.511659" lon="7.014571">
        <ele>150.941283</ele>
        <time>2026-08-08T10:48:59.865Z</time>
      </trkpt>
      <trkpt lat="50.511363" lon="7.013908">
        <ele>153.346101</ele>
        <time>2026-08-08T10:49:13.428Z</time>
      </trkpt>
      <trkpt lat="50.511136" lon="7.013022">
        <ele>156.181760</ele>
        <time>2026-08-08T10:49:31.781Z</time>
      </trkpt>
      <trkpt lat="50.511070" lon="7.012506">
        <ele>157.942020</ele>
        <time>2026-08-08T10:49:42.383Z</time>
      </trkpt>
      <trkpt lat="50.511049" lon="7.011967">
        <ele>159.840620</ele>
        <time>2026-08-08T10:49:53.284Z</time>
      </trkpt>
      <trkpt lat="50.511061" lon="7.011401">
        <ele>161.831701</ele>
        <time>2026-08-08T10:50:04.158Z</time>
      </trkpt>
      <trkpt lat="50.511114" lon="7.010921">
        <ele>163.544561</ele>
        <time>2026-08-08T10:50:12.873Z</time>
      </trkpt>
      <trkpt lat="50.511185" lon="7.010521">
        <ele>165.004656</ele>
        <time>2026-08-08T10:50:19.855Z</time>
      </trkpt>
      <trkpt lat="50.511424" lon="7.009767">
        <ele>165.709029</ele>
        <time>2026-08-08T10:50:32.525Z</time>
      </trkpt>
      <trkpt lat="50.511753" lon="7.009093">
        <ele>163.704783</ele>
        <time>2026-08-08T10:50:42.613Z</time>
      </trkpt>
      <trkpt lat="50.511837" lon="7.008956">
        <ele>163.255874</ele>
        <time>2026-08-08T10:50:44.511Z</time>
      </trkpt>
      <trkpt lat="50.512007" lon="7.008680">
        <ele>162.349510</ele>
        <time>2026-08-08T10:50:48.151Z</time>
      </trkpt>
      <trkpt lat="50.512339" lon="7.008315">
        <ele>160.846887</ele>
        <time>2026-08-08T10:50:53.875Z</time>
      </trkpt>
      <trkpt lat="50.512586" lon="7.008137">
        <ele>159.764796</ele>
        <time>2026-08-08T10:50:57.626Z</time>
      </trkpt>
      <trkpt lat="50.512911" lon="7.007948">
        <ele>157.567758</ele>
        <time>2026-08-08T10:51:02.374Z</time>
      </trkpt>
      <trkpt lat="50.513338" lon="7.007785">
        <ele>154.781757</ele>
        <time>2026-08-08T10:51:08.540Z</time>
      </trkpt>
      <trkpt lat="50.513807" lon="7.007859">
        <ele>151.793150</ele>
        <time>2026-08-08T10:51:15.353Z</time>
      </trkpt>
      <trkpt lat="50.514133" lon="7.008003">
        <ele>149.646169</ele>
        <time>2026-08-08T10:51:20.563Z</time>
      </trkpt>
      <trkpt lat="50.514201" lon="7.008023">
        <ele>149.207542</ele>
        <time>2026-08-08T10:51:21.679Z</time>
      </trkpt>
      <trkpt lat="50.514665" lon="7.008618">
        <ele>147.762083</ele>
        <time>2026-08-08T10:51:32.095Z</time>
      </trkpt>
      <trkpt lat="50.514846" lon="7.008908">
        <ele>147.354899</ele>
        <time>2026-08-08T10:51:36.845Z</time>
      </trkpt>
      <trkpt lat="50.515129" lon="7.009142">
        <ele>146.851052</ele>
        <time>2026-08-08T10:51:42.655Z</time>
      </trkpt>
      <trkpt lat="50.515234" lon="7.009324">
        <ele>146.604806</ele>
        <time>2026-08-08T10:51:45.514Z</time>
      </trkpt>
      <trkpt lat="50.515353" lon="7.009616">
        <ele>146.257276</ele>
        <time>2026-08-08T10:51:49.782Z</time>
      </trkpt>
      <trkpt lat="50.515349" lon="7.009675">
        <ele>146.197822</ele>
        <time>2026-08-08T10:51:50.519Z</time>
      </trkpt>
      <trkpt lat="50.515254" lon="7.009902">
        <ele>145.925516</ele>
        <time>2026-08-08T10:51:54.039Z</time>
      </trkpt>
      <trkpt lat="50.515254" lon="7.009990">
        <ele>145.837337</ele>
        <time>2026-08-08T10:51:55.236Z</time>
      </trkpt>
      <trkpt lat="50.515687" lon="7.011066">
        <ele>145.886846</ele>
        <time>2026-08-08T10:52:12.592Z</time>
      </trkpt>
      <trkpt lat="50.515814" lon="7.011265">
        <ele>145.931729</ele>
        <time>2026-08-08T10:52:16.326Z</time>
      </trkpt>
      <trkpt lat="50.515999" lon="7.011422">
        <ele>145.984357</ele>
        <time>2026-08-08T10:52:20.809Z</time>
      </trkpt>
      <trkpt lat="50.516241" lon="7.011485">
        <ele>146.045766</ele>
        <time>2026-08-08T10:52:26.189Z</time>
      </trkpt>
      <trkpt lat="50.516239" lon="7.011643">
        <ele>146.070923</ele>
        <time>2026-08-08T10:52:28.388Z</time>
      </trkpt>
      <trkpt lat="50.516264" lon="7.011776">
        <ele>146.093001</ele>
        <time>2026-08-08T10:52:30.331Z</time>
      </trkpt>
      <trkpt lat="50.516316" lon="7.011895">
        <ele>146.115986</ele>
        <time>2026-08-08T10:52:32.357Z</time>
      </trkpt>
      <trkpt lat="50.516505" lon="7.012256">
        <ele>146.414968</ele>
        <time>2026-08-08T10:52:38.957Z</time>
      </trkpt>
      <trkpt lat="50.516724" lon="7.012637">
        <ele>147.021336</ele>
        <time>2026-08-08T10:52:46.267Z</time>
      </trkpt>
      <trkpt lat="50.516829" lon="7.012812">
        <ele>147.305406</ele>
        <time>2026-08-08T10:52:49.664Z</time>
      </trkpt>
      <trkpt lat="50.516926" lon="7.012660">
        <ele>147.559653</ele>
        <time>2026-08-08T10:52:52.687Z</time>
      </trkpt>
      <trkpt lat="50.517103" lon="7.012272">
        <ele>148.123428</ele>
        <time>2026-08-08T10:52:59.707Z</time>
      </trkpt>
      <trkpt lat="50.517429" lon="7.011349">
        <ele>149.369956</ele>
        <time>2026-08-08T10:53:15.972Z</time>
      </trkpt>
      <trkpt lat="50.517968" lon="7.009752">
        <ele>152.144223</ele>
        <time>2026-08-08T10:53:44.236Z</time>
      </trkpt>
      <trkpt lat="50.518090" lon="7.009288">
        <ele>152.925715</ele>
        <time>2026-08-08T10:53:51.946Z</time>
      </trkpt>
      <trkpt lat="50.518179" lon="7.008928">
        <ele>153.526890</ele>
        <time>2026-08-08T10:53:57.714Z</time>
      </trkpt>
      <trkpt lat="50.518445" lon="7.007915">
        <ele>153.775497</ele>
        <time>2026-08-08T10:54:11.791Z</time>
      </trkpt>
      <trkpt lat="50.518538" lon="7.007678">
        <ele>153.735764</ele>
        <time>2026-08-08T10:54:15.398Z</time>
      </trkpt>
      <trkpt lat="50.518643" lon="7.007509">
        <ele>153.702054</ele>
        <time>2026-08-08T10:54:18.646Z</time>
      </trkpt>
      <trkpt lat="50.518743" lon="7.007404">
        <ele>153.675075</ele>
        <time>2026-08-08T10:54:21.225Z</time>
      </trkpt>
      <trkpt lat="50.518869" lon="7.007330">
        <ele>153.644896</ele>
        <time>2026-08-08T10:54:24.038Z</time>
      </trkpt>
      <trkpt lat="50.519019" lon="7.007327">
        <ele>153.611237</ele>
        <time>2026-08-08T10:54:27.096Z</time>
      </trkpt>
      <trkpt lat="50.519517" lon="7.007619">
        <ele>153.507611</ele>
        <time>2026-08-08T10:54:36.911Z</time>
      </trkpt>
      <trkpt lat="50.519703" lon="7.007691">
        <ele>153.757567</ele>
        <time>2026-08-08T10:54:40.429Z</time>
      </trkpt>
      <trkpt lat="50.519808" lon="7.007654">
        <ele>153.897980</ele>
        <time>2026-08-08T10:54:42.506Z</time>
      </trkpt>
      <trkpt lat="50.519953" lon="7.007423">
        <ele>154.167300</ele>
        <time>2026-08-08T10:54:46.930Z</time>
      </trkpt>
      <trkpt lat="50.520046" lon="7.007130">
        <ele>154.439003</ele>
        <time>2026-08-08T10:54:51.836Z</time>
      </trkpt>
      <trkpt lat="50.520056" lon="7.006982">
        <ele>154.562486</ele>
        <time>2026-08-08T10:54:54.043Z</time>
      </trkpt>
      <trkpt lat="50.520021" lon="7.006333">
        <ele>155.102878</ele>
        <time>2026-08-08T10:55:03.656Z</time>
      </trkpt>
      <trkpt lat="50.519995" lon="7.006052">
        <ele>155.338472</ele>
        <time>2026-08-08T10:55:07.748Z</time>
      </trkpt>
      <trkpt lat="50.519922" lon="7.005674">
        <ele>155.666237</ele>
        <time>2026-08-08T10:55:13.570Z</time>
      </trkpt>
      <trkpt lat="50.519723" lon="7.004737">
        <ele>157.403020</ele>
        <time>2026-08-08T10:55:29.175Z</time>
      </trkpt>
      <trkpt lat="50.519648" lon="7.004240">
        <ele>158.429900</ele>
        <time>2026-08-08T10:55:37.914Z</time>
      </trkpt>
      <trkpt lat="50.519635" lon="7.004047">
        <ele>158.820061</ele>
        <time>2026-08-08T10:55:41.183Z</time>
      </trkpt>
      <trkpt lat="50.519665" lon="7.003469">
        <ele>159.985887</ele>
        <time>2026-08-08T10:55:50.404Z</time>
      </trkpt>
      <trkpt lat="50.519788" lon="7.002735">
        <ele>161.511843</ele>
        <time>2026-08-08T10:56:01.799Z</time>
      </trkpt>
      <trkpt lat="50.519843" lon="7.002497">
        <ele>161.525160</ele>
        <time>2026-08-08T10:56:05.510Z</time>
      </trkpt>
      <trkpt lat="50.520105" lon="7.001287">
        <ele>161.508837</ele>
        <time>2026-08-08T10:56:23.176Z</time>
      </trkpt>
      <trkpt lat="50.520127" lon="7.000767">
        <ele>161.502182</ele>
        <time>2026-08-08T10:56:29.017Z</time>
      </trkpt>
      <trkpt lat="50.520077" lon="7.000235">
        <ele>161.495314</ele>
        <time>2026-08-08T10:56:35.129Z</time>
      </trkpt>
      <trkpt lat="50.519971" lon="6.999800">
        <ele>161.692055</ele>
        <time>2026-08-08T10:56:41.179Z</time>
      </trkpt>
      <trkpt lat="50.519794" lon="6.999363">
        <ele>162.164611</ele>
        <time>2026-08-08T10:56:48.330Z</time>
      </trkpt>
      <trkpt lat="50.519473" lon="6.998656">
        <ele>162.956946</ele>
        <time>2026-08-08T10:57:00.373Z</time>
      </trkpt>
      <trkpt lat="50.519330" lon="6.998384">
        <ele>163.278842</ele>
        <time>2026-08-08T10:57:05.338Z</time>
      </trkpt>
      <trkpt lat="50.518606" lon="6.997264">
        <ele>165.634490</ele>
        <time>2026-08-08T10:57:31.260Z</time>
      </trkpt>
      <trkpt lat="50.518151" lon="6.996642">
        <ele>167.671133</ele>
        <time>2026-08-08T10:57:47.749Z</time>
      </trkpt>
      <trkpt lat="50.517930" lon="6.996436">
        <ele>168.539023</ele>
        <time>2026-08-08T10:57:54.671Z</time>
      </trkpt>
      <trkpt lat="50.517668" lon="6.996290">
        <ele>169.478063</ele>
        <time>2026-08-08T10:58:01.827Z</time>
      </trkpt>
      <trkpt lat="50.517257" lon="6.996216">
        <ele>169.758964</ele>
        <time>2026-08-08T10:58:10.348Z</time>
      </trkpt>
      <trkpt lat="50.516986" lon="6.996283">
        <ele>169.262273</ele>
        <time>2026-08-08T10:58:14.514Z</time>
      </trkpt>
      <trkpt lat="50.516836" lon="6.996417">
        <ele>168.949931</ele>
        <time>2026-08-08T10:58:17.012Z</time>
      </trkpt>
      <trkpt lat="50.516725" lon="6.996713">
        <ele>168.554310</ele>
        <time>2026-08-08T10:58:20.113Z</time>
      </trkpt>
      <trkpt lat="50.516679" lon="6.997192">
        <ele>167.996602</ele>
        <time>2026-08-08T10:58:24.629Z</time>
      </trkpt>
      <trkpt lat="50.516686" lon="6.997398">
        <ele>167.759104</ele>
        <time>2026-08-08T10:58:26.664Z</time>
      </trkpt>
      <trkpt lat="50.516703" lon="6.997815">
        <ele>167.278044</ele>
        <time>2026-08-08T10:58:31.408Z</time>
      </trkpt>
      <trkpt lat="50.516662" lon="6.997992">
        <ele>167.061170</ele>
        <time>2026-08-08T10:58:34.226Z</time>
      </trkpt>
      <trkpt lat="50.516548" lon="6.998091">
        <ele>167.043406</ele>
        <time>2026-08-08T10:58:37.598Z</time>
      </trkpt>
      <trkpt lat="50.516468" lon="6.998066">
        <ele>167.378877</ele>
        <time>2026-08-08T10:58:39.966Z</time>
      </trkpt>
      <trkpt lat="50.516419" lon="6.997995">
        <ele>167.652912</ele>
        <time>2026-08-08T10:58:41.913Z</time>
      </trkpt>
      <trkpt lat="50.516395" lon="6.997943">
        <ele>167.820954</ele>
        <time>2026-08-08T10:58:43.061Z</time>
      </trkpt>
      <trkpt lat="50.516331" lon="6.997203">
        <ele>169.774073</ele>
        <time>2026-08-08T10:58:58.365Z</time>
      </trkpt>
      <trkpt lat="50.516287" lon="6.996398">
        <ele>171.887130</ele>
        <time>2026-08-08T10:59:14.749Z</time>
      </trkpt>
      <trkpt lat="50.516193" lon="6.995444">
        <ele>174.181325</ele>
        <time>2026-08-08T10:59:29.525Z</time>
      </trkpt>
      <trkpt lat="50.516190" lon="6.995365">
        <ele>173.997401</ele>
        <time>2026-08-08T10:59:30.474Z</time>
      </trkpt>
      <trkpt lat="50.516216" lon="6.995305">
        <ele>173.828659</ele>
        <time>2026-08-08T10:59:31.296Z</time>
      </trkpt>
      <trkpt lat="50.516485" lon="6.994904">
        <ele>172.473997</ele>
        <time>2026-08-08T10:59:36.866Z</time>
      </trkpt>
      <trkpt lat="50.516579" lon="6.994720">
        <ele>171.925464</ele>
        <time>2026-08-08T10:59:38.926Z</time>
      </trkpt>
      <trkpt lat="50.516664" lon="6.994382">
        <ele>171.080753</ele>
        <time>2026-08-08T10:59:42.160Z</time>
      </trkpt>
      <trkpt lat="50.516748" lon="6.993764">
        <ele>169.612083</ele>
        <time>2026-08-08T10:59:47.932Z</time>
      </trkpt>
      <trkpt lat="50.516790" lon="6.993462">
        <ele>168.893649</ele>
        <time>2026-08-08T10:59:50.969Z</time>
      </trkpt>
      <trkpt lat="50.516942" lon="6.992337">
        <ele>167.732339</ele>
        <time>2026-08-08T11:00:05.853Z</time>
      </trkpt>
      <trkpt lat="50.517006" lon="6.992065">
        <ele>167.739735</ele>
        <time>2026-08-08T11:00:10.011Z</time>
      </trkpt>
      <trkpt lat="50.517004" lon="6.991951">
        <ele>167.742644</ele>
        <time>2026-08-08T11:00:11.673Z</time>
      </trkpt>
      <trkpt lat="50.516875" lon="6.991236">
        <ele>167.761599</ele>
        <time>2026-08-08T11:00:22.339Z</time>
      </trkpt>
      <trkpt lat="50.516820" lon="6.990923">
        <ele>167.769881</ele>
        <time>2026-08-08T11:00:26.864Z</time>
      </trkpt>
      <trkpt lat="50.516788" lon="6.990743">
        <ele>167.774648</ele>
        <time>2026-08-08T11:00:29.425Z</time>
      </trkpt>
      <trkpt lat="50.516699" lon="6.990288">
        <ele>167.786788</ele>
        <time>2026-08-08T11:00:35.710Z</time>
      </trkpt>
      <trkpt lat="50.516628" lon="6.989754">
        <ele>167.821252</ele>
        <time>2026-08-08T11:00:42.794Z</time>
      </trkpt>
      <trkpt lat="50.516615" lon="6.989617">
        <ele>167.830533</ele>
        <time>2026-08-08T11:00:44.635Z</time>
      </trkpt>
      <trkpt lat="50.516592" lon="6.989385">
        <ele>167.846266</ele>
        <time>2026-08-08T11:00:47.819Z</time>
      </trkpt>
      <trkpt lat="50.516582" lon="6.989284">
        <ele>167.853116</ele>
        <time>2026-08-08T11:00:49.255Z</time>
      </trkpt>
      <trkpt lat="50.516561" lon="6.989217">
        <ele>167.858121</ele>
        <time>2026-08-08T11:00:50.301Z</time>
      </trkpt>
      <trkpt lat="50.516307" lon="6.988843">
        <ele>167.894787</ele>
        <time>2026-08-08T11:00:57.963Z</time>
      </trkpt>
      <trkpt lat="50.516226" lon="6.988702">
        <ele>167.907520</ele>
        <time>2026-08-08T11:01:00.626Z</time>
      </trkpt>
      <trkpt lat="50.516195" lon="6.988607">
        <ele>167.914675</ele>
        <time>2026-08-08T11:01:02.132Z</time>
      </trkpt>
      <trkpt lat="50.516105" lon="6.988294">
        <ele>167.937693</ele>
        <time>2026-08-08T11:01:06.872Z</time>
      </trkpt>
      <trkpt lat="50.515979" lon="6.987709">
        <ele>167.972226</ele>
        <time>2026-08-08T11:01:15.033Z</time>
      </trkpt>
      <trkpt lat="50.515833" lon="6.986815">
        <ele>167.744985</ele>
        <time>2026-08-08T11:01:26.822Z</time>
      </trkpt>
      <trkpt lat="50.515771" lon="6.986434">
        <ele>167.648161</ele>
        <time>2026-08-08T11:01:31.646Z</time>
      </trkpt>
      <trkpt lat="50.515756" lon="6.986346">
        <ele>167.625731</ele>
        <time>2026-08-08T11:01:32.777Z</time>
      </trkpt>
      <trkpt lat="50.515655" lon="6.985727">
        <ele>167.468398</ele>
        <time>2026-08-08T11:01:40.187Z</time>
      </trkpt>
      <trkpt lat="50.515572" lon="6.985499">
        <ele>167.403718</ele>
        <time>2026-08-08T11:01:43.320Z</time>
      </trkpt>
      <trkpt lat="50.515462" lon="6.985411">
        <ele>167.355934</ele>
        <time>2026-08-08T11:01:45.765Z</time>
      </trkpt>
      <trkpt lat="50.515373" lon="6.985408">
        <ele>167.321467</ele>
        <time>2026-08-08T11:01:47.619Z</time>
      </trkpt>
      <trkpt lat="50.515287" lon="6.985457">
        <ele>167.286051</ele>
        <time>2026-08-08T11:01:49.561Z</time>
      </trkpt>
      <trkpt lat="50.515217" lon="6.985557">
        <ele>167.456086</ele>
        <time>2026-08-08T11:01:51.696Z</time>
      </trkpt>
      <trkpt lat="50.515169" lon="6.985697">
        <ele>167.671592</ele>
        <time>2026-08-08T11:01:54.021Z</time>
      </trkpt>
      <trkpt lat="50.514976" lon="6.986584">
        <ele>168.941828</ele>
        <time>2026-08-08T11:02:08.630Z</time>
      </trkpt>
      <trkpt lat="50.514724" lon="6.987160">
        <ele>169.889151</ele>
        <time>2026-08-08T11:02:19.875Z</time>
      </trkpt>
      <trkpt lat="50.514561" lon="6.987408">
        <ele>170.372416</ele>
        <time>2026-08-08T11:02:25.392Z</time>
      </trkpt>
      <trkpt lat="50.514389" lon="6.987594">
        <ele>170.817203</ele>
        <time>2026-08-08T11:02:30.318Z</time>
      </trkpt>
      <trkpt lat="50.514172" lon="6.987763">
        <ele>171.001009</ele>
        <time>2026-08-08T11:02:35.944Z</time>
      </trkpt>
      <trkpt lat="50.512841" lon="6.988616">
        <ele>169.426965</ele>
        <time>2026-08-08T11:03:01.674Z</time>
      </trkpt>
      <trkpt lat="50.512731" lon="6.988669">
        <ele>169.300970</ele>
        <time>2026-08-08T11:03:03.626Z</time>
      </trkpt>
      <trkpt lat="50.512563" lon="6.988641">
        <ele>169.125691</ele>
        <time>2026-08-08T11:03:06.533Z</time>
      </trkpt>
      <trkpt lat="50.512485" lon="6.988586">
        <ele>169.064592</ele>
        <time>2026-08-08T11:03:08.005Z</time>
      </trkpt>
      <trkpt lat="50.511549" lon="6.987526">
        <ele>168.240154</ele>
        <time>2026-08-08T11:03:30.922Z</time>
      </trkpt>
      <trkpt lat="50.511097" lon="6.987010">
        <ele>167.861626</ele>
        <time>2026-08-08T11:03:42.588Z</time>
      </trkpt>
      <trkpt lat="50.511160" lon="6.986889">
        <ele>167.874746</ele>
        <time>2026-08-08T11:03:49.490Z</time>
      </trkpt>
      <trkpt lat="50.511382" lon="6.986448">
        <ele>167.921934</ele>
        <time>2026-08-08T11:04:01.865Z</time>
      </trkpt>
      <trkpt lat="50.511464" lon="6.986287">
        <ele>167.939240</ele>
        <time>2026-08-08T11:04:04.613Z</time>
      </trkpt>
      <trkpt lat="50.511437" lon="6.986053">
        <ele>167.959192</ele>
        <time>2026-08-08T11:04:08.784Z</time>
      </trkpt>
      <trkpt lat="50.511445" lon="6.985799">
        <ele>167.980528</ele>
        <time>2026-08-08T11:04:13.194Z</time>
      </trkpt>
      <trkpt lat="50.511483" lon="6.985619">
        <ele>167.996440</ele>
        <time>2026-08-08T11:04:16.467Z</time>
      </trkpt>
      <trkpt lat="50.511646" lon="6.985302">
        <ele>168.030641</ele>
        <time>2026-08-08T11:04:23.484Z</time>
      </trkpt>
      <trkpt lat="50.511809" lon="6.985086">
        <ele>168.058763</ele>
        <time>2026-08-08T11:04:27.999Z</time>
      </trkpt>
      <trkpt lat="50.512359" lon="6.984776">
        <ele>168.726971</ele>
        <time>2026-08-08T11:04:41.238Z</time>
      </trkpt>
      <trkpt lat="50.512519" lon="6.984655">
        <ele>169.095247</ele>
        <time>2026-08-08T11:04:45.332Z</time>
      </trkpt>
      <trkpt lat="50.512627" lon="6.984505">
        <ele>169.394141</ele>
        <time>2026-08-08T11:04:48.714Z</time>
      </trkpt>
      <trkpt lat="50.512692" lon="6.984354">
        <ele>169.634666</ele>
        <time>2026-08-08T11:04:51.449Z</time>
      </trkpt>
      <trkpt lat="50.512771" lon="6.983984">
        <ele>170.149501</ele>
        <time>2026-08-08T11:04:57.437Z</time>
      </trkpt>
      <trkpt lat="50.512796" lon="6.983832">
        <ele>170.356598</ele>
        <time>2026-08-08T11:04:59.864Z</time>
      </trkpt>
      <trkpt lat="50.512792" lon="6.983489">
        <ele>170.809117</ele>
        <time>2026-08-08T11:05:05.200Z</time>
      </trkpt>
      <trkpt lat="50.512696" lon="6.982781">
        <ele>171.764017</ele>
        <time>2026-08-08T11:05:16.273Z</time>
      </trkpt>
      <trkpt lat="50.512624" lon="6.982406">
        <ele>171.795311</ele>
        <time>2026-08-08T11:05:22.125Z</time>
      </trkpt>
      <trkpt lat="50.512520" lon="6.981895">
        <ele>171.746447</ele>
        <time>2026-08-08T11:05:29.805Z</time>
      </trkpt>
      <trkpt lat="50.512413" lon="6.981528">
        <ele>171.709677</ele>
        <time>2026-08-08T11:05:35.237Z</time>
      </trkpt>
      <trkpt lat="50.512272" lon="6.981168">
        <ele>171.671170</ele>
        <time>2026-08-08T11:05:40.515Z</time>
      </trkpt>
      <trkpt lat="50.511965" lon="6.980590">
        <ele>171.602581</ele>
        <time>2026-08-08T11:05:49.175Z</time>
      </trkpt>
      <trkpt lat="50.511698" lon="6.979822">
        <ele>171.527112</ele>
        <time>2026-08-08T11:05:59.114Z</time>
      </trkpt>
      <trkpt lat="50.511641" lon="6.979431">
        <ele>171.493936</ele>
        <time>2026-08-08T11:06:04.039Z</time>
      </trkpt>
      <trkpt lat="50.511617" lon="6.978647">
        <ele>171.429022</ele>
        <time>2026-08-08T11:06:14.487Z</time>
      </trkpt>
      <trkpt lat="50.511629" lon="6.978275">
        <ele>171.398217</ele>
        <time>2026-08-08T11:06:19.724Z</time>
      </trkpt>
      <trkpt lat="50.511737" lon="6.977463">
        <ele>171.382047</ele>
        <time>2026-08-08T11:06:31.714Z</time>
      </trkpt>
      <trkpt lat="50.511757" lon="6.977078">
        <ele>171.652792</ele>
        <time>2026-08-08T11:06:37.225Z</time>
      </trkpt>
      <trkpt lat="50.511683" lon="6.976792">
        <ele>171.869207</ele>
        <time>2026-08-08T11:06:41.598Z</time>
      </trkpt>
      <trkpt lat="50.511401" lon="6.976220">
        <ele>172.376494</ele>
        <time>2026-08-08T11:06:51.863Z</time>
      </trkpt>
      <trkpt lat="50.511309" lon="6.976043">
        <ele>172.536722</ele>
        <time>2026-08-08T11:06:56.828Z</time>
      </trkpt>
      <trkpt lat="50.511270" lon="6.975971">
        <ele>172.603013</ele>
        <time>2026-08-08T11:06:58.235Z</time>
      </trkpt>
      <trkpt lat="50.511065" lon="6.975991">
        <ele>172.829394</ele>
        <time>2026-08-08T11:07:03.099Z</time>
      </trkpt>
      <trkpt lat="50.510906" lon="6.975932">
        <ele>173.009454</ele>
        <time>2026-08-08T11:07:07.038Z</time>
      </trkpt>
      <trkpt lat="50.510725" lon="6.975767">
        <ele>173.240048</ele>
        <time>2026-08-08T11:07:12.044Z</time>
      </trkpt>
      <trkpt lat="50.510596" lon="6.975655">
        <ele>173.335377</ele>
        <time>2026-08-08T11:07:15.500Z</time>
      </trkpt>
      <trkpt lat="50.510494" lon="6.975577">
        <ele>173.361594</ele>
        <time>2026-08-08T11:07:18.076Z</time>
      </trkpt>
      <trkpt lat="50.510426" lon="6.975575">
        <ele>173.377314</ele>
        <time>2026-08-08T11:07:19.660Z</time>
      </trkpt>
      <trkpt lat="50.509995" lon="6.975837">
        <ele>173.484122</ele>
        <time>2026-08-08T11:07:29.943Z</time>
      </trkpt>
      <trkpt lat="50.509872" lon="6.975862">
        <ele>173.512789</ele>
        <time>2026-08-08T11:07:32.795Z</time>
      </trkpt>
      <trkpt lat="50.509796" lon="6.975983">
        <ele>173.537788</ele>
        <time>2026-08-08T11:07:35.163Z</time>
      </trkpt>
      <trkpt lat="50.509372" lon="6.976276">
        <ele>173.644839</ele>
        <time>2026-08-08T11:07:45.001Z</time>
      </trkpt>
      <trkpt lat="50.509161" lon="6.976421">
        <ele>173.698064</ele>
        <time>2026-08-08T11:07:49.616Z</time>
      </trkpt>
      <trkpt lat="50.509082" lon="6.976533">
        <ele>173.722650</ele>
        <time>2026-08-08T11:07:51.662Z</time>
      </trkpt>
      <trkpt lat="50.509053" lon="6.976373">
        <ele>173.777718</ele>
        <time>2026-08-08T11:07:53.650Z</time>
      </trkpt>
      <trkpt lat="50.508980" lon="6.976284">
        <ele>173.846476</ele>
        <time>2026-08-08T11:07:55.398Z</time>
      </trkpt>
      <trkpt lat="50.508933" lon="6.976360">
        <ele>173.896657</ele>
        <time>2026-08-08T11:07:56.631Z</time>
      </trkpt>
      <trkpt lat="50.508898" lon="6.976518">
        <ele>173.975858</ele>
        <time>2026-08-08T11:07:58.700Z</time>
      </trkpt>
      <trkpt lat="50.508600" lon="6.977135">
        <ele>174.342614</ele>
        <time>2026-08-08T11:08:09.237Z</time>
      </trkpt>
      <trkpt lat="50.508420" lon="6.977448">
        <ele>174.542377</ele>
        <time>2026-08-08T11:08:15.328Z</time>
      </trkpt>
      <trkpt lat="50.507877" lon="6.978075">
        <ele>175.043836</ele>
        <time>2026-08-08T11:08:30.764Z</time>
      </trkpt>
      <trkpt lat="50.507752" lon="6.978181">
        <ele>175.352832</ele>
        <time>2026-08-08T11:08:34.088Z</time>
      </trkpt>
      <trkpt lat="50.507634" lon="6.978216">
        <ele>175.676948</ele>
        <time>2026-08-08T11:08:36.954Z</time>
      </trkpt>
      <trkpt lat="50.507403" lon="6.978209">
        <ele>176.300564</ele>
        <time>2026-08-08T11:08:42.514Z</time>
      </trkpt>
      <trkpt lat="50.506854" lon="6.977980">
        <ele>177.833645</ele>
        <time>2026-08-08T11:08:56.292Z</time>
      </trkpt>
      <trkpt lat="50.506479" lon="6.977849">
        <ele>178.870502</ele>
        <time>2026-08-08T11:09:05.620Z</time>
      </trkpt>
      <trkpt lat="50.506148" lon="6.977776">
        <ele>179.772662</ele>
        <time>2026-08-08T11:09:13.773Z</time>
      </trkpt>
      <trkpt lat="50.505308" lon="6.977630">
        <ele>181.215416</ele>
        <time>2026-08-08T11:09:33.852Z</time>
      </trkpt>
      <trkpt lat="50.504581" lon="6.977445">
        <ele>182.419686</ele>
        <time>2026-08-08T11:09:50.171Z</time>
      </trkpt>
      <trkpt lat="50.503697" lon="6.976837">
        <ele>184.245306</ele>
        <time>2026-08-08T11:10:12.006Z</time>
      </trkpt>
      <trkpt lat="50.503607" lon="6.976815">
        <ele>184.426927</ele>
        <time>2026-08-08T11:10:14.116Z</time>
      </trkpt>
      <trkpt lat="50.503505" lon="6.976735">
        <ele>184.654222</ele>
        <time>2026-08-08T11:10:16.796Z</time>
      </trkpt>
      <trkpt lat="50.503142" lon="6.976212">
        <ele>185.636020</ele>
        <time>2026-08-08T11:10:28.434Z</time>
      </trkpt>
      <trkpt lat="50.503069" lon="6.976147">
        <ele>185.803309</ele>
        <time>2026-08-08T11:10:30.447Z</time>
      </trkpt>
      <trkpt lat="50.502871" lon="6.976061">
        <ele>186.212920</ele>
        <time>2026-08-08T11:10:35.387Z</time>
      </trkpt>
      <trkpt lat="50.502283" lon="6.976067">
        <ele>187.835657</ele>
        <time>2026-08-08T11:10:49.712Z</time>
      </trkpt>
      <trkpt lat="50.501743" lon="6.976043">
        <ele>189.433923</ele>
        <time>2026-08-08T11:11:08.294Z</time>
      </trkpt>
      <trkpt lat="50.501523" lon="6.976127">
        <ele>190.103728</ele>
        <time>2026-08-08T11:11:15.959Z</time>
      </trkpt>
      <trkpt lat="50.501415" lon="6.976126">
        <ele>190.423259</ele>
        <time>2026-08-08T11:11:19.600Z</time>
      </trkpt>
      <trkpt lat="50.501286" lon="6.976195">
        <ele>190.826398</ele>
        <time>2026-08-08T11:11:23.108Z</time>
      </trkpt>
      <trkpt lat="50.501226" lon="6.976266">
        <ele>191.048576</ele>
        <time>2026-08-08T11:11:25.026Z</time>
      </trkpt>
      <trkpt lat="50.500909" lon="6.976698">
        <ele>191.707491</ele>
        <time>2026-08-08T11:11:35.456Z</time>
      </trkpt>
      <trkpt lat="50.500483" lon="6.977157">
        <ele>191.503436</ele>
        <time>2026-08-08T11:11:47.847Z</time>
      </trkpt>
      <trkpt lat="50.499995" lon="6.977833">
        <ele>191.246448</ele>
        <time>2026-08-08T11:12:01.152Z</time>
      </trkpt>
      <trkpt lat="50.499862" lon="6.977982">
        <ele>191.181920</ele>
        <time>2026-08-08T11:12:04.278Z</time>
      </trkpt>
      <trkpt lat="50.499613" lon="6.978222">
        <ele>191.066518</ele>
        <time>2026-08-08T11:12:10.097Z</time>
      </trkpt>
      <trkpt lat="50.499055" lon="6.978489">
        <ele>191.633768</ele>
        <time>2026-08-08T11:12:23.463Z</time>
      </trkpt>
      <trkpt lat="50.498812" lon="6.978699">
        <ele>191.905268</ele>
        <time>2026-08-08T11:12:30.338Z</time>
      </trkpt>
      <trkpt lat="50.498079" lon="6.979415">
        <ele>192.750205</ele>
        <time>2026-08-08T11:12:52.195Z</time>
      </trkpt>
      <trkpt lat="50.497161" lon="6.980440">
        <ele>192.321514</ele>
        <time>2026-08-08T11:13:19.779Z</time>
      </trkpt>
      <trkpt lat="50.496546" lon="6.980995">
        <ele>191.979865</ele>
        <time>2026-08-08T11:13:33.451Z</time>
      </trkpt>
      <trkpt lat="50.495984" lon="6.981596">
        <ele>189.535714</ele>
        <time>2026-08-08T11:13:45.593Z</time>
      </trkpt>
      <trkpt lat="50.495840" lon="6.981740">
        <ele>188.887533</ele>
        <time>2026-08-08T11:13:48.283Z</time>
      </trkpt>
      <trkpt lat="50.495801" lon="6.981775">
        <ele>188.716975</ele>
        <time>2026-08-08T11:13:48.984Z</time>
      </trkpt>
      <trkpt lat="50.495693" lon="6.981838">
        <ele>188.279468</ele>
        <time>2026-08-08T11:13:50.778Z</time>
      </trkpt>
      <trkpt lat="50.495564" lon="6.981835">
        <ele>187.789481</ele>
        <time>2026-08-08T11:13:52.771Z</time>
      </trkpt>
      <trkpt lat="50.495501" lon="6.981775">
        <ele>187.509724</ele>
        <time>2026-08-08T11:13:53.906Z</time>
      </trkpt>
      <trkpt lat="50.495376" lon="6.981553">
        <ele>186.793444</ele>
        <time>2026-08-08T11:13:56.809Z</time>
      </trkpt>
      <trkpt lat="50.495302" lon="6.981378">
        <ele>186.285752</ele>
        <time>2026-08-08T11:13:58.859Z</time>
      </trkpt>
      <trkpt lat="50.495125" lon="6.980877">
        <ele>185.018249</ele>
        <time>2026-08-08T11:14:04.477Z</time>
      </trkpt>
      <trkpt lat="50.495035" lon="6.980697">
        <ele>184.749624</ele>
        <time>2026-08-08T11:14:06.842Z</time>
      </trkpt>
      <trkpt lat="50.494442" lon="6.979839">
        <ele>183.263108</ele>
        <time>2026-08-08T11:14:20.685Z</time>
      </trkpt>
      <trkpt lat="50.494178" lon="6.979482">
        <ele>182.620802</ele>
        <time>2026-08-08T11:14:27.255Z</time>
      </trkpt>
      <trkpt lat="50.494144" lon="6.979497">
        <ele>182.555669</ele>
        <time>2026-08-08T11:14:27.961Z</time>
      </trkpt>
      <trkpt lat="50.493754" lon="6.979703">
        <ele>181.827473</ele>
        <time>2026-08-08T11:14:56.569Z</time>
      </trkpt>
      <trkpt lat="50.493631" lon="6.979748">
        <ele>182.086511</ele>
        <time>2026-08-08T11:14:59.318Z</time>
      </trkpt>
      <trkpt lat="50.493235" lon="6.979986">
        <ele>182.956122</ele>
        <time>2026-08-08T11:15:08.965Z</time>
      </trkpt>
      <trkpt lat="50.492813" lon="6.980219">
        <ele>183.873563</ele>
        <time>2026-08-08T11:15:19.370Z</time>
      </trkpt>
      <trkpt lat="50.492627" lon="6.980321">
        <ele>184.277632</ele>
        <time>2026-08-08T11:15:24.057Z</time>
      </trkpt>
      <trkpt lat="50.492529" lon="6.979719">
        <ele>185.088501</ele>
        <time>2026-08-08T11:15:33.644Z</time>
      </trkpt>
      <trkpt lat="50.492437" lon="6.978993">
        <ele>186.854113</ele>
        <time>2026-08-08T11:15:45.488Z</time>
      </trkpt>
      <trkpt lat="50.492265" lon="6.977920">
        <ele>190.382904</ele>
        <time>2026-08-08T11:16:04.216Z</time>
      </trkpt>
      <trkpt lat="50.492187" lon="6.977446">
        <ele>191.944263</ele>
        <time>2026-08-08T11:16:12.921Z</time>
      </trkpt>
      <trkpt lat="50.491982" lon="6.976387">
        <ele>195.318774</ele>
        <time>2026-08-08T11:16:33.010Z</time>
      </trkpt>
      <trkpt lat="50.491826" lon="6.975812">
        <ele>196.988343</ele>
        <time>2026-08-08T11:16:43.735Z</time>
      </trkpt>
      <trkpt lat="50.491633" lon="6.975325">
        <ele>198.520790</ele>
        <time>2026-08-08T11:16:53.305Z</time>
      </trkpt>
      <trkpt lat="50.491338" lon="6.974837">
        <ele>200.318756</ele>
        <time>2026-08-08T11:17:04.250Z</time>
      </trkpt>
      <trkpt lat="50.490236" lon="6.973581">
        <ele>201.898109</ele>
        <time>2026-08-08T11:17:36.210Z</time>
      </trkpt>
      <trkpt lat="50.489928" lon="6.973239">
        <ele>201.830272</ele>
        <time>2026-08-08T11:17:43.184Z</time>
      </trkpt>
      <trkpt lat="50.489476" lon="6.972838">
        <ele>201.561564</ele>
        <time>2026-08-08T11:17:51.508Z</time>
      </trkpt>
      <trkpt lat="50.488808" lon="6.972233">
        <ele>198.207531</ele>
        <time>2026-08-08T11:18:03.437Z</time>
      </trkpt>
      <trkpt lat="50.488524" lon="6.972015">
        <ele>196.832534</ele>
        <time>2026-08-08T11:18:08.250Z</time>
      </trkpt>
      <trkpt lat="50.488225" lon="6.971874">
        <ele>195.474465</ele>
        <time>2026-08-08T11:18:12.974Z</time>
      </trkpt>
      <trkpt lat="50.487789" lon="6.971815">
        <ele>193.682579</ele>
        <time>2026-08-08T11:18:19.602Z</time>
      </trkpt>
      <trkpt lat="50.487295" lon="6.971906">
        <ele>192.212872</ele>
        <time>2026-08-08T11:18:27.433Z</time>
      </trkpt>
      <trkpt lat="50.486842" lon="6.972046">
        <ele>190.848675</ele>
        <time>2026-08-08T11:18:34.851Z</time>
      </trkpt>
      <trkpt lat="50.486819" lon="6.971851">
        <ele>190.475816</ele>
        <time>2026-08-08T11:18:36.946Z</time>
      </trkpt>
      <trkpt lat="50.486778" lon="6.971740">
        <ele>190.234512</ele>
        <time>2026-08-08T11:18:38.304Z</time>
      </trkpt>
      <trkpt lat="50.486492" lon="6.971250">
        <ele>188.984365</ele>
        <time>2026-08-08T11:18:45.681Z</time>
      </trkpt>
      <trkpt lat="50.486413" lon="6.971139">
        <ele>188.671246</ele>
        <time>2026-08-08T11:18:47.618Z</time>
      </trkpt>
      <trkpt lat="50.486045" lon="6.970885">
        <ele>188.629458</ele>
        <time>2026-08-08T11:18:56.244Z</time>
      </trkpt>
      <trkpt lat="50.485982" lon="6.970907">
        <ele>188.633656</ele>
        <time>2026-08-08T11:18:57.736Z</time>
      </trkpt>
      <trkpt lat="50.485569" lon="6.971289">
        <ele>188.664832</ele>
        <time>2026-08-08T11:19:08.828Z</time>
      </trkpt>
      <trkpt lat="50.485284" lon="6.971530">
        <ele>188.685885</ele>
        <time>2026-08-08T11:19:16.223Z</time>
      </trkpt>
      <trkpt lat="50.485109" lon="6.971584">
        <ele>188.697487</ele>
        <time>2026-08-08T11:19:20.223Z</time>
      </trkpt>
      <trkpt lat="50.484017" lon="6.971766">
        <ele>188.812505</ele>
        <time>2026-08-08T11:19:44.499Z</time>
      </trkpt>
      <trkpt lat="50.483308" lon="6.972043">
        <ele>188.903970</ele>
        <time>2026-08-08T11:20:00.809Z</time>
      </trkpt>
      <trkpt lat="50.482980" lon="6.972037">
        <ele>188.945037</ele>
        <time>2026-08-08T11:20:07.741Z</time>
      </trkpt>
      <trkpt lat="50.482553" lon="6.971728">
        <ele>188.998510</ele>
        <time>2026-08-08T11:20:18.166Z</time>
      </trkpt>
      <trkpt lat="50.482279" lon="6.971395">
        <ele>189.037775</ele>
        <time>2026-08-08T11:20:26.060Z</time>
      </trkpt>
      <trkpt lat="50.483003" lon="6.970340">
        <ele>189.149701</ele>
        <time>2026-08-08T11:20:47.115Z</time>
      </trkpt>
      <trkpt lat="50.481440" lon="6.969246">
        <ele>188.954348</ele>
        <time>2026-08-08T11:21:24.247Z</time>
      </trkpt>
      <trkpt lat="50.481255" lon="6.968930">
        <ele>188.980427</ele>
        <time>2026-08-08T11:21:29.784Z</time>
      </trkpt>
      <trkpt lat="50.481022" lon="6.968480">
        <ele>189.059139</ele>
        <time>2026-08-08T11:21:37.346Z</time>
      </trkpt>
      <trkpt lat="50.480453" lon="6.967391">
        <ele>189.250316</ele>
        <time>2026-08-08T11:21:56.392Z</time>
      </trkpt>
      <trkpt lat="50.480129" lon="6.966716">
        <ele>189.611210</ele>
        <time>2026-08-08T11:22:08.231Z</time>
      </trkpt>
      <trkpt lat="50.479520" lon="6.965647">
        <ele>191.050772</ele>
        <time>2026-08-08T11:22:29.906Z</time>
      </trkpt>
      <trkpt lat="50.478960" lon="6.964513">
        <ele>192.119415</ele>
        <time>2026-08-08T11:22:50.889Z</time>
      </trkpt>
      <trkpt lat="50.478198" lon="6.963546">
        <ele>191.917285</ele>
        <time>2026-08-08T11:23:10.980Z</time>
      </trkpt>
      <trkpt lat="50.477735" lon="6.963052">
        <ele>191.801792</ele>
        <time>2026-08-08T11:23:21.226Z</time>
      </trkpt>
      <trkpt lat="50.477430" lon="6.962889">
        <ele>191.747355</ele>
        <time>2026-08-08T11:23:27.654Z</time>
      </trkpt>
      <trkpt lat="50.476889" lon="6.962617">
        <ele>191.655384</ele>
        <time>2026-08-08T11:23:39.760Z</time>
      </trkpt>
      <trkpt lat="50.476738" lon="6.962467">
        <ele>191.626459</ele>
        <time>2026-08-08T11:23:43.587Z</time>
      </trkpt>
      <trkpt lat="50.476419" lon="6.961832">
        <ele>191.543097</ele>
        <time>2026-08-08T11:23:54.469Z</time>
      </trkpt>
      <trkpt lat="50.475744" lon="6.959952">
        <ele>191.808255</ele>
        <time>2026-08-08T11:24:23.480Z</time>
      </trkpt>
      <trkpt lat="50.475085" lon="6.957756">
        <ele>192.683581</ele>
        <time>2026-08-08T11:24:57.733Z</time>
      </trkpt>
      <trkpt lat="50.474917" lon="6.957181">
        <ele>193.005590</ele>
        <time>2026-08-08T11:25:06.682Z</time>
      </trkpt>
      <trkpt lat="50.474883" lon="6.956912">
        <ele>193.145171</ele>
        <time>2026-08-08T11:25:10.551Z</time>
      </trkpt>
      <trkpt lat="50.474794" lon="6.954915">
        <ele>194.998873</ele>
        <time>2026-08-08T11:25:39.302Z</time>
      </trkpt>
      <trkpt lat="50.474831" lon="6.954611">
        <ele>195.337778</ele>
        <time>2026-08-08T11:25:43.875Z</time>
      </trkpt>
      <trkpt lat="50.475190" lon="6.952726">
        <ele>198.481020</ele>
        <time>2026-08-08T11:26:13.740Z</time>
      </trkpt>
      <trkpt lat="50.475346" lon="6.951681">
        <ele>200.868582</ele>
        <time>2026-08-08T11:26:30.991Z</time>
      </trkpt>
      <trkpt lat="50.475563" lon="6.951012">
        <ele>202.538820</ele>
        <time>2026-08-08T11:26:43.191Z</time>
      </trkpt>
      <trkpt lat="50.475667" lon="6.950536">
        <ele>203.556943</ele>
        <time>2026-08-08T11:26:51.291Z</time>
      </trkpt>
      <trkpt lat="50.475692" lon="6.950058">
        <ele>204.494783</ele>
        <time>2026-08-08T11:26:58.932Z</time>
      </trkpt>
      <trkpt lat="50.475600" lon="6.949101">
        <ele>206.387346</ele>
        <time>2026-08-08T11:27:13.948Z</time>
      </trkpt>
      <trkpt lat="50.475447" lon="6.948658">
        <ele>207.372938</ele>
        <time>2026-08-08T11:27:21.607Z</time>
      </trkpt>
      <trkpt lat="50.475254" lon="6.948284">
        <ele>208.314482</ele>
        <time>2026-08-08T11:27:28.879Z</time>
      </trkpt>
      <trkpt lat="50.474902" lon="6.948027">
        <ele>208.473811</ele>
        <time>2026-08-08T11:27:38.027Z</time>
      </trkpt>
      <trkpt lat="50.474459" lon="6.947406">
        <ele>208.673646</ele>
        <time>2026-08-08T11:27:51.551Z</time>
      </trkpt>
      <trkpt lat="50.474213" lon="6.947220">
        <ele>208.765540</ele>
        <time>2026-08-08T11:27:57.395Z</time>
      </trkpt>
      <trkpt lat="50.473968" lon="6.947140">
        <ele>208.849772</ele>
        <time>2026-08-08T11:28:02.399Z</time>
      </trkpt>
      <trkpt lat="50.473792" lon="6.947132">
        <ele>208.909040</ele>
        <time>2026-08-08T11:28:05.736Z</time>
      </trkpt>
      <trkpt lat="50.473619" lon="6.947181">
        <ele>208.782025</ele>
        <time>2026-08-08T11:28:08.856Z</time>
      </trkpt>
      <trkpt lat="50.473476" lon="6.947263">
        <ele>208.240147</ele>
        <time>2026-08-08T11:28:11.457Z</time>
      </trkpt>
      <trkpt lat="50.472526" lon="6.947068">
        <ele>204.829687</ele>
        <time>2026-08-08T11:28:26.134Z</time>
      </trkpt>
      <trkpt lat="50.472357" lon="6.947130">
        <ele>204.211915</ele>
        <time>2026-08-08T11:28:28.842Z</time>
      </trkpt>
      <trkpt lat="50.472005" lon="6.947463">
        <ele>202.749302</ele>
        <time>2026-08-08T11:28:35.443Z</time>
      </trkpt>
      <trkpt lat="50.471778" lon="6.947674">
        <ele>202.201458</ele>
        <time>2026-08-08T11:28:39.808Z</time>
      </trkpt>
      <trkpt lat="50.471587" lon="6.947758">
        <ele>201.868981</ele>
        <time>2026-08-08T11:28:43.090Z</time>
      </trkpt>
      <trkpt lat="50.471149" lon="6.947845">
        <ele>201.128924</ele>
        <time>2026-08-08T11:28:50.600Z</time>
      </trkpt>
      <trkpt lat="50.471025" lon="6.947802">
        <ele>200.916062</ele>
        <time>2026-08-08T11:28:53.003Z</time>
      </trkpt>
      <trkpt lat="50.470761" lon="6.948213">
        <ele>200.293067</ele>
        <time>2026-08-08T11:29:00.554Z</time>
      </trkpt>
      <trkpt lat="50.470730" lon="6.948392">
        <ele>200.095147</ele>
        <time>2026-08-08T11:29:02.984Z</time>
      </trkpt>
      <trkpt lat="50.470542" lon="6.948454">
        <ele>199.773138</ele>
        <time>2026-08-08T11:29:06.914Z</time>
      </trkpt>
      <trkpt lat="50.470479" lon="6.948511">
        <ele>199.651273</ele>
        <time>2026-08-08T11:29:08.359Z</time>
      </trkpt>
      <trkpt lat="50.470131" lon="6.948987">
        <ele>199.648914</ele>
        <time>2026-08-08T11:29:17.537Z</time>
      </trkpt>
      <trkpt lat="50.470035" lon="6.949092">
        <ele>199.683100</ele>
        <time>2026-08-08T11:29:19.924Z</time>
      </trkpt>
      <trkpt lat="50.469733" lon="6.949279">
        <ele>199.777968</ele>
        <time>2026-08-08T11:29:26.716Z</time>
      </trkpt>
      <trkpt lat="50.469411" lon="6.949453">
        <ele>199.877485</ele>
        <time>2026-08-08T11:29:34.168Z</time>
      </trkpt>
      <trkpt lat="50.469303" lon="6.949475">
        <ele>199.909313</ele>
        <time>2026-08-08T11:29:36.574Z</time>
      </trkpt>
      <trkpt lat="50.469142" lon="6.949662">
        <ele>199.967828</ele>
        <time>2026-08-08T11:29:41.212Z</time>
      </trkpt>
      <trkpt lat="50.468961" lon="6.949778">
        <ele>200.024958</ele>
        <time>2026-08-08T11:29:45.764Z</time>
      </trkpt>
      <trkpt lat="50.468638" lon="6.949926">
        <ele>200.407944</ele>
        <time>2026-08-08T11:29:53.655Z</time>
      </trkpt>
      <trkpt lat="50.468352" lon="6.950000">
        <ele>200.874264</ele>
        <time>2026-08-08T11:30:00.459Z</time>
      </trkpt>
      <trkpt lat="50.468320" lon="6.950009">
        <ele>200.926565</ele>
        <time>2026-08-08T11:30:01.212Z</time>
      </trkpt>
      <trkpt lat="50.467702" lon="6.950201">
        <ele>201.940067</ele>
        <time>2026-08-08T11:30:15.584Z</time>
      </trkpt>
      <trkpt lat="50.467120" lon="6.950325">
        <ele>202.884970</ele>
        <time>2026-08-08T11:30:29.301Z</time>
      </trkpt>
      <trkpt lat="50.466683" lon="6.950508">
        <ele>203.835482</ele>
        <time>2026-08-08T11:30:40.192Z</time>
      </trkpt>
      <trkpt lat="50.466569" lon="6.950481">
        <ele>204.083719</ele>
        <time>2026-08-08T11:30:42.967Z</time>
      </trkpt>
      <trkpt lat="50.466445" lon="6.950369">
        <ele>204.391696</ele>
        <time>2026-08-08T11:30:46.381Z</time>
      </trkpt>
      <trkpt lat="50.466115" lon="6.949926">
        <ele>205.326326</ele>
        <time>2026-08-08T11:30:56.666Z</time>
      </trkpt>
      <trkpt lat="50.465988" lon="6.949809">
        <ele>205.643332</ele>
        <time>2026-08-08T11:31:00.120Z</time>
      </trkpt>
      <trkpt lat="50.465752" lon="6.949781">
        <ele>206.152931</ele>
        <time>2026-08-08T11:31:05.615Z</time>
      </trkpt>
      <trkpt lat="50.465533" lon="6.949811">
        <ele>206.626269</ele>
        <time>2026-08-08T11:31:10.712Z</time>
      </trkpt>
      <trkpt lat="50.465261" lon="6.949916">
        <ele>207.018417</ele>
        <time>2026-08-08T11:31:17.158Z</time>
      </trkpt>
      <trkpt lat="50.465043" lon="6.949960">
        <ele>207.243803</ele>
        <time>2026-08-08T11:31:22.170Z</time>
      </trkpt>
      <trkpt lat="50.464565" lon="6.949949">
        <ele>207.734022</ele>
        <time>2026-08-08T11:31:32.948Z</time>
      </trkpt>
      <trkpt lat="50.464381" lon="6.949882">
        <ele>207.927707</ele>
        <time>2026-08-08T11:31:37.186Z</time>
      </trkpt>
      <trkpt lat="50.463857" lon="6.949488">
        <ele>208.523422</ele>
        <time>2026-08-08T11:31:50.157Z</time>
      </trkpt>
      <trkpt lat="50.463394" lon="6.949190">
        <ele>208.377402</ele>
        <time>2026-08-08T11:32:01.264Z</time>
      </trkpt>
      <trkpt lat="50.462765" lon="6.948670">
        <ele>207.791824</ele>
        <time>2026-08-08T11:32:15.789Z</time>
      </trkpt>
      <trkpt lat="50.462486" lon="6.948481">
        <ele>207.541509</ele>
        <time>2026-08-08T11:32:21.273Z</time>
      </trkpt>
      <trkpt lat="50.461947" lon="6.947807">
        <ele>206.705324</ele>
        <time>2026-08-08T11:32:33.049Z</time>
      </trkpt>
      <trkpt lat="50.461622" lon="6.947221">
        <ele>205.789121</ele>
        <time>2026-08-08T11:32:41.437Z</time>
      </trkpt>
      <trkpt lat="50.461089" lon="6.946460">
        <ele>204.455321</ele>
        <time>2026-08-08T11:32:53.947Z</time>
      </trkpt>
      <trkpt lat="50.460171" lon="6.945583">
        <ele>204.016651</ele>
        <time>2026-08-08T11:33:15.786Z</time>
      </trkpt>
      <trkpt lat="50.459127" lon="6.944691">
        <ele>204.262408</ele>
        <time>2026-08-08T11:33:42.426Z</time>
      </trkpt>
      <trkpt lat="50.459074" lon="6.944679">
        <ele>204.272086</ele>
        <time>2026-08-08T11:33:43.622Z</time>
      </trkpt>
      <trkpt lat="50.458592" lon="6.944403">
        <ele>204.364812</ele>
        <time>2026-08-08T11:33:54.785Z</time>
      </trkpt>
      <trkpt lat="50.458477" lon="6.944386">
        <ele>204.385689</ele>
        <time>2026-08-08T11:33:57.233Z</time>
      </trkpt>
      <trkpt lat="50.458335" lon="6.944365">
        <ele>204.411468</ele>
        <time>2026-08-08T11:34:00.228Z</time>
      </trkpt>
      <trkpt lat="50.457627" lon="6.944686">
        <ele>204.544659</ele>
        <time>2026-08-08T11:34:15.448Z</time>
      </trkpt>
      <trkpt lat="50.457406" lon="6.944694">
        <ele>204.603576</ele>
        <time>2026-08-08T11:34:20.037Z</time>
      </trkpt>
      <trkpt lat="50.457343" lon="6.944667">
        <ele>204.625210</ele>
        <time>2026-08-08T11:34:21.401Z</time>
      </trkpt>
      <trkpt lat="50.457225" lon="6.944617">
        <ele>204.665697</ele>
        <time>2026-08-08T11:34:23.977Z</time>
      </trkpt>
      <trkpt lat="50.457130" lon="6.944639">
        <ele>204.697509</ele>
        <time>2026-08-08T11:34:26.020Z</time>
      </trkpt>
      <trkpt lat="50.457026" lon="6.944494">
        <ele>204.743576</ele>
        <time>2026-08-08T11:34:28.990Z</time>
      </trkpt>
      <trkpt lat="50.456542" lon="6.944237">
        <ele>204.912828</ele>
        <time>2026-08-08T11:34:43.222Z</time>
      </trkpt>
      <trkpt lat="50.456043" lon="6.944106">
        <ele>205.080427</ele>
        <time>2026-08-08T11:34:57.337Z</time>
      </trkpt>
      <trkpt lat="50.455968" lon="6.944083">
        <ele>205.105742</ele>
        <time>2026-08-08T11:34:59.010Z</time>
      </trkpt>
      <trkpt lat="50.455709" lon="6.944059">
        <ele>205.263619</ele>
        <time>2026-08-08T11:35:04.716Z</time>
      </trkpt>
      <trkpt lat="50.455037" lon="6.943731">
        <ele>205.989900</ele>
        <time>2026-08-08T11:35:20.376Z</time>
      </trkpt>
      <trkpt lat="50.454952" lon="6.943693">
        <ele>206.081113</ele>
        <time>2026-08-08T11:35:22.352Z</time>
      </trkpt>
      <trkpt lat="50.454816" lon="6.943583">
        <ele>206.238995</ele>
        <time>2026-08-08T11:35:25.775Z</time>
      </trkpt>
      <trkpt lat="50.454676" lon="6.943421">
        <ele>206.418467</ele>
        <time>2026-08-08T11:35:29.687Z</time>
      </trkpt>
      <trkpt lat="50.453365" lon="6.941800">
        <ele>208.768219</ele>
        <time>2026-08-08T11:36:08.101Z</time>
      </trkpt>
      <trkpt lat="50.452028" lon="6.939995">
        <ele>211.344473</ele>
        <time>2026-08-08T11:36:48.863Z</time>
      </trkpt>
      <trkpt lat="50.451804" lon="6.939583">
        <ele>211.814809</ele>
        <time>2026-08-08T11:36:56.700Z</time>
      </trkpt>
      <trkpt lat="50.451647" lon="6.939396">
        <ele>212.083473</ele>
        <time>2026-08-08T11:37:01.154Z</time>
      </trkpt>
      <trkpt lat="50.451336" lon="6.939151">
        <ele>212.248790</ele>
        <time>2026-08-08T11:37:09.042Z</time>
      </trkpt>
      <trkpt lat="50.451061" lon="6.938842">
        <ele>211.999599</ele>
        <time>2026-08-08T11:37:16.210Z</time>
      </trkpt>
      <trkpt lat="50.450902" lon="6.938562">
        <ele>211.823550</ele>
        <time>2026-08-08T11:37:20.906Z</time>
      </trkpt>
      <trkpt lat="50.450740" lon="6.938198">
        <ele>211.615157</ele>
        <time>2026-08-08T11:37:26.300Z</time>
      </trkpt>
      <trkpt lat="50.450603" lon="6.938027">
        <ele>211.486191</ele>
        <time>2026-08-08T11:37:29.580Z</time>
      </trkpt>
      <trkpt lat="50.450059" lon="6.937915">
        <ele>211.081858</ele>
        <time>2026-08-08T11:37:39.633Z</time>
      </trkpt>
      <trkpt lat="50.449394" lon="6.937440">
        <ele>210.531248</ele>
        <time>2026-08-08T11:37:52.825Z</time>
      </trkpt>
      <trkpt lat="50.448776" lon="6.937079">
        <ele>210.033155</ele>
        <time>2026-08-08T11:38:06.068Z</time>
      </trkpt>
      <trkpt lat="50.448307" lon="6.936944">
        <ele>209.673021</ele>
        <time>2026-08-08T11:38:16.154Z</time>
      </trkpt>
      <trkpt lat="50.447454" lon="6.936535">
        <ele>209.982989</ele>
        <time>2026-08-08T11:38:35.378Z</time>
      </trkpt>
      <trkpt lat="50.447165" lon="6.936350">
        <ele>210.091455</ele>
        <time>2026-08-08T11:38:42.193Z</time>
      </trkpt>
      <trkpt lat="50.446893" lon="6.936079">
        <ele>210.203409</ele>
        <time>2026-08-08T11:38:49.265Z</time>
      </trkpt>
      <trkpt lat="50.446733" lon="6.935747">
        <ele>210.295556</ele>
        <time>2026-08-08T11:38:55.100Z</time>
      </trkpt>
      <trkpt lat="50.446443" lon="6.935361">
        <ele>210.539220</ele>
        <time>2026-08-08T11:39:03.449Z</time>
      </trkpt>
      <trkpt lat="50.445571" lon="6.934528">
        <ele>211.199346</ele>
        <time>2026-08-08T11:39:25.950Z</time>
      </trkpt>
      <trkpt lat="50.445151" lon="6.933818">
        <ele>211.660597</ele>
        <time>2026-08-08T11:39:39.739Z</time>
      </trkpt>
      <trkpt lat="50.444909" lon="6.933456">
        <ele>211.974740</ele>
        <time>2026-08-08T11:39:47.234Z</time>
      </trkpt>
      <trkpt lat="50.444918" lon="6.933306">
        <ele>212.064921</ele>
        <time>2026-08-08T11:39:49.390Z</time>
      </trkpt>
      <trkpt lat="50.445034" lon="6.932929">
        <ele>212.315536</ele>
        <time>2026-08-08T11:39:55.366Z</time>
      </trkpt>
      <trkpt lat="50.445067" lon="6.932744">
        <ele>212.430530</ele>
        <time>2026-08-08T11:39:58.112Z</time>
      </trkpt>
      <trkpt lat="50.445060" lon="6.932180">
        <ele>212.768179</ele>
        <time>2026-08-08T11:40:06.234Z</time>
      </trkpt>
      <trkpt lat="50.445488" lon="6.931573">
        <ele>213.295586</ele>
        <time>2026-08-08T11:40:19.200Z</time>
      </trkpt>
      <trkpt lat="50.445603" lon="6.931371">
        <ele>213.442747</ele>
        <time>2026-08-08T11:40:23.044Z</time>
      </trkpt>
      <trkpt lat="50.445816" lon="6.930670">
        <ele>213.864592</ele>
        <time>2026-08-08T11:40:34.089Z</time>
      </trkpt>
      <trkpt lat="50.445886" lon="6.930315">
        <ele>214.066431</ele>
        <time>2026-08-08T11:40:39.416Z</time>
      </trkpt>
      <trkpt lat="50.445963" lon="6.929502">
        <ele>214.512841</ele>
        <time>2026-08-08T11:40:51.073Z</time>
      </trkpt>
      <trkpt lat="50.445981" lon="6.928786">
        <ele>214.973462</ele>
        <time>2026-08-08T11:41:01.242Z</time>
      </trkpt>
      <trkpt lat="50.445921" lon="6.928352">
        <ele>215.294438</ele>
        <time>2026-08-08T11:41:07.545Z</time>
      </trkpt>
      <trkpt lat="50.445898" lon="6.928049">
        <ele>215.514979</ele>
        <time>2026-08-08T11:41:11.913Z</time>
      </trkpt>
      <trkpt lat="50.445941" lon="6.927532">
        <ele>215.891811</ele>
        <time>2026-08-08T11:41:19.468Z</time>
      </trkpt>
      <trkpt lat="50.445925" lon="6.927279">
        <ele>216.075564</ele>
        <time>2026-08-08T11:41:23.174Z</time>
      </trkpt>
      <trkpt lat="50.445885" lon="6.926532">
        <ele>216.617357</ele>
        <time>2026-08-08T11:41:34.089Z</time>
      </trkpt>
      <trkpt lat="50.445896" lon="6.925851">
        <ele>217.001949</ele>
        <time>2026-08-08T11:41:44.057Z</time>
      </trkpt>
      <trkpt lat="50.445786" lon="6.924472">
        <ele>217.723322</ele>
        <time>2026-08-08T11:42:03.873Z</time>
      </trkpt>
      <trkpt lat="50.445785" lon="6.924419">
        <ele>217.750844</ele>
        <time>2026-08-08T11:42:04.607Z</time>
      </trkpt>
      <trkpt lat="50.445790" lon="6.923802">
        <ele>218.071128</ele>
        <time>2026-08-08T11:42:12.952Z</time>
      </trkpt>
      <trkpt lat="50.445658" lon="6.922780">
        <ele>218.565020</ele>
        <time>2026-08-08T11:42:27.381Z</time>
      </trkpt>
      <trkpt lat="50.445561" lon="6.922307">
        <ele>218.793780</ele>
        <time>2026-08-08T11:42:34.435Z</time>
      </trkpt>
      <trkpt lat="50.445334" lon="6.921527">
        <ele>219.188578</ele>
        <time>2026-08-08T11:42:46.935Z</time>
      </trkpt>
      <trkpt lat="50.444816" lon="6.920156">
        <ele>218.971347</ele>
        <time>2026-08-08T11:43:09.151Z</time>
      </trkpt>
      <trkpt lat="50.444758" lon="6.919973">
        <ele>218.856717</ele>
        <time>2026-08-08T11:43:11.687Z</time>
      </trkpt>
      <trkpt lat="50.444417" lon="6.919203">
        <ele>218.330765</ele>
        <time>2026-08-08T11:43:22.511Z</time>
      </trkpt>
      <trkpt lat="50.444313" lon="6.918849">
        <ele>218.112140</ele>
        <time>2026-08-08T11:43:26.843Z</time>
      </trkpt>
      <trkpt lat="50.443643" lon="6.919247">
        <ele>217.731585</ele>
        <time>2026-08-08T11:43:39.599Z</time>
      </trkpt>
      <trkpt lat="50.442535" lon="6.917086">
        <ele>217.789165</ele>
        <time>2026-08-08T11:44:17.598Z</time>
      </trkpt>
      <trkpt lat="50.442518" lon="6.917052">
        <ele>217.821745</ele>
        <time>2026-08-08T11:44:18.209Z</time>
      </trkpt>
      <trkpt lat="50.442535" lon="6.917086">
        <ele>217.854324</ele>
        <time>2026-08-08T11:44:18.815Z</time>
      </trkpt>
      <trkpt lat="50.443239" lon="6.916607">
        <ele>218.762326</ele>
        <time>2026-08-08T11:44:36.163Z</time>
      </trkpt>
      <trkpt lat="50.443358" lon="6.916478">
        <ele>218.933457</ele>
        <time>2026-08-08T11:44:39.489Z</time>
      </trkpt>
      <trkpt lat="50.443293" lon="6.916329">
        <ele>219.069574</ele>
        <time>2026-08-08T11:44:42.157Z</time>
      </trkpt>
      <trkpt lat="50.443176" lon="6.915691">
        <ele>219.738228</ele>
        <time>2026-08-08T11:44:52.144Z</time>
      </trkpt>
      <trkpt lat="50.443116" lon="6.915478">
        <ele>220.068953</ele>
        <time>2026-08-08T11:44:55.702Z</time>
      </trkpt>
      <trkpt lat="50.443756" lon="6.915160">
        <ele>221.565724</ele>
        <time>2026-08-08T11:45:11.723Z</time>
      </trkpt>
      <trkpt lat="50.443817" lon="6.915050">
        <ele>221.772841</ele>
        <time>2026-08-08T11:45:13.952Z</time>
      </trkpt>
      <trkpt lat="50.443821" lon="6.914940">
        <ele>221.929293</ele>
        <time>2026-08-08T11:45:15.622Z</time>
      </trkpt>
      <trkpt lat="50.443796" lon="6.914814">
        <ele>222.116692</ele>
        <time>2026-08-08T11:45:17.626Z</time>
      </trkpt>
      <trkpt lat="50.443671" lon="6.914358">
        <ele>222.821640</ele>
        <time>2026-08-08T11:45:25.154Z</time>
      </trkpt>
      <trkpt lat="50.443640" lon="6.914255">
        <ele>222.983409</ele>
        <time>2026-08-08T11:45:26.855Z</time>
      </trkpt>
      <trkpt lat="50.443549" lon="6.914220">
        <ele>223.192313</ele>
        <time>2026-08-08T11:45:29.013Z</time>
      </trkpt>
      <trkpt lat="50.443478" lon="6.914111">
        <ele>223.396143</ele>
        <time>2026-08-08T11:45:31.326Z</time>
      </trkpt>
      <trkpt lat="50.443129" lon="6.913060">
        <ele>223.825413</ele>
        <time>2026-08-08T11:45:48.265Z</time>
      </trkpt>
      <trkpt lat="50.443087" lon="6.912851">
        <ele>223.904785</ele>
        <time>2026-08-08T11:45:51.263Z</time>
      </trkpt>
      <trkpt lat="50.443053" lon="6.912576">
        <ele>224.006240</ele>
        <time>2026-08-08T11:45:55.049Z</time>
      </trkpt>
      <trkpt lat="50.442740" lon="6.910460">
        <ele>225.475710</ele>
        <time>2026-08-08T11:46:24.111Z</time>
      </trkpt>
      <trkpt lat="50.442695" lon="6.910108">
        <ele>225.839352</ele>
        <time>2026-08-08T11:46:29.212Z</time>
      </trkpt>
      <trkpt lat="50.442667" lon="6.909620">
        <ele>226.335633</ele>
        <time>2026-08-08T11:46:36.387Z</time>
      </trkpt>
      <trkpt lat="50.442668" lon="6.909278">
        <ele>226.682038</ele>
        <time>2026-08-08T11:46:41.542Z</time>
      </trkpt>
      <trkpt lat="50.442687" lon="6.908834">
        <ele>227.132765</ele>
        <time>2026-08-08T11:46:48.449Z</time>
      </trkpt>
      <trkpt lat="50.442739" lon="6.908397">
        <ele>228.239985</ele>
        <time>2026-08-08T11:46:55.667Z</time>
      </trkpt>
      <trkpt lat="50.442791" lon="6.908061">
        <ele>229.333760</ele>
        <time>2026-08-08T11:47:01.637Z</time>
      </trkpt>
      <trkpt lat="50.442896" lon="6.907676">
        <ele>230.658571</ele>
        <time>2026-08-08T11:47:09.265Z</time>
      </trkpt>
      <trkpt lat="50.442909" lon="6.907632">
        <ele>230.812002</ele>
        <time>2026-08-08T11:47:10.165Z</time>
      </trkpt>
      <trkpt lat="50.443137" lon="6.906989">
        <ele>233.139963</ele>
        <time>2026-08-08T11:47:23.835Z</time>
      </trkpt>
      <trkpt lat="50.443307" lon="6.906583">
        <ele>234.676942</ele>
        <time>2026-08-08T11:47:32.467Z</time>
      </trkpt>
      <trkpt lat="50.443554" lon="6.906066">
        <ele>236.294572</ele>
        <time>2026-08-08T11:47:43.036Z</time>
      </trkpt>
      <trkpt lat="50.443706" lon="6.905815">
        <ele>236.480305</ele>
        <time>2026-08-08T11:47:48.380Z</time>
      </trkpt>
      <trkpt lat="50.443834" lon="6.905661">
        <ele>236.616084</ele>
        <time>2026-08-08T11:47:52.164Z</time>
      </trkpt>
      <trkpt lat="50.444081" lon="6.905405">
        <ele>236.865284</ele>
        <time>2026-08-08T11:47:58.926Z</time>
      </trkpt>
      <trkpt lat="50.444572" lon="6.905066">
        <ele>237.316918</ele>
        <time>2026-08-08T11:48:10.133Z</time>
      </trkpt>
      <trkpt lat="50.446756" lon="6.903570">
        <ele>234.916808</ele>
        <time>2026-08-08T11:48:53.900Z</time>
      </trkpt>
      <trkpt lat="50.447178" lon="6.903127">
        <ele>234.424122</ele>
        <time>2026-08-08T11:49:02.681Z</time>
      </trkpt>
      <trkpt lat="50.447405" lon="6.902834">
        <ele>234.138922</ele>
        <time>2026-08-08T11:49:08.054Z</time>
      </trkpt>
      <trkpt lat="50.447768" lon="6.902113">
        <ele>233.570838</ele>
        <time>2026-08-08T11:49:19.582Z</time>
      </trkpt>
      <trkpt lat="50.447933" lon="6.901698">
        <ele>233.275219</ele>
        <time>2026-08-08T11:49:26.127Z</time>
      </trkpt>
      <trkpt lat="50.448027" lon="6.901380">
        <ele>233.620462</ele>
        <time>2026-08-08T11:49:31.128Z</time>
      </trkpt>
      <trkpt lat="50.448107" lon="6.901075">
        <ele>233.945290</ele>
        <time>2026-08-08T11:49:35.914Z</time>
      </trkpt>
      <trkpt lat="50.448104" lon="6.900918">
        <ele>234.099964</ele>
        <time>2026-08-08T11:49:38.232Z</time>
      </trkpt>
      <trkpt lat="50.448052" lon="6.900746">
        <ele>234.287460</ele>
        <time>2026-08-08T11:49:41.027Z</time>
      </trkpt>
      <trkpt lat="50.448095" lon="6.899653">
        <ele>235.365833</ele>
        <time>2026-08-08T11:49:57.378Z</time>
      </trkpt>
      <trkpt lat="50.448064" lon="6.898841">
        <ele>236.202787</ele>
        <time>2026-08-08T11:50:09.421Z</time>
      </trkpt>
      <trkpt lat="50.448023" lon="6.898572">
        <ele>236.560726</ele>
        <time>2026-08-08T11:50:13.524Z</time>
      </trkpt>
      <trkpt lat="50.447739" lon="6.897280">
        <ele>238.329486</ele>
        <time>2026-08-08T11:50:33.905Z</time>
      </trkpt>
      <trkpt lat="50.447456" lon="6.896126">
        <ele>239.709434</ele>
        <time>2026-08-08T11:50:52.649Z</time>
      </trkpt>
      <trkpt lat="50.447842" lon="6.895959">
        <ele>239.715415</ele>
        <time>2026-08-08T11:51:01.743Z</time>
      </trkpt>
      <trkpt lat="50.447642" lon="6.894279">
        <ele>239.731674</ele>
        <time>2026-08-08T11:51:24.017Z</time>
      </trkpt>
      <trkpt lat="50.447582" lon="6.893979">
        <ele>239.734666</ele>
        <time>2026-08-08T11:51:27.600Z</time>
      </trkpt>
      <trkpt lat="50.447572" lon="6.893924">
        <ele>239.696346</ele>
        <time>2026-08-08T11:51:28.269Z</time>
      </trkpt>
      <trkpt lat="50.447512" lon="6.893672">
        <ele>239.513709</ele>
        <time>2026-08-08T11:51:31.260Z</time>
      </trkpt>
      <trkpt lat="50.447449" lon="6.892830">
        <ele>238.938184</ele>
        <time>2026-08-08T11:51:40.900Z</time>
      </trkpt>
      <trkpt lat="50.447441" lon="6.892563">
        <ele>238.756730</ele>
        <time>2026-08-08T11:51:43.991Z</time>
      </trkpt>
      <trkpt lat="50.447469" lon="6.892349">
        <ele>238.608421</ele>
        <time>2026-08-08T11:51:46.489Z</time>
      </trkpt>
      <trkpt lat="50.447563" lon="6.891871">
        <ele>238.268809</ele>
        <time>2026-08-08T11:51:52.195Z</time>
      </trkpt>
      <trkpt lat="50.447839" lon="6.891040">
        <ele>238.358265</ele>
        <time>2026-08-08T11:52:04.665Z</time>
      </trkpt>
      <trkpt lat="50.447863" lon="6.890909">
        <ele>238.629415</ele>
        <time>2026-08-08T11:52:06.653Z</time>
      </trkpt>
      <trkpt lat="50.447859" lon="6.890430">
        <ele>239.582304</ele>
        <time>2026-08-08T11:52:13.826Z</time>
      </trkpt>
      <trkpt lat="50.447891" lon="6.890421">
        <ele>239.683856</ele>
        <time>2026-08-08T11:52:14.635Z</time>
      </trkpt>
      <trkpt lat="50.447972" lon="6.890338">
        <ele>239.985982</ele>
        <time>2026-08-08T11:52:16.997Z</time>
      </trkpt>
      <trkpt lat="50.448240" lon="6.890014">
        <ele>241.042493</ele>
        <time>2026-08-08T11:52:25.620Z</time>
      </trkpt>
      <trkpt lat="50.448300" lon="6.889964">
        <ele>241.254674</ele>
        <time>2026-08-08T11:52:27.393Z</time>
      </trkpt>
      <trkpt lat="50.448461" lon="6.889782">
        <ele>241.874349</ele>
        <time>2026-08-08T11:52:32.517Z</time>
      </trkpt>
      <trkpt lat="50.448553" lon="6.889721">
        <ele>242.186301</ele>
        <time>2026-08-08T11:52:35.177Z</time>
      </trkpt>
      <trkpt lat="50.448627" lon="6.889715">
        <ele>242.417769</ele>
        <time>2026-08-08T11:52:37.119Z</time>
      </trkpt>
      <trkpt lat="50.448654" lon="6.889557">
        <ele>242.743171</ele>
        <time>2026-08-08T11:52:39.980Z</time>
      </trkpt>
      <trkpt lat="50.448619" lon="6.889490">
        <ele>242.915551</ele>
        <time>2026-08-08T11:52:41.465Z</time>
      </trkpt>
      <trkpt lat="50.448412" lon="6.889388">
        <ele>243.613037</ele>
        <time>2026-08-08T11:52:47.540Z</time>
      </trkpt>
      <trkpt lat="50.448121" lon="6.889120">
        <ele>244.799200</ele>
        <time>2026-08-08T11:52:56.724Z</time>
      </trkpt>
      <trkpt lat="50.447732" lon="6.889012">
        <ele>246.188186</ele>
        <time>2026-08-08T11:53:06.523Z</time>
      </trkpt>
      <trkpt lat="50.447599" lon="6.889075">
        <ele>246.676642</ele>
        <time>2026-08-08T11:53:09.802Z</time>
      </trkpt>
      <trkpt lat="50.447312" lon="6.889050">
        <ele>247.687323</ele>
        <time>2026-08-08T11:53:16.694Z</time>
      </trkpt>
      <trkpt lat="50.447092" lon="6.888967">
        <ele>248.482882</ele>
        <time>2026-08-08T11:53:22.402Z</time>
      </trkpt>
      <trkpt lat="50.447082" lon="6.888886">
        <ele>248.667621</ele>
        <time>2026-08-08T11:53:23.702Z</time>
      </trkpt>
      <trkpt lat="50.447050" lon="6.888790">
        <ele>248.910237</ele>
        <time>2026-08-08T11:53:25.423Z</time>
      </trkpt>
      <trkpt lat="50.446942" lon="6.888604">
        <ele>249.473837</ele>
        <time>2026-08-08T11:53:29.298Z</time>
      </trkpt>
      <trkpt lat="50.446781" lon="6.888415">
        <ele>249.633599</ele>
        <time>2026-08-08T11:53:34.070Z</time>
      </trkpt>
      <trkpt lat="50.446679" lon="6.888375">
        <ele>249.522471</ele>
        <time>2026-08-08T11:53:36.564Z</time>
      </trkpt>
      <trkpt lat="50.446280" lon="6.888355">
        <ele>249.100503</ele>
        <time>2026-08-08T11:53:45.652Z</time>
      </trkpt>
      <trkpt lat="50.446163" lon="6.888279">
        <ele>248.966668</ele>
        <time>2026-08-08T11:53:48.291Z</time>
      </trkpt>
      <trkpt lat="50.446030" lon="6.888091">
        <ele>248.777517</ele>
        <time>2026-08-08T11:53:51.779Z</time>
      </trkpt>
      <trkpt lat="50.446003" lon="6.887979">
        <ele>248.696907</ele>
        <time>2026-08-08T11:53:53.152Z</time>
      </trkpt>
      <trkpt lat="50.445849" lon="6.887304">
        <ele>248.214270</ele>
        <time>2026-08-08T11:54:01.035Z</time>
      </trkpt>
      <trkpt lat="50.445800" lon="6.887124">
        <ele>248.082502</ele>
        <time>2026-08-08T11:54:03.008Z</time>
      </trkpt>
      <trkpt lat="50.445591" lon="6.886288">
        <ele>247.048660</ele>
        <time>2026-08-08T11:54:11.487Z</time>
      </trkpt>
      <trkpt lat="50.445591" lon="6.886147">
        <ele>246.846769</ele>
        <time>2026-08-08T11:54:12.836Z</time>
      </trkpt>
      <trkpt lat="50.445523" lon="6.886044">
        <ele>246.634336</ele>
        <time>2026-08-08T11:54:14.274Z</time>
      </trkpt>
      <trkpt lat="50.445484" lon="6.885546">
        <ele>245.915900</ele>
        <time>2026-08-08T11:54:19.225Z</time>
      </trkpt>
      <trkpt lat="50.445496" lon="6.885381">
        <ele>245.678108</ele>
        <time>2026-08-08T11:54:20.943Z</time>
      </trkpt>
      <trkpt lat="50.445518" lon="6.885224">
        <ele>245.447929</ele>
        <time>2026-08-08T11:54:22.651Z</time>
      </trkpt>
      <trkpt lat="50.445530" lon="6.885141">
        <ele>245.326061</ele>
        <time>2026-08-08T11:54:23.624Z</time>
      </trkpt>
      <trkpt lat="50.445598" lon="6.884782">
        <ele>244.789768</ele>
        <time>2026-08-08T11:54:28.178Z</time>
      </trkpt>
      <trkpt lat="50.445680" lon="6.884539">
        <ele>244.395996</ele>
        <time>2026-08-08T11:54:31.966Z</time>
      </trkpt>
      <trkpt lat="50.445758" lon="6.884391">
        <ele>244.120922</ele>
        <time>2026-08-08T11:54:34.753Z</time>
      </trkpt>
      <trkpt lat="50.445784" lon="6.884329">
        <ele>244.014628</ele>
        <time>2026-08-08T11:54:35.845Z</time>
      </trkpt>
      <trkpt lat="50.445874" lon="6.884122">
        <ele>243.916809</ele>
        <time>2026-08-08T11:54:39.553Z</time>
      </trkpt>
      <trkpt lat="50.446282" lon="6.883093">
        <ele>245.033141</ele>
        <time>2026-08-08T11:54:58.211Z</time>
      </trkpt>
      <trkpt lat="50.446794" lon="6.881902">
        <ele>246.356513</ele>
        <time>2026-08-08T11:55:19.129Z</time>
      </trkpt>
      <trkpt lat="50.447156" lon="6.880587">
        <ele>246.007633</ele>
        <time>2026-08-08T11:55:36.954Z</time>
      </trkpt>
      <trkpt lat="50.447288" lon="6.879725">
        <ele>245.743147</ele>
        <time>2026-08-08T11:55:47.659Z</time>
      </trkpt>
      <trkpt lat="50.447407" lon="6.878665">
        <ele>245.850612</ele>
        <time>2026-08-08T11:56:01.962Z</time>
      </trkpt>
      <trkpt lat="50.447416" lon="6.877873">
        <ele>246.284410</ele>
        <time>2026-08-08T11:56:13.253Z</time>
      </trkpt>
      <trkpt lat="50.447367" lon="6.877241">
        <ele>246.633073</ele>
        <time>2026-08-08T11:56:22.458Z</time>
      </trkpt>
      <trkpt lat="50.447097" lon="6.875695">
        <ele>247.978988</ele>
        <time>2026-08-08T11:56:45.756Z</time>
      </trkpt>
      <trkpt lat="50.447052" lon="6.875499">
        <ele>248.229670</ele>
        <time>2026-08-08T11:56:48.851Z</time>
      </trkpt>
      <trkpt lat="50.447035" lon="6.875454">
        <ele>248.292624</ele>
        <time>2026-08-08T11:56:49.668Z</time>
      </trkpt>
      <trkpt lat="50.446957" lon="6.875329">
        <ele>248.503192</ele>
        <time>2026-08-08T11:56:52.272Z</time>
      </trkpt>
      <trkpt lat="50.446793" lon="6.875135">
        <ele>248.891138</ele>
        <time>2026-08-08T11:56:57.157Z</time>
      </trkpt>
      <trkpt lat="50.446737" lon="6.875159">
        <ele>249.000816</ele>
        <time>2026-08-08T11:56:58.515Z</time>
      </trkpt>
      <trkpt lat="50.445975" lon="6.874765">
        <ele>250.516605</ele>
        <time>2026-08-08T11:57:17.445Z</time>
      </trkpt>
      <trkpt lat="50.445685" lon="6.874675">
        <ele>250.601213</ele>
        <time>2026-08-08T11:57:24.362Z</time>
      </trkpt>
      <trkpt lat="50.444966" lon="6.874862">
        <ele>250.805955</ele>
        <time>2026-08-08T11:57:40.500Z</time>
      </trkpt>
      <trkpt lat="50.444313" lon="6.875008">
        <ele>250.991254</ele>
        <time>2026-08-08T11:57:53.181Z</time>
      </trkpt>
      <trkpt lat="50.444011" lon="6.875100">
        <ele>251.013522</ele>
        <time>2026-08-08T11:57:59.135Z</time>
      </trkpt>
      <trkpt lat="50.443722" lon="6.875232">
        <ele>250.997511</ele>
        <time>2026-08-08T11:58:05.068Z</time>
      </trkpt>
      <trkpt lat="50.443667" lon="6.875235">
        <ele>250.994583</ele>
        <time>2026-08-08T11:58:06.156Z</time>
      </trkpt>
      <trkpt lat="50.443622" lon="6.875194">
        <ele>250.991815</ele>
        <time>2026-08-08T11:58:07.254Z</time>
      </trkpt>
      <trkpt lat="50.443517" lon="6.875263">
        <ele>250.985760</ele>
        <time>2026-08-08T11:58:09.528Z</time>
      </trkpt>
      <trkpt lat="50.443320" lon="6.875337">
        <ele>250.974985</ele>
        <time>2026-08-08T11:58:13.784Z</time>
      </trkpt>
      <trkpt lat="50.442911" lon="6.875317">
        <ele>250.953217</ele>
        <time>2026-08-08T11:58:22.725Z</time>
      </trkpt>
      <trkpt lat="50.442452" lon="6.875094">
        <ele>250.927650</ele>
        <time>2026-08-08T11:58:33.468Z</time>
      </trkpt>
      <trkpt lat="50.442171" lon="6.874923">
        <ele>250.911319</ele>
        <time>2026-08-08T11:58:40.154Z</time>
      </trkpt>
      <trkpt lat="50.442008" lon="6.874784">
        <ele>250.901268</ele>
        <time>2026-08-08T11:58:44.157Z</time>
      </trkpt>
      <trkpt lat="50.441846" lon="6.874575">
        <ele>250.889906</ele>
        <time>2026-08-08T11:58:48.513Z</time>
      </trkpt>
      <trkpt lat="50.441698" lon="6.874295">
        <ele>250.877348</ele>
        <time>2026-08-08T11:58:53.171Z</time>
      </trkpt>
      <trkpt lat="50.441432" lon="6.873583">
        <ele>250.848860</ele>
        <time>2026-08-08T11:59:03.270Z</time>
      </trkpt>
      <trkpt lat="50.441396" lon="6.873384">
        <ele>250.841721</ele>
        <time>2026-08-08T11:59:05.864Z</time>
      </trkpt>
      <trkpt lat="50.441367" lon="6.872407">
        <ele>251.459412</ele>
        <time>2026-08-08T11:59:19.504Z</time>
      </trkpt>
      <trkpt lat="50.441329" lon="6.872151">
        <ele>251.711606</ele>
        <time>2026-08-08T11:59:23.394Z</time>
      </trkpt>
      <trkpt lat="50.441260" lon="6.871626">
        <ele>252.225914</ele>
        <time>2026-08-08T11:59:31.402Z</time>
      </trkpt>
      <trkpt lat="50.441223" lon="6.871301">
        <ele>252.542669</ele>
        <time>2026-08-08T11:59:36.326Z</time>
      </trkpt>
      <trkpt lat="50.441245" lon="6.871014">
        <ele>252.820009</ele>
        <time>2026-08-08T11:59:40.644Z</time>
      </trkpt>
      <trkpt lat="50.441282" lon="6.870824">
        <ele>253.010631</ele>
        <time>2026-08-08T11:59:43.652Z</time>
      </trkpt>
      <trkpt lat="50.441365" lon="6.870672">
        <ele>253.202727</ele>
        <time>2026-08-08T11:59:46.653Z</time>
      </trkpt>
      <trkpt lat="50.441508" lon="6.870433">
        <ele>253.517348</ele>
        <time>2026-08-08T11:59:51.649Z</time>
      </trkpt>
      <trkpt lat="50.441883" lon="6.870164">
        <ele>253.720254</ele>
        <time>2026-08-08T12:00:01.274Z</time>
      </trkpt>
      <trkpt lat="50.442359" lon="6.869893">
        <ele>253.949849</ele>
        <time>2026-08-08T12:00:12.180Z</time>
      </trkpt>
      <trkpt lat="50.443265" lon="6.869228">
        <ele>254.277296</ele>
        <time>2026-08-08T12:00:32.553Z</time>
      </trkpt>
      <trkpt lat="50.443572" lon="6.868902">
        <ele>254.000019</ele>
        <time>2026-08-08T12:00:40.249Z</time>
      </trkpt>
      <trkpt lat="50.443866" lon="6.868379">
        <ele>253.667637</ele>
        <time>2026-08-08T12:00:49.260Z</time>
      </trkpt>
      <trkpt lat="50.443936" lon="6.868171">
        <ele>253.555547</ele>
        <time>2026-08-08T12:00:52.241Z</time>
      </trkpt>
      <trkpt lat="50.443971" lon="6.867942">
        <ele>253.443340</ele>
        <time>2026-08-08T12:00:55.187Z</time>
      </trkpt>
      <trkpt lat="50.443971" lon="6.867751">
        <ele>253.352337</ele>
        <time>2026-08-08T12:00:57.528Z</time>
      </trkpt>
      <trkpt lat="50.443930" lon="6.867554">
        <ele>253.253589</ele>
        <time>2026-08-08T12:00:59.999Z</time>
      </trkpt>
      <trkpt lat="50.443559" lon="6.866446">
        <ele>253.061910</ele>
        <time>2026-08-08T12:01:14.601Z</time>
      </trkpt>
      <trkpt lat="50.443166" lon="6.865787">
        <ele>253.125062</ele>
        <time>2026-08-08T12:01:26.128Z</time>
      </trkpt>
      <trkpt lat="50.443135" lon="6.865741">
        <ele>253.129747</ele>
        <time>2026-08-08T12:01:27.042Z</time>
      </trkpt>
      <trkpt lat="50.442852" lon="6.865559">
        <ele>253.163337</ele>
        <time>2026-08-08T12:01:33.591Z</time>
      </trkpt>
      <trkpt lat="50.442410" lon="6.865384">
        <ele>253.457752</ele>
        <time>2026-08-08T12:01:43.946Z</time>
      </trkpt>
      <trkpt lat="50.441989" lon="6.865257">
        <ele>255.505222</ele>
        <time>2026-08-08T12:01:54.772Z</time>
      </trkpt>
      <trkpt lat="50.441760" lon="6.865313">
        <ele>256.612113</ele>
        <time>2026-08-08T12:02:01.219Z</time>
      </trkpt>
      <trkpt lat="50.441565" lon="6.865420">
        <ele>257.598664</ele>
        <time>2026-08-08T12:02:07.137Z</time>
      </trkpt>
      <trkpt lat="50.441297" lon="6.865662">
        <ele>259.075197</ele>
        <time>2026-08-08T12:02:15.802Z</time>
      </trkpt>
      <trkpt lat="50.440825" lon="6.866437">
        <ele>262.395821</ele>
        <time>2026-08-08T12:02:34.618Z</time>
      </trkpt>
      <trkpt lat="50.440465" lon="6.866931">
        <ele>264.928893</ele>
        <time>2026-08-08T12:02:47.978Z</time>
      </trkpt>
      <trkpt lat="50.440285" lon="6.867094">
        <ele>266.029799</ele>
        <time>2026-08-08T12:02:53.644Z</time>
      </trkpt>
      <trkpt lat="50.440017" lon="6.867213">
        <ele>267.505389</ele>
        <time>2026-08-08T12:03:00.998Z</time>
      </trkpt>
      <trkpt lat="50.438982" lon="6.867409">
        <ele>272.287995</ele>
        <time>2026-08-08T12:03:29.127Z</time>
      </trkpt>
      <trkpt lat="50.438554" lon="6.867410">
        <ele>273.568282</ele>
        <time>2026-08-08T12:03:40.735Z</time>
      </trkpt>
      <trkpt lat="50.438134" lon="6.867311">
        <ele>274.838716</ele>
        <time>2026-08-08T12:03:51.202Z</time>
      </trkpt>
      <trkpt lat="50.437815" lon="6.867146">
        <ele>275.843395</ele>
        <time>2026-08-08T12:03:58.965Z</time>
      </trkpt>
      <trkpt lat="50.437548" lon="6.866920">
        <ele>276.682974</ele>
        <time>2026-08-08T12:04:05.445Z</time>
      </trkpt>
      <trkpt lat="50.437034" lon="6.866186">
        <ele>275.481567</ele>
        <time>2026-08-08T12:04:18.160Z</time>
      </trkpt>
      <trkpt lat="50.436736" lon="6.865639">
        <ele>274.688830</ele>
        <time>2026-08-08T12:04:25.979Z</time>
      </trkpt>
      <trkpt lat="50.436492" lon="6.864993">
        <ele>273.861674</ele>
        <time>2026-08-08T12:04:34.137Z</time>
      </trkpt>
      <trkpt lat="50.436243" lon="6.864038">
        <ele>272.740735</ele>
        <time>2026-08-08T12:04:45.391Z</time>
      </trkpt>
      <trkpt lat="50.436029" lon="6.863062">
        <ele>271.624179</ele>
        <time>2026-08-08T12:04:56.935Z</time>
      </trkpt>
      <trkpt lat="50.435831" lon="6.862386">
        <ele>270.819328</ele>
        <time>2026-08-08T12:05:05.921Z</time>
      </trkpt>
      <trkpt lat="50.435521" lon="6.861618">
        <ele>269.911044</ele>
        <time>2026-08-08T12:05:17.564Z</time>
      </trkpt>
      <trkpt lat="50.435384" lon="6.861360">
        <ele>269.586353</ele>
        <time>2026-08-08T12:05:21.916Z</time>
      </trkpt>
      <trkpt lat="50.434971" lon="6.860891">
        <ele>268.812805</ele>
        <time>2026-08-08T12:05:32.223Z</time>
      </trkpt>
      <trkpt lat="50.434075" lon="6.859481">
        <ele>266.628485</ele>
        <time>2026-08-08T12:05:53.210Z</time>
      </trkpt>
      <trkpt lat="50.433937" lon="6.859348">
        <ele>266.313992</ele>
        <time>2026-08-08T12:05:55.692Z</time>
      </trkpt>
      <trkpt lat="50.433545" lon="6.859139">
        <ele>265.509954</ele>
        <time>2026-08-08T12:06:02.375Z</time>
      </trkpt>
      <trkpt lat="50.433368" lon="6.858942">
        <ele>265.088564</ele>
        <time>2026-08-08T12:06:06.544Z</time>
      </trkpt>
      <trkpt lat="50.433098" lon="6.858509">
        <ele>264.338946</ele>
        <time>2026-08-08T12:06:15.086Z</time>
      </trkpt>
      <trkpt lat="50.433001" lon="6.858320">
        <ele>264.412805</ele>
        <time>2026-08-08T12:06:18.555Z</time>
      </trkpt>
      <trkpt lat="50.432718" lon="6.857803">
        <ele>264.690366</ele>
        <time>2026-08-08T12:06:28.506Z</time>
      </trkpt>
      <trkpt lat="50.432659" lon="6.857740">
        <ele>264.735977</ele>
        <time>2026-08-08T12:06:30.122Z</time>
      </trkpt>
      <trkpt lat="50.432561" lon="6.857714">
        <ele>264.799510</ele>
        <time>2026-08-08T12:06:32.431Z</time>
      </trkpt>
      <trkpt lat="50.432451" lon="6.857753">
        <ele>264.871596</ele>
        <time>2026-08-08T12:06:35.046Z</time>
      </trkpt>
      <trkpt lat="50.431826" lon="6.858250">
        <ele>265.319445</ele>
        <time>2026-08-08T12:06:51.135Z</time>
      </trkpt>
      <trkpt lat="50.431696" lon="6.858357">
        <ele>265.413274</ele>
        <time>2026-08-08T12:06:54.186Z</time>
      </trkpt>
      <trkpt lat="50.431296" lon="6.858669">
        <ele>265.055940</ele>
        <time>2026-08-08T12:07:01.947Z</time>
      </trkpt>
      <trkpt lat="50.430931" lon="6.858775">
        <ele>264.626792</ele>
        <time>2026-08-08T12:07:08.212Z</time>
      </trkpt>
      <trkpt lat="50.430553" lon="6.858740">
        <ele>264.189015</ele>
        <time>2026-08-08T12:07:14.899Z</time>
      </trkpt>
      <trkpt lat="50.430247" lon="6.858547">
        <ele>263.807752</ele>
        <time>2026-08-08T12:07:21.318Z</time>
      </trkpt>
      <trkpt lat="50.429288" lon="6.857576">
        <ele>264.413049</ele>
        <time>2026-08-08T12:07:45.472Z</time>
      </trkpt>
      <trkpt lat="50.429142" lon="6.857351">
        <ele>264.681209</ele>
        <time>2026-08-08T12:07:50.126Z</time>
      </trkpt>
      <trkpt lat="50.429050" lon="6.857055">
        <ele>264.956200</ele>
        <time>2026-08-08T12:07:54.959Z</time>
      </trkpt>
      <trkpt lat="50.429034" lon="6.856753">
        <ele>265.209224</ele>
        <time>2026-08-08T12:07:59.462Z</time>
      </trkpt>
      <trkpt lat="50.429080" lon="6.856442">
        <ele>265.475798</ele>
        <time>2026-08-08T12:08:04.261Z</time>
      </trkpt>
      <trkpt lat="50.429467" lon="6.854955">
        <ele>268.730386</ele>
        <time>2026-08-08T12:08:29.783Z</time>
      </trkpt>
      <trkpt lat="50.429613" lon="6.854553">
        <ele>269.808235</ele>
        <time>2026-08-08T12:08:37.577Z</time>
      </trkpt>
      <trkpt lat="50.429808" lon="6.854101">
        <ele>271.079775</ele>
        <time>2026-08-08T12:08:46.674Z</time>
      </trkpt>
      <trkpt lat="50.429942" lon="6.853693">
        <ele>272.148977</ele>
        <time>2026-08-08T12:08:54.102Z</time>
      </trkpt>
      <trkpt lat="50.430131" lon="6.852748">
        <ele>272.364628</ele>
        <time>2026-08-08T12:09:09.067Z</time>
      </trkpt>
      <trkpt lat="50.430186" lon="6.852330">
        <ele>272.383333</ele>
        <time>2026-08-08T12:09:14.256Z</time>
      </trkpt>
      <trkpt lat="50.430171" lon="6.851219">
        <ele>272.432029</ele>
        <time>2026-08-08T12:09:27.973Z</time>
      </trkpt>
      <trkpt lat="50.430112" lon="6.851233">
        <ele>272.436134</ele>
        <time>2026-08-08T12:09:29.134Z</time>
      </trkpt>
      <trkpt lat="50.429848" lon="6.851302">
        <ele>272.313043</ele>
        <time>2026-08-08T12:09:33.801Z</time>
      </trkpt>
      <trkpt lat="50.429683" lon="6.851343">
        <ele>272.065869</ele>
        <time>2026-08-08T12:09:36.613Z</time>
      </trkpt>
      <trkpt lat="50.429486" lon="6.851398">
        <ele>271.769814</ele>
        <time>2026-08-08T12:09:39.917Z</time>
      </trkpt>
      <trkpt lat="50.429345" lon="6.851407">
        <ele>271.561018</ele>
        <time>2026-08-08T12:09:42.191Z</time>
      </trkpt>
      <trkpt lat="50.429273" lon="6.851372">
        <ele>271.449496</ele>
        <time>2026-08-08T12:09:43.441Z</time>
      </trkpt>
      <trkpt lat="50.429193" lon="6.851302">
        <ele>271.313982</ele>
        <time>2026-08-08T12:09:44.952Z</time>
      </trkpt>
      <trkpt lat="50.429228" lon="6.851049">
        <ele>271.069958</ele>
        <time>2026-08-08T12:09:47.714Z</time>
      </trkpt>
      <trkpt lat="50.429199" lon="6.850559">
        <ele>270.606119</ele>
        <time>2026-08-08T12:09:53.896Z</time>
      </trkpt>
      <trkpt lat="50.429077" lon="6.850157">
        <ele>270.186412</ele>
        <time>2026-08-08T12:10:00.178Z</time>
      </trkpt>
      <trkpt lat="50.428988" lon="6.849995">
        <ele>269.984779</ele>
        <time>2026-08-08T12:10:02.986Z</time>
      </trkpt>
      <trkpt lat="50.428924" lon="6.849967">
        <ele>269.886475</ele>
        <time>2026-08-08T12:10:04.309Z</time>
      </trkpt>
      <trkpt lat="50.428561" lon="6.850023">
        <ele>269.721389</ele>
        <time>2026-08-08T12:10:11.486Z</time>
      </trkpt>
      <trkpt lat="50.427630" lon="6.850453">
        <ele>269.507408</ele>
        <time>2026-08-08T12:10:33.012Z</time>
      </trkpt>
      <trkpt lat="50.425976" lon="6.850634">
        <ele>269.416580</ele>
        <time>2026-08-08T12:11:08.238Z</time>
      </trkpt>
      <trkpt lat="50.424723" lon="6.851306">
        <ele>270.230996</ele>
        <time>2026-08-08T12:11:38.508Z</time>
      </trkpt>
      <trkpt lat="50.424591" lon="6.851407">
        <ele>270.410688</ele>
        <time>2026-08-08T12:11:41.950Z</time>
      </trkpt>
      <trkpt lat="50.424015" lon="6.852013">
        <ele>271.259197</ele>
        <time>2026-08-08T12:11:58.307Z</time>
      </trkpt>
      <trkpt lat="50.423732" lon="6.852373">
        <ele>271.786363</ele>
        <time>2026-08-08T12:12:06.959Z</time>
      </trkpt>
      <trkpt lat="50.423591" lon="6.852420">
        <ele>272.162627</ele>
        <time>2026-08-08T12:12:10.445Z</time>
      </trkpt>
      <trkpt lat="50.422390" lon="6.852662">
        <ele>275.323352</ele>
        <time>2026-08-08T12:12:39.262Z</time>
      </trkpt>
      <trkpt lat="50.421467" lon="6.852793">
        <ele>278.678586</ele>
        <time>2026-08-08T12:13:02.179Z</time>
      </trkpt>
      <trkpt lat="50.421017" lon="6.852778">
        <ele>280.631081</ele>
        <time>2026-08-08T12:13:13.741Z</time>
      </trkpt>
      <trkpt lat="50.420559" lon="6.852623">
        <ele>282.663501</ele>
        <time>2026-08-08T12:13:26.430Z</time>
      </trkpt>
      <trkpt lat="50.420126" lon="6.852367">
        <ele>284.609771</ele>
        <time>2026-08-08T12:13:38.842Z</time>
      </trkpt>
      <trkpt lat="50.419770" lon="6.851995">
        <ele>286.255911</ele>
        <time>2026-08-08T12:13:50.278Z</time>
      </trkpt>
      <trkpt lat="50.419434" lon="6.851505">
        <ele>288.021273</ele>
        <time>2026-08-08T12:14:02.189Z</time>
      </trkpt>
      <trkpt lat="50.419160" lon="6.850968">
        <ele>289.708445</ele>
        <time>2026-08-08T12:14:13.152Z</time>
      </trkpt>
      <trkpt lat="50.418686" lon="6.849770">
        <ele>291.035180</ele>
        <time>2026-08-08T12:14:34.088Z</time>
      </trkpt>
      <trkpt lat="50.418513" lon="6.849135">
        <ele>291.020629</ele>
        <time>2026-08-08T12:14:43.523Z</time>
      </trkpt>
      <trkpt lat="50.418446" lon="6.848708">
        <ele>291.011363</ele>
        <time>2026-08-08T12:14:49.074Z</time>
      </trkpt>
      <trkpt lat="50.418407" lon="6.848280">
        <ele>291.002253</ele>
        <time>2026-08-08T12:14:54.162Z</time>
      </trkpt>
      <trkpt lat="50.418478" lon="6.846763">
        <ele>289.659456</ele>
        <time>2026-08-08T12:15:10.537Z</time>
      </trkpt>
      <trkpt lat="50.418842" lon="6.844151">
        <ele>287.814350</ele>
        <time>2026-08-08T12:15:41.458Z</time>
      </trkpt>
      <trkpt lat="50.418983" lon="6.842901">
        <ele>288.043119</ele>
        <time>2026-08-08T12:15:59.653Z</time>
      </trkpt>
      <trkpt lat="50.418983" lon="6.842104">
        <ele>288.313216</ele>
        <time>2026-08-08T12:16:11.527Z</time>
      </trkpt>
      <trkpt lat="50.418960" lon="6.841755">
        <ele>288.580713</ele>
        <time>2026-08-08T12:16:16.742Z</time>
      </trkpt>
      <trkpt lat="50.418847" lon="6.841021">
        <ele>289.156420</ele>
        <time>2026-08-08T12:16:27.784Z</time>
      </trkpt>
      <trkpt lat="50.418670" lon="6.840315">
        <ele>289.734846</ele>
        <time>2026-08-08T12:16:38.512Z</time>
      </trkpt>
      <trkpt lat="50.418533" lon="6.839975">
        <ele>290.041548</ele>
        <time>2026-08-08T12:16:44.100Z</time>
      </trkpt>
      <trkpt lat="50.418279" lon="6.839493">
        <ele>290.704968</ele>
        <time>2026-08-08T12:16:52.964Z</time>
      </trkpt>
      <trkpt lat="50.417859" lon="6.838965">
        <ele>291.898179</ele>
        <time>2026-08-08T12:17:05.341Z</time>
      </trkpt>
      <trkpt lat="50.417604" lon="6.838724">
        <ele>292.558204</ele>
        <time>2026-08-08T12:17:12.376Z</time>
      </trkpt>
      <trkpt lat="50.417226" lon="6.838451">
        <ele>293.480843</ele>
        <time>2026-08-08T12:17:22.347Z</time>
      </trkpt>
      <trkpt lat="50.416815" lon="6.838241">
        <ele>294.490176</ele>
        <time>2026-08-08T12:17:33.091Z</time>
      </trkpt>
      <trkpt lat="50.415324" lon="6.837714">
        <ele>299.019679</ele>
        <time>2026-08-08T12:18:10.967Z</time>
      </trkpt>
      <trkpt lat="50.414634" lon="6.837358">
        <ele>298.831755</ele>
        <time>2026-08-08T12:18:27.373Z</time>
      </trkpt>
      <trkpt lat="50.414221" lon="6.836990">
        <ele>298.119073</ele>
        <time>2026-08-08T12:18:36.603Z</time>
      </trkpt>
      <trkpt lat="50.412404" lon="6.834927">
        <ele>292.149864</ele>
        <time>2026-08-08T12:19:11.830Z</time>
      </trkpt>
      <trkpt lat="50.412036" lon="6.834588">
        <ele>290.988709</ele>
        <time>2026-08-08T12:19:19.237Z</time>
      </trkpt>
      <trkpt lat="50.411670" lon="6.834339">
        <ele>291.062500</ele>
        <time>2026-08-08T12:19:27.267Z</time>
      </trkpt>
      <trkpt lat="50.411301" lon="6.834162">
        <ele>291.133875</ele>
        <time>2026-08-08T12:19:35.830Z</time>
      </trkpt>
      <trkpt lat="50.410900" lon="6.834120">
        <ele>291.208216</ele>
        <time>2026-08-08T12:19:45.046Z</time>
      </trkpt>
      <trkpt lat="50.410260" lon="6.834177">
        <ele>291.207899</ele>
        <time>2026-08-08T12:19:59.704Z</time>
      </trkpt>
      <trkpt lat="50.409269" lon="6.834193">
        <ele>290.217792</ele>
        <time>2026-08-08T12:20:19.518Z</time>
      </trkpt>
      <trkpt lat="50.408729" lon="6.834238">
        <ele>289.677547</ele>
        <time>2026-08-08T12:20:29.028Z</time>
      </trkpt>
      <trkpt lat="50.408464" lon="6.834361">
        <ele>289.311200</ele>
        <time>2026-08-08T12:20:33.623Z</time>
      </trkpt>
      <trkpt lat="50.408135" lon="6.834375">
        <ele>288.712175</ele>
        <time>2026-08-08T12:20:39.071Z</time>
      </trkpt>
      <trkpt lat="50.407989" lon="6.834430">
        <ele>288.438892</ele>
        <time>2026-08-08T12:20:41.602Z</time>
      </trkpt>
      <trkpt lat="50.407987" lon="6.834377">
        <ele>288.377306</ele>
        <time>2026-08-08T12:20:42.173Z</time>
      </trkpt>
      <trkpt lat="50.407995" lon="6.834241">
        <ele>288.218881</ele>
        <time>2026-08-08T12:20:43.654Z</time>
      </trkpt>
      <trkpt lat="50.408012" lon="6.833991">
        <ele>287.927244</ele>
        <time>2026-08-08T12:20:46.400Z</time>
      </trkpt>
      <trkpt lat="50.407981" lon="6.833843">
        <ele>287.746535</ele>
        <time>2026-08-08T12:20:48.126Z</time>
      </trkpt>
      <trkpt lat="50.407887" lon="6.833715">
        <ele>287.520005</ele>
        <time>2026-08-08T12:20:50.318Z</time>
      </trkpt>
      <trkpt lat="50.407683" lon="6.833650">
        <ele>287.141131</ele>
        <time>2026-08-08T12:20:54.092Z</time>
      </trkpt>
      <trkpt lat="50.406423" lon="6.833834">
        <ele>286.137324</ele>
        <time>2026-08-08T12:21:19.334Z</time>
      </trkpt>
      <trkpt lat="50.405597" lon="6.833894">
        <ele>286.029479</ele>
        <time>2026-08-08T12:21:37.460Z</time>
      </trkpt>
      <trkpt lat="50.404989" lon="6.833890">
        <ele>286.428846</ele>
        <time>2026-08-08T12:21:49.947Z</time>
      </trkpt>
      <trkpt lat="50.404921" lon="6.833793">
        <ele>286.525404</ele>
        <time>2026-08-08T12:21:52.128Z</time>
      </trkpt>
      <trkpt lat="50.404915" lon="6.833687">
        <ele>286.596666</ele>
        <time>2026-08-08T12:21:53.730Z</time>
      </trkpt>
      <trkpt lat="50.404946" lon="6.833231">
        <ele>286.903754</ele>
        <time>2026-08-08T12:22:03.680Z</time>
      </trkpt>
      <trkpt lat="50.405032" lon="6.832945">
        <ele>287.115515</ele>
        <time>2026-08-08T12:22:08.678Z</time>
      </trkpt>
      <trkpt lat="50.404993" lon="6.832350">
        <ele>287.516052</ele>
        <time>2026-08-08T12:22:18.104Z</time>
      </trkpt>
      <trkpt lat="50.404973" lon="6.831405">
        <ele>288.232382</ele>
        <time>2026-08-08T12:22:32.099Z</time>
      </trkpt>
      <trkpt lat="50.404558" lon="6.831355">
        <ele>288.811525</ele>
        <time>2026-08-08T12:22:42.113Z</time>
      </trkpt>
      <trkpt lat="50.404194" lon="6.831203">
        <ele>289.335638</ele>
        <time>2026-08-08T12:22:51.058Z</time>
      </trkpt>
      <trkpt lat="50.403905" lon="6.830961">
        <ele>289.791449</ele>
        <time>2026-08-08T12:22:58.450Z</time>
      </trkpt>
      <trkpt lat="50.403748" lon="6.830836">
        <ele>290.036422</ele>
        <time>2026-08-08T12:23:02.260Z</time>
      </trkpt>
      <trkpt lat="50.403660" lon="6.830789">
        <ele>290.165769</ele>
        <time>2026-08-08T12:23:04.240Z</time>
      </trkpt>
      <trkpt lat="50.403489" lon="6.830759">
        <ele>290.386532</ele>
        <time>2026-08-08T12:23:07.844Z</time>
      </trkpt>
      <trkpt lat="50.402950" lon="6.830864">
        <ele>289.691213</ele>
        <time>2026-08-08T12:23:18.620Z</time>
      </trkpt>
      <trkpt lat="50.402804" lon="6.830825">
        <ele>289.501616</ele>
        <time>2026-08-08T12:23:21.314Z</time>
      </trkpt>
      <trkpt lat="50.402385" lon="6.830616">
        <ele>288.938761</ele>
        <time>2026-08-08T12:23:28.885Z</time>
      </trkpt>
      <trkpt lat="50.402145" lon="6.830597">
        <ele>288.631125</ele>
        <time>2026-08-08T12:23:32.959Z</time>
      </trkpt>
      <trkpt lat="50.402118" lon="6.830739">
        <ele>288.510210</ele>
        <time>2026-08-08T12:23:34.543Z</time>
      </trkpt>
      <trkpt lat="50.402038" lon="6.830908">
        <ele>288.338438</ele>
        <time>2026-08-08T12:23:36.904Z</time>
      </trkpt>
      <trkpt lat="50.401587" lon="6.831398">
        <ele>288.769025</ele>
        <time>2026-08-08T12:23:47.679Z</time>
      </trkpt>
      <trkpt lat="50.401569" lon="6.831436">
        <ele>288.826218</ele>
        <time>2026-08-08T12:23:48.320Z</time>
      </trkpt>
      <trkpt lat="50.401323" lon="6.832003">
        <ele>289.654780</ele>
        <time>2026-08-08T12:23:58.072Z</time>
      </trkpt>
      <trkpt lat="50.401219" lon="6.832283">
        <ele>290.046264</ele>
        <time>2026-08-08T12:24:03.036Z</time>
      </trkpt>
      <trkpt lat="50.401094" lon="6.832599">
        <ele>290.495536</ele>
        <time>2026-08-08T12:24:08.910Z</time>
      </trkpt>
      <trkpt lat="50.400952" lon="6.832817">
        <ele>290.872071</ele>
        <time>2026-08-08T12:24:14.020Z</time>
      </trkpt>
      <trkpt lat="50.400815" lon="6.832943">
        <ele>291.173043</ele>
        <time>2026-08-08T12:24:18.211Z</time>
      </trkpt>
      <trkpt lat="50.400625" lon="6.833139">
        <ele>291.624564</ele>
        <time>2026-08-08T12:24:24.254Z</time>
      </trkpt>
      <trkpt lat="50.400520" lon="6.833202">
        <ele>291.880432</ele>
        <time>2026-08-08T12:24:27.199Z</time>
      </trkpt>
      <trkpt lat="50.399877" lon="6.833198">
        <ele>293.343946</ele>
        <time>2026-08-08T12:24:42.910Z</time>
      </trkpt>
      <trkpt lat="50.399664" lon="6.833249">
        <ele>293.834359</ele>
        <time>2026-08-08T12:24:47.993Z</time>
      </trkpt>
      <trkpt lat="50.399542" lon="6.833319">
        <ele>294.130026</ele>
        <time>2026-08-08T12:24:51.072Z</time>
      </trkpt>
      <trkpt lat="50.399263" lon="6.833351">
        <ele>294.766740</ele>
        <time>2026-08-08T12:24:57.494Z</time>
      </trkpt>
      <trkpt lat="50.399119" lon="6.833424">
        <ele>295.111179</ele>
        <time>2026-08-08T12:25:00.891Z</time>
      </trkpt>
      <trkpt lat="50.398759" lon="6.833746">
        <ele>295.480055</ele>
        <time>2026-08-08T12:25:09.768Z</time>
      </trkpt>
      <trkpt lat="50.398629" lon="6.833917">
        <ele>295.382916</ele>
        <time>2026-08-08T12:25:13.192Z</time>
      </trkpt>
      <trkpt lat="50.398517" lon="6.834119">
        <ele>295.285201</ele>
        <time>2026-08-08T12:25:16.487Z</time>
      </trkpt>
      <trkpt lat="50.398431" lon="6.834166">
        <ele>295.233056</ele>
        <time>2026-08-08T12:25:18.195Z</time>
      </trkpt>
      <trkpt lat="50.398122" lon="6.834664">
        <ele>294.979400</ele>
        <time>2026-08-08T12:25:26.892Z</time>
      </trkpt>
      <trkpt lat="50.397915" lon="6.834938">
        <ele>294.824321</ele>
        <time>2026-08-08T12:25:32.140Z</time>
      </trkpt>
      <trkpt lat="50.397458" lon="6.835796">
        <ele>294.760191</ele>
        <time>2026-08-08T12:25:45.785Z</time>
      </trkpt>
      <trkpt lat="50.397377" lon="6.835969">
        <ele>294.862218</ele>
        <time>2026-08-08T12:25:48.686Z</time>
      </trkpt>
      <trkpt lat="50.397183" lon="6.836369">
        <ele>295.101118</ele>
        <time>2026-08-08T12:25:55.691Z</time>
      </trkpt>
      <trkpt lat="50.396708" lon="6.837277">
        <ele>295.659432</ele>
        <time>2026-08-08T12:26:12.822Z</time>
      </trkpt>
      <trkpt lat="50.396471" lon="6.837571">
        <ele>295.884727</ele>
        <time>2026-08-08T12:26:19.853Z</time>
      </trkpt>
      <trkpt lat="50.396077" lon="6.837969">
        <ele>296.294905</ele>
        <time>2026-08-08T12:26:30.749Z</time>
      </trkpt>
      <trkpt lat="50.395600" lon="6.838273">
        <ele>296.750051</ele>
        <time>2026-08-08T12:26:42.329Z</time>
      </trkpt>
      <trkpt lat="50.393985" lon="6.839132">
        <ele>297.944207</ele>
        <time>2026-08-08T12:27:19.303Z</time>
      </trkpt>
      <trkpt lat="50.392720" lon="6.839854">
        <ele>299.200388</ele>
        <time>2026-08-08T12:27:48.955Z</time>
      </trkpt>
      <trkpt lat="50.392022" lon="6.840003">
        <ele>300.526969</ele>
        <time>2026-08-08T12:28:05.229Z</time>
      </trkpt>
      <trkpt lat="50.391371" lon="6.839892">
        <ele>301.760146</ele>
        <time>2026-08-08T12:28:20.852Z</time>
      </trkpt>
      <trkpt lat="50.390856" lon="6.839629">
        <ele>303.941275</ele>
        <time>2026-08-08T12:28:34.216Z</time>
      </trkpt>
      <trkpt lat="50.390164" lon="6.839100">
        <ele>307.142605</ele>
        <time>2026-08-08T12:28:54.354Z</time>
      </trkpt>
      <trkpt lat="50.389950" lon="6.838800">
        <ele>308.336191</ele>
        <time>2026-08-08T12:29:02.123Z</time>
      </trkpt>
      <trkpt lat="50.389383" lon="6.837846">
        <ele>310.581277</ele>
        <time>2026-08-08T12:29:23.978Z</time>
      </trkpt>
      <trkpt lat="50.389140" lon="6.837087">
        <ele>311.738578</ele>
        <time>2026-08-08T12:29:36.936Z</time>
      </trkpt>
      <trkpt lat="50.388364" lon="6.834018">
        <ele>312.215294</ele>
        <time>2026-08-08T12:30:18.613Z</time>
      </trkpt>
      <trkpt lat="50.388217" lon="6.833190">
        <ele>311.446769</ele>
        <time>2026-08-08T12:30:30.189Z</time>
      </trkpt>
      <trkpt lat="50.387939" lon="6.832283">
        <ele>309.677681</ele>
        <time>2026-08-08T12:30:42.309Z</time>
      </trkpt>
      <trkpt lat="50.387676" lon="6.831785">
        <ele>308.540928</ele>
        <time>2026-08-08T12:30:48.926Z</time>
      </trkpt>
      <trkpt lat="50.387248" lon="6.831162">
        <ele>306.896412</ele>
        <time>2026-08-08T12:30:57.849Z</time>
      </trkpt>
      <trkpt lat="50.387085" lon="6.830925">
        <ele>306.072815</ele>
        <time>2026-08-08T12:31:01.110Z</time>
      </trkpt>
      <trkpt lat="50.387024" lon="6.830748">
        <ele>305.597463</ele>
        <time>2026-08-08T12:31:02.994Z</time>
      </trkpt>
      <trkpt lat="50.386888" lon="6.830105">
        <ele>303.996928</ele>
        <time>2026-08-08T12:31:09.398Z</time>
      </trkpt>
      <trkpt lat="50.386866" lon="6.829862">
        <ele>303.417064</ele>
        <time>2026-08-08T12:31:11.769Z</time>
      </trkpt>
      <trkpt lat="50.386877" lon="6.829595">
        <ele>302.784941</ele>
        <time>2026-08-08T12:31:14.393Z</time>
      </trkpt>
      <trkpt lat="50.386858" lon="6.829519">
        <ele>302.592076</ele>
        <time>2026-08-08T12:31:15.201Z</time>
      </trkpt>
      <trkpt lat="50.386795" lon="6.829415">
        <ele>302.253156</ele>
        <time>2026-08-08T12:31:16.649Z</time>
      </trkpt>
      <trkpt lat="50.386710" lon="6.829378">
        <ele>301.926290</ele>
        <time>2026-08-08T12:31:18.102Z</time>
      </trkpt>
      <trkpt lat="50.386627" lon="6.829290">
        <ele>301.555060</ele>
        <time>2026-08-08T12:31:19.848Z</time>
      </trkpt>
      <trkpt lat="50.386527" lon="6.829116">
        <ele>301.001619</ele>
        <time>2026-08-08T12:31:22.573Z</time>
      </trkpt>
      <trkpt lat="50.386506" lon="6.829003">
        <ele>300.723538</ele>
        <time>2026-08-08T12:31:23.987Z</time>
      </trkpt>
      <trkpt lat="50.386514" lon="6.828901">
        <ele>300.480737</ele>
        <time>2026-08-08T12:31:25.289Z</time>
      </trkpt>
      <trkpt lat="50.386540" lon="6.828844">
        <ele>300.402975</ele>
        <time>2026-08-08T12:31:26.154Z</time>
      </trkpt>
      <trkpt lat="50.386666" lon="6.828765">
        <ele>300.756330</ele>
        <time>2026-08-08T12:31:28.951Z</time>
      </trkpt>
      <trkpt lat="50.386675" lon="6.828668">
        <ele>300.919080</ele>
        <time>2026-08-08T12:31:30.265Z</time>
      </trkpt>
      <trkpt lat="50.386545" lon="6.828559">
        <ele>301.302944</ele>
        <time>2026-08-08T12:31:33.594Z</time>
      </trkpt>
      <trkpt lat="50.386427" lon="6.828535">
        <ele>301.612793</ele>
        <time>2026-08-08T12:31:36.381Z</time>
      </trkpt>
      <trkpt lat="50.386279" lon="6.828588">
        <ele>302.008109</ele>
        <time>2026-08-08T12:31:40.019Z</time>
      </trkpt>
      <trkpt lat="50.386153" lon="6.828670">
        <ele>302.363343</ele>
        <time>2026-08-08T12:31:43.396Z</time>
      </trkpt>
      <trkpt lat="50.386027" lon="6.828731">
        <ele>302.706728</ele>
        <time>2026-08-08T12:31:46.788Z</time>
      </trkpt>
      <trkpt lat="50.385813" lon="6.828897">
        <ele>303.328427</ele>
        <time>2026-08-08T12:31:52.972Z</time>
      </trkpt>
      <trkpt lat="50.385675" lon="6.829004">
        <ele>303.729301</ele>
        <time>2026-08-08T12:31:56.960Z</time>
      </trkpt>
      <trkpt lat="50.385589" lon="6.829010">
        <ele>303.953470</ele>
        <time>2026-08-08T12:31:59.195Z</time>
      </trkpt>
      <trkpt lat="50.385503" lon="6.828958">
        <ele>304.193484</ele>
        <time>2026-08-08T12:32:01.581Z</time>
      </trkpt>
      <trkpt lat="50.385205" lon="6.828282">
        <ele>305.593552</ele>
        <time>2026-08-08T12:32:14.934Z</time>
      </trkpt>
      <trkpt lat="50.384920" lon="6.827416">
        <ele>307.324902</ele>
        <time>2026-08-08T12:32:29.701Z</time>
      </trkpt>
      <trkpt lat="50.384658" lon="6.826733">
        <ele>308.740967</ele>
        <time>2026-08-08T12:32:41.167Z</time>
      </trkpt>
      <trkpt lat="50.384484" lon="6.826175">
        <ele>309.844499</ele>
        <time>2026-08-08T12:32:50.635Z</time>
      </trkpt>
      <trkpt lat="50.384253" lon="6.825255">
        <ele>311.160213</ele>
        <time>2026-08-08T12:33:07.327Z</time>
      </trkpt>
      <trkpt lat="50.384107" lon="6.824553">
        <ele>312.096277</ele>
        <time>2026-08-08T12:33:20.045Z</time>
      </trkpt>
      <trkpt lat="50.384082" lon="6.824236">
        <ele>312.501200</ele>
        <time>2026-08-08T12:33:25.016Z</time>
      </trkpt>
      <trkpt lat="50.384125" lon="6.823481">
        <ele>313.462122</ele>
        <time>2026-08-08T12:33:35.506Z</time>
      </trkpt>
      <trkpt lat="50.384151" lon="6.823278">
        <ele>313.441311</ele>
        <time>2026-08-08T12:33:37.882Z</time>
      </trkpt>
      <trkpt lat="50.384215" lon="6.823117">
        <ele>312.896820</ele>
        <time>2026-08-08T12:33:39.894Z</time>
      </trkpt>
      <trkpt lat="50.384395" lon="6.822965">
        <ele>311.976688</ele>
        <time>2026-08-08T12:33:43.120Z</time>
      </trkpt>
      <trkpt lat="50.384730" lon="6.822868">
        <ele>310.443419</ele>
        <time>2026-08-08T12:33:48.270Z</time>
      </trkpt>
      <trkpt lat="50.385060" lon="6.822649">
        <ele>308.830633</ele>
        <time>2026-08-08T12:33:53.673Z</time>
      </trkpt>
      <trkpt lat="50.385483" lon="6.822279">
        <ele>306.650679</ele>
        <time>2026-08-08T12:34:01.174Z</time>
      </trkpt>
      <trkpt lat="50.385820" lon="6.821852">
        <ele>305.330866</ele>
        <time>2026-08-08T12:34:08.694Z</time>
      </trkpt>
      <trkpt lat="50.386377" lon="6.821079">
        <ele>304.489611</ele>
        <time>2026-08-08T12:34:23.881Z</time>
      </trkpt>
      <trkpt lat="50.386536" lon="6.820820">
        <ele>304.230317</ele>
        <time>2026-08-08T12:34:28.792Z</time>
      </trkpt>
      <trkpt lat="50.386640" lon="6.820523">
        <ele>303.985948</ele>
        <time>2026-08-08T12:34:33.420Z</time>
      </trkpt>
      <trkpt lat="50.386676" lon="6.820136">
        <ele>303.703893</ele>
        <time>2026-08-08T12:34:38.760Z</time>
      </trkpt>
      <trkpt lat="50.386622" lon="6.819577">
        <ele>303.710093</ele>
        <time>2026-08-08T12:34:46.514Z</time>
      </trkpt>
      <trkpt lat="50.386539" lon="6.819038">
        <ele>304.091765</ele>
        <time>2026-08-08T12:34:54.254Z</time>
      </trkpt>
      <trkpt lat="50.386377" lon="6.818723">
        <ele>304.370327</ele>
        <time>2026-08-08T12:35:00.097Z</time>
      </trkpt>
      <trkpt lat="50.386207" lon="6.818596">
        <ele>304.573605</ele>
        <time>2026-08-08T12:35:04.448Z</time>
      </trkpt>
      <trkpt lat="50.385771" lon="6.818500">
        <ele>305.048902</ele>
        <time>2026-08-08T12:35:14.866Z</time>
      </trkpt>
      <trkpt lat="50.385015" lon="6.818632">
        <ele>306.506775</ele>
        <time>2026-08-08T12:35:33.456Z</time>
      </trkpt>
      <trkpt lat="50.383860" lon="6.818576">
        <ele>309.643447</ele>
        <time>2026-08-08T12:36:02.382Z</time>
      </trkpt>
      <trkpt lat="50.383519" lon="6.818396">
        <ele>310.584706</ele>
        <time>2026-08-08T12:36:11.047Z</time>
      </trkpt>
      <trkpt lat="50.383399" lon="6.818224">
        <ele>310.971789</ele>
        <time>2026-08-08T12:36:14.867Z</time>
      </trkpt>
      <trkpt lat="50.382723" lon="6.816722">
        <ele>313.763058</ele>
        <time>2026-08-08T12:36:43.165Z</time>
      </trkpt>
      <trkpt lat="50.382460" lon="6.816334">
        <ele>314.622005</ele>
        <time>2026-08-08T12:36:52.053Z</time>
      </trkpt>
      <trkpt lat="50.382357" lon="6.816000">
        <ele>315.129926</ele>
        <time>2026-08-08T12:37:00.011Z</time>
      </trkpt>
      <trkpt lat="50.382158" lon="6.814940">
        <ele>316.642688</ele>
        <time>2026-08-08T12:37:23.774Z</time>
      </trkpt>
      <trkpt lat="50.382131" lon="6.814493">
        <ele>317.257387</ele>
        <time>2026-08-08T12:37:33.401Z</time>
      </trkpt>
      <trkpt lat="50.382144" lon="6.812360">
        <ele>319.099556</ele>
        <time>2026-08-08T12:38:19.894Z</time>
      </trkpt>
      <trkpt lat="50.382129" lon="6.810622">
        <ele>319.855643</ele>
        <time>2026-08-08T12:38:57.549Z</time>
      </trkpt>
      <trkpt lat="50.381328" lon="6.806954">
        <ele>318.790811</ele>
        <time>2026-08-08T12:40:22.953Z</time>
      </trkpt>
      <trkpt lat="50.381281" lon="6.806777">
        <ele>318.715324</ele>
        <time>2026-08-08T12:40:26.969Z</time>
      </trkpt>
      <trkpt lat="50.381160" lon="6.806360">
        <ele>318.534951</ele>
        <time>2026-08-08T12:40:36.621Z</time>
      </trkpt>
      <trkpt lat="50.380801" lon="6.805519">
        <ele>318.159485</ele>
        <time>2026-08-08T12:40:58.956Z</time>
      </trkpt>
      <trkpt lat="50.380524" lon="6.805055">
        <ele>318.160828</ele>
        <time>2026-08-08T12:41:12.954Z</time>
      </trkpt>
      <trkpt lat="50.380137" lon="6.804589">
        <ele>318.162445</ele>
        <time>2026-08-08T12:41:29.841Z</time>
      </trkpt>
      <trkpt lat="50.379842" lon="6.804285">
        <ele>318.163615</ele>
        <time>2026-08-08T12:41:41.981Z</time>
      </trkpt>
      <trkpt lat="50.379655" lon="6.804054">
        <ele>318.164404</ele>
        <time>2026-08-08T12:41:47.157Z</time>
      </trkpt>
      <trkpt lat="50.379561" lon="6.803761">
        <ele>318.165097</ele>
        <time>2026-08-08T12:41:51.615Z</time>
      </trkpt>
      <trkpt lat="50.379242" lon="6.803566">
        <ele>318.109756</ele>
        <time>2026-08-08T12:41:59.063Z</time>
      </trkpt>
      <trkpt lat="50.377815" lon="6.802399">
        <ele>317.824056</ele>
        <time>2026-08-08T12:42:33.574Z</time>
      </trkpt>
      <trkpt lat="50.377454" lon="6.802005">
        <ele>317.944226</ele>
        <time>2026-08-08T12:42:42.938Z</time>
      </trkpt>
      <trkpt lat="50.377182" lon="6.801640">
        <ele>318.042039</ele>
        <time>2026-08-08T12:42:50.734Z</time>
      </trkpt>
      <trkpt lat="50.376926" lon="6.801219">
        <ele>318.143394</ele>
        <time>2026-08-08T12:42:58.955Z</time>
      </trkpt>
      <trkpt lat="50.376114" lon="6.799707">
        <ele>318.994448</ele>
        <time>2026-08-08T12:43:28.383Z</time>
      </trkpt>
      <trkpt lat="50.376013" lon="6.799422">
        <ele>319.198442</ele>
        <time>2026-08-08T12:43:33.305Z</time>
      </trkpt>
      <trkpt lat="50.375950" lon="6.798489">
        <ele>319.785448</ele>
        <time>2026-08-08T12:43:47.315Z</time>
      </trkpt>
      <trkpt lat="50.375790" lon="6.798049">
        <ele>320.028814</ele>
        <time>2026-08-08T12:43:54.815Z</time>
      </trkpt>
      <trkpt lat="50.375018" lon="6.796665">
        <ele>319.321147</ele>
        <time>2026-08-08T12:44:19.745Z</time>
      </trkpt>
      <trkpt lat="50.374628" lon="6.796139">
        <ele>319.010696</ele>
        <time>2026-08-08T12:44:29.552Z</time>
      </trkpt>
      <trkpt lat="50.374401" lon="6.795948">
        <ele>318.830585</ele>
        <time>2026-08-08T12:44:34.461Z</time>
      </trkpt>
      <trkpt lat="50.374165" lon="6.795960">
        <ele>318.657851</ele>
        <time>2026-08-08T12:44:38.956Z</time>
      </trkpt>
      <trkpt lat="50.374024" lon="6.796021">
        <ele>318.550850</ele>
        <time>2026-08-08T12:44:41.747Z</time>
      </trkpt>
      <trkpt lat="50.373805" lon="6.796192">
        <ele>318.371877</ele>
        <time>2026-08-08T12:44:46.483Z</time>
      </trkpt>
      <trkpt lat="50.373651" lon="6.796397">
        <ele>318.224095</ele>
        <time>2026-08-08T12:44:50.484Z</time>
      </trkpt>
      <trkpt lat="50.373500" lon="6.796719">
        <ele>318.037623</ele>
        <time>2026-08-08T12:44:55.711Z</time>
      </trkpt>
      <trkpt lat="50.373379" lon="6.797132">
        <ele>317.825575</ele>
        <time>2026-08-08T12:45:02.056Z</time>
      </trkpt>
      <trkpt lat="50.372901" lon="6.798190">
        <ele>318.817734</ele>
        <time>2026-08-08T12:45:21.148Z</time>
      </trkpt>
      <trkpt lat="50.372722" lon="6.798450">
        <ele>319.294685</ele>
        <time>2026-08-08T12:45:26.938Z</time>
      </trkpt>
      <trkpt lat="50.372534" lon="6.798583">
        <ele>319.697837</ele>
        <time>2026-08-08T12:45:31.831Z</time>
      </trkpt>
      <trkpt lat="50.372432" lon="6.798566">
        <ele>319.898337</ele>
        <time>2026-08-08T12:45:34.294Z</time>
      </trkpt>
      <trkpt lat="50.372329" lon="6.798623">
        <ele>320.111840</ele>
        <time>2026-08-08T12:45:36.930Z</time>
      </trkpt>
      <trkpt lat="50.371912" lon="6.798933">
        <ele>321.013917</ele>
        <time>2026-08-08T12:45:48.317Z</time>
      </trkpt>
      <trkpt lat="50.371565" lon="6.799086">
        <ele>322.597471</ele>
        <time>2026-08-08T12:45:57.714Z</time>
      </trkpt>
      <trkpt lat="50.371094" lon="6.799113">
        <ele>324.998667</ele>
        <time>2026-08-08T12:46:10.928Z</time>
      </trkpt>
      <trkpt lat="50.370861" lon="6.799063">
        <ele>326.196794</ele>
        <time>2026-08-08T12:46:17.836Z</time>
      </trkpt>
      <trkpt lat="50.370302" lon="6.798832">
        <ele>329.141980</ele>
        <time>2026-08-08T12:46:34.985Z</time>
      </trkpt>
      <trkpt lat="50.370010" lon="6.798624">
        <ele>330.418798</ele>
        <time>2026-08-08T12:46:43.761Z</time>
      </trkpt>
      <trkpt lat="50.369799" lon="6.798424">
        <ele>330.657879</ele>
        <time>2026-08-08T12:46:50.106Z</time>
      </trkpt>
      <trkpt lat="50.369468" lon="6.798025">
        <ele>331.062734</ele>
        <time>2026-08-08T12:47:00.100Z</time>
      </trkpt>
      <trkpt lat="50.369206" lon="6.797606">
        <ele>331.425632</ele>
        <time>2026-08-08T12:47:08.079Z</time>
      </trkpt>
      <trkpt lat="50.368583" lon="6.796379">
        <ele>332.397759</ele>
        <time>2026-08-08T12:47:27.016Z</time>
      </trkpt>
      <trkpt lat="50.368340" lon="6.795661">
        <ele>332.903910</ele>
        <time>2026-08-08T12:47:39.050Z</time>
      </trkpt>
      <trkpt lat="50.368195" lon="6.794790">
        <ele>333.464467</ele>
        <time>2026-08-08T12:47:53.023Z</time>
      </trkpt>
      <trkpt lat="50.368160" lon="6.794138">
        <ele>333.866477</ele>
        <time>2026-08-08T12:48:03.238Z</time>
      </trkpt>
      <trkpt lat="50.368217" lon="6.793219">
        <ele>334.357037</ele>
        <time>2026-08-08T12:48:16.890Z</time>
      </trkpt>
      <trkpt lat="50.368328" lon="6.792717">
        <ele>334.639316</ele>
        <time>2026-08-08T12:48:24.511Z</time>
      </trkpt>
      <trkpt lat="50.368472" lon="6.792217">
        <ele>334.930783</ele>
        <time>2026-08-08T12:48:32.448Z</time>
      </trkpt>
      <trkpt lat="50.368609" lon="6.791747">
        <ele>335.205327</ele>
        <time>2026-08-08T12:48:39.964Z</time>
      </trkpt>
      <trkpt lat="50.368660" lon="6.790675">
        <ele>335.771232</ele>
        <time>2026-08-08T12:48:55.368Z</time>
      </trkpt>
      <trkpt lat="50.368600" lon="6.789529">
        <ele>336.374947</ele>
        <time>2026-08-08T12:49:12.526Z</time>
      </trkpt>
      <trkpt lat="50.368613" lon="6.789110">
        <ele>336.595198</ele>
        <time>2026-08-08T12:49:18.771Z</time>
      </trkpt>
      <trkpt lat="50.368651" lon="6.789026">
        <ele>336.649267</ele>
        <time>2026-08-08T12:49:20.142Z</time>
      </trkpt>
      <trkpt lat="50.368619" lon="6.788891">
        <ele>336.724883</ele>
        <time>2026-08-08T12:49:22.293Z</time>
      </trkpt>
      <trkpt lat="50.368597" lon="6.788766">
        <ele>336.792965</ele>
        <time>2026-08-08T12:49:24.059Z</time>
      </trkpt>
      <trkpt lat="50.368328" lon="6.787981">
        <ele>337.346634</ele>
        <time>2026-08-08T12:49:37.153Z</time>
      </trkpt>
      <trkpt lat="50.368213" lon="6.787319">
        <ele>337.775976</ele>
        <time>2026-08-08T12:49:47.620Z</time>
      </trkpt>
      <trkpt lat="50.367897" lon="6.785834">
        <ele>338.641271</ele>
        <time>2026-08-08T12:50:10.841Z</time>
      </trkpt>
      <trkpt lat="50.367638" lon="6.783994">
        <ele>339.060885</ele>
        <time>2026-08-08T12:50:35.847Z</time>
      </trkpt>
      <trkpt lat="50.367361" lon="6.783071">
        <ele>339.746374</ele>
        <time>2026-08-08T12:50:51.187Z</time>
      </trkpt>
      <trkpt lat="50.367306" lon="6.782219">
        <ele>341.003318</ele>
        <time>2026-08-08T12:51:05.214Z</time>
      </trkpt>
      <trkpt lat="50.367098" lon="6.780221">
        <ele>342.543025</ele>
        <time>2026-08-08T12:51:36.965Z</time>
      </trkpt>
      <trkpt lat="50.366997" lon="6.779690">
        <ele>341.507507</ele>
        <time>2026-08-08T12:51:43.225Z</time>
      </trkpt>
      <trkpt lat="50.366895" lon="6.778949">
        <ele>340.090836</ele>
        <time>2026-08-08T12:51:51.004Z</time>
      </trkpt>
      <trkpt lat="50.366681" lon="6.778499">
        <ele>339.041872</ele>
        <time>2026-08-08T12:51:56.521Z</time>
      </trkpt>
      <trkpt lat="50.366360" lon="6.778311">
        <ele>338.050612</ele>
        <time>2026-08-08T12:52:01.844Z</time>
      </trkpt>
      <trkpt lat="50.365857" lon="6.777907">
        <ele>336.956750</ele>
        <time>2026-08-08T12:52:11.155Z</time>
      </trkpt>
      <trkpt lat="50.365493" lon="6.777859">
        <ele>336.249759</ele>
        <time>2026-08-08T12:52:18.008Z</time>
      </trkpt>
      <trkpt lat="50.364059" lon="6.777133">
        <ele>334.932110</ele>
        <time>2026-08-08T12:52:50.839Z</time>
      </trkpt>
      <trkpt lat="50.363688" lon="6.777075">
        <ele>335.125534</ele>
        <time>2026-08-08T12:52:59.191Z</time>
      </trkpt>
      <trkpt lat="50.363073" lon="6.777217">
        <ele>335.448028</ele>
        <time>2026-08-08T12:53:13.594Z</time>
      </trkpt>
      <trkpt lat="50.362247" lon="6.777817">
        <ele>336.713897</ele>
        <time>2026-08-08T12:53:35.108Z</time>
      </trkpt>
      <trkpt lat="50.361886" lon="6.777849">
        <ele>337.280175</ele>
        <time>2026-08-08T12:53:43.755Z</time>
      </trkpt>
      <trkpt lat="50.361397" lon="6.777528">
        <ele>338.110456</ele>
        <time>2026-08-08T12:53:56.379Z</time>
      </trkpt>
      <trkpt lat="50.361064" lon="6.777418">
        <ele>338.617826</ele>
        <time>2026-08-08T12:54:04.429Z</time>
      </trkpt>
      <trkpt lat="50.360265" lon="6.777406">
        <ele>339.762155</ele>
        <time>2026-08-08T12:54:23.284Z</time>
      </trkpt>
      <trkpt lat="50.359639" lon="6.777121">
        <ele>340.695721</ele>
        <time>2026-08-08T12:54:38.707Z</time>
      </trkpt>
      <trkpt lat="50.358799" lon="6.776859">
        <ele>341.266772</ele>
        <time>2026-08-08T12:54:58.698Z</time>
      </trkpt>
      <trkpt lat="50.358237" lon="6.776849">
        <ele>341.545226</ele>
        <time>2026-08-08T12:55:11.535Z</time>
      </trkpt>
      <trkpt lat="50.356776" lon="6.777308">
        <ele>341.414786</ele>
        <time>2026-08-08T12:55:43.069Z</time>
      </trkpt>
      <trkpt lat="50.356380" lon="6.777048">
        <ele>341.236263</ele>
        <time>2026-08-08T12:55:51.880Z</time>
      </trkpt>
      <trkpt lat="50.356176" lon="6.777100">
        <ele>341.150325</ele>
        <time>2026-08-08T12:55:56.283Z</time>
      </trkpt>
      <trkpt lat="50.355820" lon="6.777337">
        <ele>341.162884</ele>
        <time>2026-08-08T12:56:04.614Z</time>
      </trkpt>
      <trkpt lat="50.355604" lon="6.777895">
        <ele>341.396637</ele>
        <time>2026-08-08T12:56:13.854Z</time>
      </trkpt>
      <trkpt lat="50.355567" lon="6.778040">
        <ele>341.452568</ele>
        <time>2026-08-08T12:56:16.104Z</time>
      </trkpt>
      <trkpt lat="50.355436" lon="6.778174">
        <ele>341.540379</ele>
        <time>2026-08-08T12:56:19.702Z</time>
      </trkpt>
      <trkpt lat="50.354430" lon="6.778657">
        <ele>342.294403</ele>
        <time>2026-08-08T12:56:44.148Z</time>
      </trkpt>
      <trkpt lat="50.354019" lon="6.779100">
        <ele>343.362537</ele>
        <time>2026-08-08T12:56:55.667Z</time>
      </trkpt>
      <trkpt lat="50.353512" lon="6.780044">
        <ele>345.048415</ele>
        <time>2026-08-08T12:57:14.426Z</time>
      </trkpt>
      <trkpt lat="50.353199" lon="6.781278">
        <ele>347.745982</ele>
        <time>2026-08-08T12:57:36.635Z</time>
      </trkpt>
      <trkpt lat="50.352879" lon="6.781910">
        <ele>349.885995</ele>
        <time>2026-08-08T12:57:50.941Z</time>
      </trkpt>
      <trkpt lat="50.352835" lon="6.782300">
        <ele>350.936489</ele>
        <time>2026-08-08T12:57:57.758Z</time>
      </trkpt>
      <trkpt lat="50.352657" lon="6.782584">
        <ele>351.992415</ele>
        <time>2026-08-08T12:58:04.424Z</time>
      </trkpt>
      <trkpt lat="50.352170" lon="6.782605">
        <ele>353.513006</ele>
        <time>2026-08-08T12:58:16.706Z</time>
      </trkpt>
      <trkpt lat="50.351948" lon="6.782321">
        <ele>353.728586</ele>
        <time>2026-08-08T12:58:23.690Z</time>
      </trkpt>
      <trkpt lat="50.351441" lon="6.782160">
        <ele>354.117743</ele>
        <time>2026-08-08T12:58:35.763Z</time>
      </trkpt>
      <trkpt lat="50.351132" lon="6.782023">
        <ele>354.359321</ele>
        <time>2026-08-08T12:58:42.601Z</time>
      </trkpt>
      <trkpt lat="50.350939" lon="6.781799">
        <ele>354.539991</ele>
        <time>2026-08-08T12:58:47.474Z</time>
      </trkpt>
      <trkpt lat="50.350840" lon="6.781729">
        <ele>354.621696</ele>
        <time>2026-08-08T12:58:49.736Z</time>
      </trkpt>
      <trkpt lat="50.350406" lon="6.781272">
        <ele>354.217347</ele>
        <time>2026-08-08T12:59:00.135Z</time>
      </trkpt>
      <trkpt lat="50.349934" lon="6.780045">
        <ele>352.798719</ele>
        <time>2026-08-08T12:59:16.995Z</time>
      </trkpt>
      <trkpt lat="50.349091" lon="6.779241">
        <ele>352.054939</ele>
        <time>2026-08-08T12:59:36.160Z</time>
      </trkpt>
      <trkpt lat="50.348767" lon="6.778994">
        <ele>352.128346</ele>
        <time>2026-08-08T12:59:43.802Z</time>
      </trkpt>
      <trkpt lat="50.348436" lon="6.778860">
        <ele>352.197996</ele>
        <time>2026-08-08T12:59:51.418Z</time>
      </trkpt>
      <trkpt lat="50.347845" lon="6.779059">
        <ele>352.321151</ele>
        <time>2026-08-08T13:00:05.429Z</time>
      </trkpt>
      <trkpt lat="50.346695" lon="6.780132">
        <ele>356.552992</ele>
        <time>2026-08-08T13:00:38.628Z</time>
      </trkpt>
      <trkpt lat="50.346174" lon="6.780493">
        <ele>358.368509</ele>
        <time>2026-08-08T13:00:54.250Z</time>
      </trkpt>
      <trkpt lat="50.345189" lon="6.780640">
        <ele>360.964736</ele>
        <time>2026-08-08T13:01:20.170Z</time>
      </trkpt>
      <trkpt lat="50.344805" lon="6.780518">
        <ele>361.992811</ele>
        <time>2026-08-08T13:01:29.429Z</time>
      </trkpt>
      <trkpt lat="50.344372" lon="6.780098">
        <ele>362.706420</ele>
        <time>2026-08-08T13:01:40.382Z</time>
      </trkpt>
      <trkpt lat="50.344142" lon="6.779583">
        <ele>362.177608</ele>
        <time>2026-08-08T13:01:47.928Z</time>
      </trkpt>
      <trkpt lat="50.343857" lon="6.779154">
        <ele>361.656638</ele>
        <time>2026-08-08T13:01:55.125Z</time>
      </trkpt>
      <trkpt lat="50.343134" lon="6.778347">
        <ele>360.557350</ele>
        <time>2026-08-08T13:02:11.869Z</time>
      </trkpt>
      <trkpt lat="50.342432" lon="6.777699">
        <ele>360.817223</ele>
        <time>2026-08-08T13:02:29.246Z</time>
      </trkpt>
      <trkpt lat="50.341496" lon="6.777257">
        <ele>361.155525</ele>
        <time>2026-08-08T13:02:51.963Z</time>
      </trkpt>
      <trkpt lat="50.340866" lon="6.776750">
        <ele>361.888557</ele>
        <time>2026-08-08T13:03:09.145Z</time>
      </trkpt>
      <trkpt lat="50.340613" lon="6.776337">
        <ele>362.266705</ele>
        <time>2026-08-08T13:03:17.941Z</time>
      </trkpt>
      <trkpt lat="50.340475" lon="6.776265">
        <ele>362.417247</ele>
        <time>2026-08-08T13:03:21.338Z</time>
      </trkpt>
      <trkpt lat="50.340285" lon="6.776279">
        <ele>362.614116</ele>
        <time>2026-08-08T13:03:25.626Z</time>
      </trkpt>
      <trkpt lat="50.340157" lon="6.776317">
        <ele>362.748954</ele>
        <time>2026-08-08T13:03:28.442Z</time>
      </trkpt>
      <trkpt lat="50.340101" lon="6.776413">
        <ele>362.834866</ele>
        <time>2026-08-08T13:03:30.257Z</time>
      </trkpt>
      <trkpt lat="50.339964" lon="6.776307">
        <ele>362.962935</ele>
        <time>2026-08-08T13:03:33.245Z</time>
      </trkpt>
      <trkpt lat="50.339875" lon="6.776140">
        <ele>362.801587</ele>
        <time>2026-08-08T13:03:35.778Z</time>
      </trkpt>
      <trkpt lat="50.339824" lon="6.775949">
        <ele>362.648042</ele>
        <time>2026-08-08T13:03:38.146Z</time>
      </trkpt>
      <trkpt lat="50.339802" lon="6.775386">
        <ele>362.229733</ele>
        <time>2026-08-08T13:03:44.586Z</time>
      </trkpt>
      <trkpt lat="50.339721" lon="6.774999">
        <ele>361.927690</ele>
        <time>2026-08-08T13:03:49.300Z</time>
      </trkpt>
      <trkpt lat="50.339430" lon="6.774258">
        <ele>361.282457</ele>
        <time>2026-08-08T13:03:58.478Z</time>
      </trkpt>
      <trkpt lat="50.339171" lon="6.773612">
        <ele>361.242019</ele>
        <time>2026-08-08T13:04:08.953Z</time>
      </trkpt>
      <trkpt lat="50.338930" lon="6.773133">
        <ele>362.169854</ele>
        <time>2026-08-08T13:04:18.093Z</time>
      </trkpt>
      <trkpt lat="50.338693" lon="6.773481">
        <ele>362.944013</ele>
        <time>2026-08-08T13:04:26.148Z</time>
      </trkpt>
      <trkpt lat="50.337408" lon="6.772750">
        <ele>365.108039</ele>
        <time>2026-08-08T13:04:59.745Z</time>
      </trkpt>
      <trkpt lat="50.337178" lon="6.772439">
        <ele>365.060257</ele>
        <time>2026-08-08T13:05:06.186Z</time>
      </trkpt>
      <trkpt lat="50.337016" lon="6.772094">
        <ele>365.017262</ele>
        <time>2026-08-08T13:05:11.464Z</time>
      </trkpt>
      <trkpt lat="50.336708" lon="6.771567">
        <ele>364.945532</ele>
        <time>2026-08-08T13:05:19.638Z</time>
      </trkpt>
      <trkpt lat="50.336446" lon="6.770689">
        <ele>364.586643</ele>
        <time>2026-08-08T13:05:30.172Z</time>
      </trkpt>
      <trkpt lat="50.336000" lon="6.769718">
        <ele>363.763125</ele>
        <time>2026-08-08T13:05:43.666Z</time>
      </trkpt>
      <trkpt lat="50.335768" lon="6.769400">
        <ele>363.430664</ele>
        <time>2026-08-08T13:05:49.913Z</time>
      </trkpt>
      <trkpt lat="50.335576" lon="6.769234">
        <ele>363.194150</ele>
        <time>2026-08-08T13:05:54.560Z</time>
      </trkpt>
      <trkpt lat="50.335395" lon="6.769178">
        <ele>362.995168</ele>
        <time>2026-08-08T13:05:58.430Z</time>
      </trkpt>
      <trkpt lat="50.335214" lon="6.769329">
        <ele>363.554711</ele>
        <time>2026-08-08T13:06:02.703Z</time>
      </trkpt>
      <trkpt lat="50.335133" lon="6.769447">
        <ele>363.955632</ele>
        <time>2026-08-08T13:06:05.120Z</time>
      </trkpt>
      <trkpt lat="50.334964" lon="6.769816">
        <ele>365.006404</ele>
        <time>2026-08-08T13:06:11.951Z</time>
      </trkpt>
      <trkpt lat="50.334547" lon="6.768868">
        <ele>367.670138</ele>
        <time>2026-08-08T13:06:31.056Z</time>
      </trkpt>
      <trkpt lat="50.334384" lon="6.768496">
        <ele>368.714105</ele>
        <time>2026-08-08T13:06:39.086Z</time>
      </trkpt>
      <trkpt lat="50.334297" lon="6.768340">
        <ele>369.193397</ele>
        <time>2026-08-08T13:06:42.783Z</time>
      </trkpt>
      <trkpt lat="50.334086" lon="6.768637">
        <ele>370.194228</ele>
        <time>2026-08-08T13:06:50.941Z</time>
      </trkpt>
      <trkpt lat="50.333753" lon="6.768907">
        <ele>371.503718</ele>
        <time>2026-08-08T13:07:02.155Z</time>
      </trkpt>
      <trkpt lat="50.332972" lon="6.769599">
        <ele>374.637299</ele>
        <time>2026-08-08T13:07:24.494Z</time>
      </trkpt>
      <trkpt lat="50.332749" lon="6.769912">
        <ele>375.682962</ele>
        <time>2026-08-08T13:07:30.995Z</time>
      </trkpt>
      <trkpt lat="50.332491" lon="6.770161">
        <ele>375.879219</ele>
        <time>2026-08-08T13:07:36.575Z</time>
      </trkpt>
      <trkpt lat="50.331899" lon="6.770603">
        <ele>376.169334</ele>
        <time>2026-08-08T13:07:49.852Z</time>
      </trkpt>
      <trkpt lat="50.331605" lon="6.770854">
        <ele>376.317455</ele>
        <time>2026-08-08T13:07:56.855Z</time>
      </trkpt>
      <trkpt lat="50.331417" lon="6.771009">
        <ele>376.411439</ele>
        <time>2026-08-08T13:08:01.654Z</time>
      </trkpt>
      <trkpt lat="50.331266" lon="6.770581">
        <ele>376.549535</ele>
        <time>2026-08-08T13:08:08.943Z</time>
      </trkpt>
      <trkpt lat="50.331245" lon="6.770513">
        <ele>376.611475</ele>
        <time>2026-08-08T13:08:10.117Z</time>
      </trkpt>
      <trkpt lat="50.330466" lon="6.770568">
        <ele>377.623852</ele>
        <time>2026-08-08T13:08:28.987Z</time>
      </trkpt>
      <trkpt lat="50.330041" lon="6.770544">
        <ele>378.175974</ele>
        <time>2026-08-08T13:08:38.705Z</time>
      </trkpt>
      <trkpt lat="50.329567" lon="6.770429">
        <ele>378.798690</ele>
        <time>2026-08-08T13:08:48.693Z</time>
      </trkpt>
      <trkpt lat="50.328976" lon="6.770174">
        <ele>378.865472</ele>
        <time>2026-08-08T13:09:01.206Z</time>
      </trkpt>
      <trkpt lat="50.328595" lon="6.769967">
        <ele>378.851064</ele>
        <time>2026-08-08T13:09:09.327Z</time>
      </trkpt>
      <trkpt lat="50.326815" lon="6.769137">
        <ele>379.397230</ele>
        <time>2026-08-08T13:09:49.626Z</time>
      </trkpt>
      <trkpt lat="50.325867" lon="6.768605">
        <ele>380.752076</ele>
        <time>2026-08-08T13:10:11.856Z</time>
      </trkpt>
      <trkpt lat="50.325642" lon="6.768502">
        <ele>381.728879</ele>
        <time>2026-08-08T13:10:17.233Z</time>
      </trkpt>
      <trkpt lat="50.325351" lon="6.768433">
        <ele>382.955301</ele>
        <time>2026-08-08T13:10:24.162Z</time>
      </trkpt>
      <trkpt lat="50.324866" lon="6.768394">
        <ele>384.978973</ele>
        <time>2026-08-08T13:10:36.637Z</time>
      </trkpt>
      <trkpt lat="50.324835" lon="6.768396">
        <ele>385.108261</ele>
        <time>2026-08-08T13:10:37.479Z</time>
      </trkpt>
      <trkpt lat="50.324829" lon="6.768397">
        <ele>385.133404</ele>
        <time>2026-08-08T13:10:37.645Z</time>
      </trkpt>
      <trkpt lat="50.324798" lon="6.768398">
        <ele>385.262609</ele>
        <time>2026-08-08T13:10:38.514Z</time>
      </trkpt>
      <trkpt lat="50.324711" lon="6.768412">
        <ele>385.627050</ele>
        <time>2026-08-08T13:10:41.042Z</time>
      </trkpt>
      <trkpt lat="50.324476" lon="6.768494">
        <ele>386.630307</ele>
        <time>2026-08-08T13:10:48.233Z</time>
      </trkpt>
      <trkpt lat="50.323906" lon="6.768812">
        <ele>390.639524</ele>
        <time>2026-08-08T13:11:08.256Z</time>
      </trkpt>
      <trkpt lat="50.323626" lon="6.769031">
        <ele>393.017115</ele>
        <time>2026-08-08T13:11:19.259Z</time>
      </trkpt>
      <trkpt lat="50.323354" lon="6.769319">
        <ele>395.511322</ele>
        <time>2026-08-08T13:11:30.888Z</time>
      </trkpt>
      <trkpt lat="50.323162" lon="6.769588">
        <ele>397.468315</ele>
        <time>2026-08-08T13:11:39.445Z</time>
      </trkpt>
      <trkpt lat="50.322912" lon="6.770065">
        <ele>400.461598</ele>
        <time>2026-08-08T13:11:51.233Z</time>
      </trkpt>
      <trkpt lat="50.322700" lon="6.770544">
        <ele>401.062059</ele>
        <time>2026-08-08T13:12:00.646Z</time>
      </trkpt>
      <trkpt lat="50.322491" lon="6.771357">
        <ele>401.162547</ele>
        <time>2026-08-08T13:12:12.705Z</time>
      </trkpt>
      <trkpt lat="50.322264" lon="6.772597">
        <ele>401.310450</ele>
        <time>2026-08-08T13:12:26.942Z</time>
      </trkpt>
      <trkpt lat="50.321973" lon="6.774041">
        <ele>398.863004</ele>
        <time>2026-08-08T13:12:43.905Z</time>
      </trkpt>
      <trkpt lat="50.321816" lon="6.774685">
        <ele>397.587219</ele>
        <time>2026-08-08T13:12:51.185Z</time>
      </trkpt>
      <trkpt lat="50.321790" lon="6.774833">
        <ele>397.303134</ele>
        <time>2026-08-08T13:12:52.805Z</time>
      </trkpt>
      <trkpt lat="50.321714" lon="6.775105">
        <ele>396.753647</ele>
        <time>2026-08-08T13:12:55.920Z</time>
      </trkpt>
      <trkpt lat="50.321567" lon="6.775461">
        <ele>396.015331</ele>
        <time>2026-08-08T13:13:00.304Z</time>
      </trkpt>
      <trkpt lat="50.321350" lon="6.775811">
        <ele>395.394036</ele>
        <time>2026-08-08T13:13:05.391Z</time>
      </trkpt>
      <trkpt lat="50.321004" lon="6.776214">
        <ele>394.533993</ele>
        <time>2026-08-08T13:13:12.511Z</time>
      </trkpt>
      <trkpt lat="50.320882" lon="6.776269">
        <ele>394.280774</ele>
        <time>2026-08-08T13:13:14.713Z</time>
      </trkpt>
      <trkpt lat="50.320761" lon="6.776248">
        <ele>394.037952</ele>
        <time>2026-08-08T13:13:16.892Z</time>
      </trkpt>
      <trkpt lat="50.320579" lon="6.776072">
        <ele>393.611316</ele>
        <time>2026-08-08T13:13:21.008Z</time>
      </trkpt>
      <trkpt lat="50.320112" lon="6.775472">
        <ele>392.535725</ele>
        <time>2026-08-08T13:13:34.650Z</time>
      </trkpt>
      <trkpt lat="50.319790" lon="6.775250">
        <ele>392.568377</ele>
        <time>2026-08-08T13:13:43.056Z</time>
      </trkpt>
      <trkpt lat="50.319306" lon="6.775000">
        <ele>392.615676</ele>
        <time>2026-08-08T13:13:55.118Z</time>
      </trkpt>
      <trkpt lat="50.318814" lon="6.774823">
        <ele>392.662527</ele>
        <time>2026-08-08T13:14:06.216Z</time>
      </trkpt>
      <trkpt lat="50.318226" lon="6.774697">
        <ele>392.176378</ele>
        <time>2026-08-08T13:14:17.443Z</time>
      </trkpt>
      <trkpt lat="50.318114" lon="6.774667">
        <ele>391.911154</ele>
        <time>2026-08-08T13:14:19.438Z</time>
      </trkpt>
      <trkpt lat="50.317843" lon="6.774636">
        <ele>391.276909</ele>
        <time>2026-08-08T13:14:24.162Z</time>
      </trkpt>
      <trkpt lat="50.317432" lon="6.774648">
        <ele>390.317398</ele>
        <time>2026-08-08T13:14:31.214Z</time>
      </trkpt>
      <trkpt lat="50.317361" lon="6.774717">
        <ele>390.122356</ele>
        <time>2026-08-08T13:14:33.649Z</time>
      </trkpt>
      <trkpt lat="50.317284" lon="6.774767">
        <ele>389.927788</ele>
        <time>2026-08-08T13:14:36.132Z</time>
      </trkpt>
      <trkpt lat="50.317211" lon="6.774866">
        <ele>389.702384</ele>
        <time>2026-08-08T13:14:38.963Z</time>
      </trkpt>
      <trkpt lat="50.317100" lon="6.775202">
        <ele>389.138538</ele>
        <time>2026-08-08T13:14:46.185Z</time>
      </trkpt>
      <trkpt lat="50.317709" lon="6.775705">
        <ele>389.282887</ele>
        <time>2026-08-08T13:15:08.261Z</time>
      </trkpt>
      <trkpt lat="50.317738" lon="6.775866">
        <ele>389.485086</ele>
        <time>2026-08-08T13:15:11.940Z</time>
      </trkpt>
      <trkpt lat="50.317713" lon="6.776027">
        <ele>389.685361</ele>
        <time>2026-08-08T13:15:15.590Z</time>
      </trkpt>
      <trkpt lat="50.317628" lon="6.776140">
        <ele>389.896418</ele>
        <time>2026-08-08T13:15:19.389Z</time>
      </trkpt>
      <trkpt lat="50.317523" lon="6.776132">
        <ele>390.095416</ele>
        <time>2026-08-08T13:15:22.947Z</time>
      </trkpt>
      <trkpt lat="50.317319" lon="6.775976">
        <ele>390.525159</ele>
        <time>2026-08-08T13:15:30.561Z</time>
      </trkpt>
      <trkpt lat="50.316710" lon="6.775412">
        <ele>391.864468</ele>
        <time>2026-08-08T13:15:54.882Z</time>
      </trkpt>
      <trkpt lat="50.316562" lon="6.775189">
        <ele>393.251987</ele>
        <time>2026-08-08T13:16:00.833Z</time>
      </trkpt>
      <trkpt lat="50.316476" lon="6.775123">
        <ele>393.950763</ele>
        <time>2026-08-08T13:16:03.686Z</time>
      </trkpt>
      <trkpt lat="50.316330" lon="6.775056">
        <ele>395.060820</ele>
        <time>2026-08-08T13:16:08.256Z</time>
      </trkpt>
      <trkpt lat="50.316244" lon="6.775034">
        <ele>395.696619</ele>
        <time>2026-08-08T13:16:10.943Z</time>
      </trkpt>
      <trkpt lat="50.316142" lon="6.775015">
        <ele>396.446090</ele>
        <time>2026-08-08T13:16:14.084Z</time>
      </trkpt>
      <trkpt lat="50.315782" lon="6.774974">
        <ele>399.079700</ele>
        <time>2026-08-08T13:16:25.553Z</time>
      </trkpt>
      <trkpt lat="50.314889" lon="6.774862">
        <ele>405.557712</ele>
        <time>2026-08-08T13:16:54.897Z</time>
      </trkpt>
      <trkpt lat="50.314735" lon="6.774805">
        <ele>406.597775</ele>
        <time>2026-08-08T13:16:59.964Z</time>
      </trkpt>
      <trkpt lat="50.313459" lon="6.773875">
        <ele>415.848224</ele>
        <time>2026-08-08T13:17:41.902Z</time>
      </trkpt>
      <trkpt lat="50.313060" lon="6.773572">
        <ele>417.351090</ele>
        <time>2026-08-08T13:17:53.238Z</time>
      </trkpt>
      <trkpt lat="50.312930" lon="6.773473">
        <ele>417.600532</ele>
        <time>2026-08-08T13:17:56.737Z</time>
      </trkpt>
      <trkpt lat="50.312859" lon="6.773543">
        <ele>417.745306</ele>
        <time>2026-08-08T13:17:58.726Z</time>
      </trkpt>
      <trkpt lat="50.312844" lon="6.773828">
        <ele>418.060421</ele>
        <time>2026-08-08T13:18:02.974Z</time>
      </trkpt>
      <trkpt lat="50.312859" lon="6.773879">
        <ele>418.122293</ele>
        <time>2026-08-08T13:18:03.789Z</time>
      </trkpt>
      <trkpt lat="50.312752" lon="6.774389">
        <ele>418.713831</ele>
        <time>2026-08-08T13:18:11.438Z</time>
      </trkpt>
      <trkpt lat="50.312592" lon="6.774747">
        <ele>419.195338</ele>
        <time>2026-08-08T13:18:17.370Z</time>
      </trkpt>
      <trkpt lat="50.312356" lon="6.775102">
        <ele>419.760019</ele>
        <time>2026-08-08T13:18:24.257Z</time>
      </trkpt>
      <trkpt lat="50.311887" lon="6.775707">
        <ele>419.356711</ele>
        <time>2026-08-08T13:18:36.857Z</time>
      </trkpt>
      <trkpt lat="50.311636" lon="6.776112">
        <ele>418.924272</ele>
        <time>2026-08-08T13:18:44.406Z</time>
      </trkpt>
      <trkpt lat="50.311515" lon="6.776371">
        <ele>418.678378</ele>
        <time>2026-08-08T13:18:48.488Z</time>
      </trkpt>
      <trkpt lat="50.311392" lon="6.776763">
        <ele>418.343711</ele>
        <time>2026-08-08T13:18:53.747Z</time>
      </trkpt>
      <trkpt lat="50.311322" lon="6.777290">
        <ele>417.931256</ele>
        <time>2026-08-08T13:18:59.740Z</time>
      </trkpt>
      <trkpt lat="50.311168" lon="6.778886">
        <ele>414.774127</ele>
        <time>2026-08-08T13:19:15.913Z</time>
      </trkpt>
      <trkpt lat="50.311077" lon="6.779372">
        <ele>413.708339</ele>
        <time>2026-08-08T13:19:20.894Z</time>
      </trkpt>
      <trkpt lat="50.310948" lon="6.779823">
        <ele>412.668410</ele>
        <time>2026-08-08T13:19:25.931Z</time>
      </trkpt>
      <trkpt lat="50.310671" lon="6.780397">
        <ele>412.024039</ele>
        <time>2026-08-08T13:19:33.778Z</time>
      </trkpt>
      <trkpt lat="50.309808" lon="6.781739">
        <ele>412.906356</ele>
        <time>2026-08-08T13:20:00.257Z</time>
      </trkpt>
      <trkpt lat="50.308902" lon="6.783115">
        <ele>416.548284</ele>
        <time>2026-08-08T13:20:32.699Z</time>
      </trkpt>
      <trkpt lat="50.308556" lon="6.783726">
        <ele>418.513325</ele>
        <time>2026-08-08T13:20:46.435Z</time>
      </trkpt>
      <trkpt lat="50.308289" lon="6.784302">
        <ele>419.965954</ele>
        <time>2026-08-08T13:20:57.749Z</time>
      </trkpt>
      <trkpt lat="50.307837" lon="6.785456">
        <ele>420.164844</ele>
        <time>2026-08-08T13:21:17.237Z</time>
      </trkpt>
      <trkpt lat="50.307266" lon="6.787024">
        <ele>420.597566</ele>
        <time>2026-08-08T13:21:38.083Z</time>
      </trkpt>
      <trkpt lat="50.307137" lon="6.787611">
        <ele>420.916073</ele>
        <time>2026-08-08T13:21:45.901Z</time>
      </trkpt>
      <trkpt lat="50.307078" lon="6.788045">
        <ele>421.143737</ele>
        <time>2026-08-08T13:21:51.905Z</time>
      </trkpt>
      <trkpt lat="50.306974" lon="6.789050">
        <ele>421.666106</ele>
        <time>2026-08-08T13:22:07.077Z</time>
      </trkpt>
      <trkpt lat="50.306852" lon="6.789381">
        <ele>422.007707</ele>
        <time>2026-08-08T13:22:13.205Z</time>
      </trkpt>
      <trkpt lat="50.306673" lon="6.789608">
        <ele>422.687436</ele>
        <time>2026-08-08T13:22:19.243Z</time>
      </trkpt>
      <trkpt lat="50.306548" lon="6.789696">
        <ele>423.091867</ele>
        <time>2026-08-08T13:22:22.872Z</time>
      </trkpt>
      <trkpt lat="50.305998" lon="6.789944">
        <ele>424.780815</ele>
        <time>2026-08-08T13:22:37.512Z</time>
      </trkpt>
      <trkpt lat="50.305791" lon="6.790113">
        <ele>425.469704</ele>
        <time>2026-08-08T13:22:43.244Z</time>
      </trkpt>
      <trkpt lat="50.305482" lon="6.790463">
        <ele>426.595117</ele>
        <time>2026-08-08T13:22:52.335Z</time>
      </trkpt>
      <trkpt lat="50.304962" lon="6.791126">
        <ele>426.087124</ele>
        <time>2026-08-08T13:23:06.998Z</time>
      </trkpt>
      <trkpt lat="50.304562" lon="6.791773">
        <ele>424.890827</ele>
        <time>2026-08-08T13:23:16.823Z</time>
      </trkpt>
      <trkpt lat="50.304418" lon="6.792132">
        <ele>424.327622</ele>
        <time>2026-08-08T13:23:21.108Z</time>
      </trkpt>
      <trkpt lat="50.304275" lon="6.792656">
        <ele>423.570574</ele>
        <time>2026-08-08T13:23:26.676Z</time>
      </trkpt>
      <trkpt lat="50.303934" lon="6.794528">
        <ele>420.636942</ele>
        <time>2026-08-08T13:23:46.158Z</time>
      </trkpt>
      <trkpt lat="50.303245" lon="6.794258">
        <ele>419.220229</ele>
        <time>2026-08-08T13:24:10.773Z</time>
      </trkpt>
      <trkpt lat="50.302977" lon="6.793986">
        <ele>419.914025</ele>
        <time>2026-08-08T13:24:21.482Z</time>
      </trkpt>
      <trkpt lat="50.302561" lon="6.793466">
        <ele>421.070392</ele>
        <time>2026-08-08T13:24:39.388Z</time>
      </trkpt>
      <trkpt lat="50.302057" lon="6.792976">
        <ele>422.359148</ele>
        <time>2026-08-08T13:24:59.270Z</time>
      </trkpt>
      <trkpt lat="50.301397" lon="6.792112">
        <ele>423.950348</ele>
        <time>2026-08-08T13:25:28.112Z</time>
      </trkpt>
      <trkpt lat="50.301243" lon="6.791869">
        <ele>424.318266</ele>
        <time>2026-08-08T13:25:35.543Z</time>
      </trkpt>
      <trkpt lat="50.301141" lon="6.791624">
        <ele>424.632591</ele>
        <time>2026-08-08T13:25:41.884Z</time>
      </trkpt>
      <trkpt lat="50.301069" lon="6.791345">
        <ele>424.956013</ele>
        <time>2026-08-08T13:25:48.382Z</time>
      </trkpt>
      <trkpt lat="50.301001" lon="6.791264">
        <ele>425.099790</ele>
        <time>2026-08-08T13:25:51.315Z</time>
      </trkpt>
      <trkpt lat="50.300899" lon="6.791204">
        <ele>425.283138</ele>
        <time>2026-08-08T13:25:54.985Z</time>
      </trkpt>
      <trkpt lat="50.300585" lon="6.791063">
        <ele>425.832803</ele>
        <time>2026-08-08T13:26:06.061Z</time>
      </trkpt>
      <trkpt lat="50.299393" lon="6.789854">
        <ele>428.264377</ele>
        <time>2026-08-08T13:26:53.793Z</time>
      </trkpt>
      <trkpt lat="50.298575" lon="6.789161">
        <ele>429.792698</ele>
        <time>2026-08-08T13:27:25.073Z</time>
      </trkpt>
      <trkpt lat="50.298417" lon="6.789072">
        <ele>430.055211</ele>
        <time>2026-08-08T13:27:30.786Z</time>
      </trkpt>
      <trkpt lat="50.297966" lon="6.788988">
        <ele>430.765254</ele>
        <time>2026-08-08T13:27:46.159Z</time>
      </trkpt>
      <trkpt lat="50.297683" lon="6.788807">
        <ele>431.243182</ele>
        <time>2026-08-08T13:27:56.501Z</time>
      </trkpt>
      <trkpt lat="50.297328" lon="6.788482">
        <ele>431.886110</ele>
        <time>2026-08-08T13:28:10.305Z</time>
      </trkpt>
      <trkpt lat="50.296960" lon="6.788305">
        <ele>432.350905</ele>
        <time>2026-08-08T13:28:23.240Z</time>
      </trkpt>
      <trkpt lat="50.296262" lon="6.787746">
        <ele>433.281722</ele>
        <time>2026-08-08T13:28:49.549Z</time>
      </trkpt>
      <trkpt lat="50.295256" lon="6.787385">
        <ele>433.854070</ele>
        <time>2026-08-08T13:29:25.218Z</time>
      </trkpt>
      <trkpt lat="50.295156" lon="6.787322">
        <ele>433.797728</ele>
        <time>2026-08-08T13:29:28.818Z</time>
      </trkpt>
      <trkpt lat="50.294695" lon="6.786952">
        <ele>433.526952</ele>
        <time>2026-08-08T13:29:46.311Z</time>
      </trkpt>
      <trkpt lat="50.294280" lon="6.786482">
        <ele>433.259226</ele>
        <time>2026-08-08T13:30:03.877Z</time>
      </trkpt>
      <trkpt lat="50.293979" lon="6.786266">
        <ele>433.102372</ele>
        <time>2026-08-08T13:30:15.342Z</time>
      </trkpt>
      <trkpt lat="50.293436" lon="6.785602">
        <ele>432.955255</ele>
        <time>2026-08-08T13:30:39.201Z</time>
      </trkpt>
      <trkpt lat="50.292906" lon="6.785084">
        <ele>432.821851</ele>
        <time>2026-08-08T13:31:00.860Z</time>
      </trkpt>
      <trkpt lat="50.292561" lon="6.784618">
        <ele>432.758117</ele>
        <time>2026-08-08T13:31:16.606Z</time>
      </trkpt>
      <trkpt lat="50.292493" lon="6.784541">
        <ele>432.860673</ele>
        <time>2026-08-08T13:31:19.500Z</time>
      </trkpt>
      <trkpt lat="50.292269" lon="6.784103">
        <ele>433.298669</ele>
        <time>2026-08-08T13:31:31.806Z</time>
      </trkpt>
      <trkpt lat="50.292058" lon="6.783782">
        <ele>433.658219</ele>
        <time>2026-08-08T13:31:41.858Z</time>
      </trkpt>
      <trkpt lat="50.291035" lon="6.781866">
        <ele>435.677219</ele>
        <time>2026-08-08T13:32:35.452Z</time>
      </trkpt>
      <trkpt lat="50.290159" lon="6.779341">
        <ele>438.083228</ele>
        <time>2026-08-08T13:33:37.831Z</time>
      </trkpt>
      <trkpt lat="50.290060" lon="6.778393">
        <ele>438.840905</ele>
        <time>2026-08-08T13:33:58.716Z</time>
      </trkpt>
      <trkpt lat="50.290043" lon="6.778346">
        <ele>438.883506</ele>
        <time>2026-08-08T13:33:59.884Z</time>
      </trkpt>
      <trkpt lat="50.289869" lon="6.778177">
        <ele>439.136321</ele>
        <time>2026-08-08T13:34:06.790Z</time>
      </trkpt>
      <trkpt lat="50.289743" lon="6.777977">
        <ele>439.357872</ele>
        <time>2026-08-08T13:34:12.820Z</time>
      </trkpt>
      <trkpt lat="50.289587" lon="6.777561">
        <ele>439.829632</ele>
        <time>2026-08-08T13:34:23.223Z</time>
      </trkpt>
      <trkpt lat="50.289433" lon="6.777236">
        <ele>440.322710</ele>
        <time>2026-08-08T13:34:31.912Z</time>
      </trkpt>
      <trkpt lat="50.289086" lon="6.776701">
        <ele>441.251727</ele>
        <time>2026-08-08T13:34:48.234Z</time>
      </trkpt>
      <trkpt lat="50.288693" lon="6.776220">
        <ele>442.203270</ele>
        <time>2026-08-08T13:35:04.966Z</time>
      </trkpt>
      <trkpt lat="50.288421" lon="6.775825">
        <ele>442.910974</ele>
        <time>2026-08-08T13:35:17.405Z</time>
      </trkpt>
      <trkpt lat="50.288008" lon="6.774871">
        <ele>443.343715</ele>
        <time>2026-08-08T13:35:42.413Z</time>
      </trkpt>
      <trkpt lat="50.287665" lon="6.774305">
        <ele>443.591395</ele>
        <time>2026-08-08T13:35:59.664Z</time>
      </trkpt>
      <trkpt lat="50.287379" lon="6.774084">
        <ele>443.749893</ele>
        <time>2026-08-08T13:36:10.709Z</time>
      </trkpt>
      <trkpt lat="50.287099" lon="6.773985">
        <ele>443.892539</ele>
        <time>2026-08-08T13:36:20.651Z</time>
      </trkpt>
      <trkpt lat="50.286828" lon="6.773967">
        <ele>444.416277</ele>
        <time>2026-08-08T13:36:30.040Z</time>
      </trkpt>
      <trkpt lat="50.286721" lon="6.773994">
        <ele>444.628667</ele>
        <time>2026-08-08T13:36:33.735Z</time>
      </trkpt>
      <trkpt lat="50.286697" lon="6.774052">
        <ele>444.715189</ele>
        <time>2026-08-08T13:36:35.253Z</time>
      </trkpt>
      <trkpt lat="50.285745" lon="6.773600">
        <ele>446.664734</ele>
        <time>2026-08-08T13:37:08.578Z</time>
      </trkpt>
      <trkpt lat="50.285228" lon="6.773535">
        <ele>447.617495</ele>
        <time>2026-08-08T13:37:26.205Z</time>
      </trkpt>
      <trkpt lat="50.285109" lon="6.773493">
        <ele>447.798310</ele>
        <time>2026-08-08T13:37:30.292Z</time>
      </trkpt>
      <trkpt lat="50.284434" lon="6.773251">
        <ele>448.824735</ele>
        <time>2026-08-08T13:37:53.517Z</time>
      </trkpt>
      <trkpt lat="50.283594" lon="6.772546">
        <ele>450.085674</ele>
        <time>2026-08-08T13:38:26.387Z</time>
      </trkpt>
      <trkpt lat="50.283026" lon="6.771930">
        <ele>450.084065</ele>
        <time>2026-08-08T13:38:50.315Z</time>
      </trkpt>
      <trkpt lat="50.282895" lon="6.771659">
        <ele>450.083560</ele>
        <time>2026-08-08T13:38:57.823Z</time>
      </trkpt>
      <trkpt lat="50.282652" lon="6.771337">
        <ele>450.082818</ele>
        <time>2026-08-08T13:39:08.846Z</time>
      </trkpt>
      <trkpt lat="50.282531" lon="6.771158">
        <ele>450.082431</ele>
        <time>2026-08-08T13:39:12.487Z</time>
      </trkpt>
      <trkpt lat="50.282526" lon="6.771156">
        <ele>450.082419</ele>
        <time>2026-08-08T13:39:12.595Z</time>
      </trkpt>
      <trkpt lat="50.282440" lon="6.771130">
        <ele>450.082215</ele>
        <time>2026-08-08T13:39:14.458Z</time>
      </trkpt>
      <trkpt lat="50.282042" lon="6.770994">
        <ele>450.055216</ele>
        <time>2026-08-08T13:39:23.388Z</time>
      </trkpt>
      <trkpt lat="50.281940" lon="6.771087">
        <ele>450.039323</ele>
        <time>2026-08-08T13:39:26.013Z</time>
      </trkpt>
      <trkpt lat="50.281450" lon="6.771354">
        <ele>449.969470</ele>
        <time>2026-08-08T13:39:37.254Z</time>
      </trkpt>
      <trkpt lat="50.279831" lon="6.772150">
        <ele>450.321134</ele>
        <time>2026-08-08T13:40:13.858Z</time>
      </trkpt>
      <trkpt lat="50.278741" lon="6.772732">
        <ele>451.080198</ele>
        <time>2026-08-08T13:40:40.753Z</time>
      </trkpt>
      <trkpt lat="50.278659" lon="6.772697">
        <ele>451.137686</ele>
        <time>2026-08-08T13:40:42.875Z</time>
      </trkpt>
      <trkpt lat="50.278417" lon="6.773450">
        <ele>451.502000</ele>
        <time>2026-08-08T13:40:55.642Z</time>
      </trkpt>
      <trkpt lat="50.278327" lon="6.773704">
        <ele>451.627535</ele>
        <time>2026-08-08T13:41:01.940Z</time>
      </trkpt>
      <trkpt lat="50.278194" lon="6.773893">
        <ele>451.749050</ele>
        <time>2026-08-08T13:41:08.079Z</time>
      </trkpt>
      <trkpt lat="50.277677" lon="6.773981">
        <ele>452.100794</ele>
        <time>2026-08-08T13:41:26.073Z</time>
      </trkpt>
      <trkpt lat="50.276742" lon="6.773856">
        <ele>452.096530</ele>
        <time>2026-08-08T13:41:58.416Z</time>
      </trkpt>
      <trkpt lat="50.276409" lon="6.773942">
        <ele>452.030980</ele>
        <time>2026-08-08T13:42:09.981Z</time>
      </trkpt>
      <trkpt lat="50.276053" lon="6.774264">
        <ele>451.951119</ele>
        <time>2026-08-08T13:42:24.235Z</time>
      </trkpt>
      <trkpt lat="50.275744" lon="6.774816">
        <ele>451.983185</ele>
        <time>2026-08-08T13:42:40.276Z</time>
      </trkpt>
      <trkpt lat="50.275398" lon="6.775642">
        <ele>452.368669</ele>
        <time>2026-08-08T13:43:01.793Z</time>
      </trkpt>
      <trkpt lat="50.275154" lon="6.776394">
        <ele>452.697853</ele>
        <time>2026-08-08T13:43:20.270Z</time>
      </trkpt>
      <trkpt lat="50.274869" lon="6.776735">
        <ele>452.916970</ele>
        <time>2026-08-08T13:43:32.607Z</time>
      </trkpt>
      <trkpt lat="50.274574" lon="6.776985">
        <ele>453.223835</ele>
        <time>2026-08-08T13:43:44.155Z</time>
      </trkpt>
      <trkpt lat="50.274227" lon="6.777423">
        <ele>453.703915</ele>
        <time>2026-08-08T13:43:59.549Z</time>
      </trkpt>
      <trkpt lat="50.273938" lon="6.777481">
        <ele>454.017661</ele>
        <time>2026-08-08T13:44:09.573Z</time>
      </trkpt>
      <trkpt lat="50.273413" lon="6.777350">
        <ele>454.590128</ele>
        <time>2026-08-08T13:44:27.462Z</time>
      </trkpt>
      <trkpt lat="50.273157" lon="6.777073">
        <ele>454.925433</ele>
        <time>2026-08-08T13:44:37.892Z</time>
      </trkpt>
      <trkpt lat="50.273052" lon="6.777014">
        <ele>455.115245</ele>
        <time>2026-08-08T13:44:41.634Z</time>
      </trkpt>
      <trkpt lat="50.272399" lon="6.775996">
        <ele>456.683566</ele>
        <time>2026-08-08T13:45:12.625Z</time>
      </trkpt>
      <trkpt lat="50.272368" lon="6.775774">
        <ele>456.930662</ele>
        <time>2026-08-08T13:45:17.491Z</time>
      </trkpt>
      <trkpt lat="50.272303" lon="6.775518">
        <ele>457.230197</ele>
        <time>2026-08-08T13:45:21.626Z</time>
      </trkpt>
      <trkpt lat="50.272018" lon="6.774918">
        <ele>458.003565</ele>
        <time>2026-08-08T13:45:32.668Z</time>
      </trkpt>
      <trkpt lat="50.272005" lon="6.774722">
        <ele>458.071677</ele>
        <time>2026-08-08T13:45:35.452Z</time>
      </trkpt>
      <trkpt lat="50.272024" lon="6.774477">
        <ele>458.156983</ele>
        <time>2026-08-08T13:45:38.830Z</time>
      </trkpt>
      <trkpt lat="50.272199" lon="6.773757">
        <ele>458.423243</ele>
        <time>2026-08-08T13:45:49.321Z</time>
      </trkpt>
      <trkpt lat="50.271588" lon="6.773323">
        <ele>458.786136</ele>
        <time>2026-08-08T13:46:03.983Z</time>
      </trkpt>
      <trkpt lat="50.270592" lon="6.772731">
        <ele>459.871334</ele>
        <time>2026-08-08T13:46:27.242Z</time>
      </trkpt>
      <trkpt lat="50.270398" lon="6.772686">
        <ele>460.110870</ele>
        <time>2026-08-08T13:46:31.769Z</time>
      </trkpt>
      <trkpt lat="50.270229" lon="6.772688">
        <ele>460.317288</ele>
        <time>2026-08-08T13:46:35.680Z</time>
      </trkpt>
      <trkpt lat="50.270051" lon="6.772727">
        <ele>460.536813</ele>
        <time>2026-08-08T13:46:39.865Z</time>
      </trkpt>
      <trkpt lat="50.269879" lon="6.772818">
        <ele>460.758575</ele>
        <time>2026-08-08T13:46:44.129Z</time>
      </trkpt>
      <trkpt lat="50.269841" lon="6.772846">
        <ele>460.809877</ele>
        <time>2026-08-08T13:46:45.120Z</time>
      </trkpt>
      <trkpt lat="50.269585" lon="6.773103">
        <ele>461.203953</ele>
        <time>2026-08-08T13:46:52.264Z</time>
      </trkpt>
      <trkpt lat="50.269364" lon="6.773468">
        <ele>461.928212</ele>
        <time>2026-08-08T13:46:59.611Z</time>
      </trkpt>
      <trkpt lat="50.269269" lon="6.773720">
        <ele>462.349668</ele>
        <time>2026-08-08T13:47:03.811Z</time>
      </trkpt>
      <trkpt lat="50.269131" lon="6.774305">
        <ele>463.247956</ele>
        <time>2026-08-08T13:47:12.961Z</time>
      </trkpt>
      <trkpt lat="50.269077" lon="6.774239">
        <ele>463.402395</ele>
        <time>2026-08-08T13:47:14.536Z</time>
      </trkpt>
      <trkpt lat="50.268779" lon="6.773586">
        <ele>464.558237</ele>
        <time>2026-08-08T13:47:26.746Z</time>
      </trkpt>
      <trkpt lat="50.268304" lon="6.772953">
        <ele>466.804133</ele>
        <time>2026-08-08T13:47:42.057Z</time>
      </trkpt>
      <trkpt lat="50.268255" lon="6.772881">
        <ele>467.123879</ele>
        <time>2026-08-08T13:47:43.773Z</time>
      </trkpt>
      <trkpt lat="50.267946" lon="6.772424">
        <ele>469.146407</ele>
        <time>2026-08-08T13:47:55.474Z</time>
      </trkpt>
      <trkpt lat="50.267470" lon="6.771603">
        <ele>472.516356</ele>
        <time>2026-08-08T13:48:15.134Z</time>
      </trkpt>
      <trkpt lat="50.267289" lon="6.771072">
        <ele>474.390824</ele>
        <time>2026-08-08T13:48:25.253Z</time>
      </trkpt>
      <trkpt lat="50.267163" lon="6.770804">
        <ele>475.480173</ele>
        <time>2026-08-08T13:48:30.784Z</time>
      </trkpt>
      <trkpt lat="50.266716" lon="6.770403">
        <ele>478.119736</ele>
        <time>2026-08-08T13:48:44.060Z</time>
      </trkpt>
      <trkpt lat="50.265992" lon="6.769754">
        <ele>482.394208</ele>
        <time>2026-08-08T13:49:06.036Z</time>
      </trkpt>
      <trkpt lat="50.264670" lon="6.769455">
        <ele>492.764604</ele>
        <time>2026-08-08T13:49:47.864Z</time>
      </trkpt>
      <trkpt lat="50.264449" lon="6.769563">
        <ele>494.619127</ele>
        <time>2026-08-08T13:49:57.651Z</time>
      </trkpt>
      <trkpt lat="50.264196" lon="6.769776">
        <ele>496.920434</ele>
        <time>2026-08-08T13:50:09.910Z</time>
      </trkpt>
      <trkpt lat="50.263126" lon="6.770149">
        <ele>506.923984</ele>
        <time>2026-08-08T13:50:59.172Z</time>
      </trkpt>
      <trkpt lat="50.262783" lon="6.770132">
        <ele>510.076861</ele>
        <time>2026-08-08T13:51:14.333Z</time>
      </trkpt>
      <trkpt lat="50.262491" lon="6.770188">
        <ele>512.779684</ele>
        <time>2026-08-08T13:51:26.504Z</time>
      </trkpt>
      <trkpt lat="50.262027" lon="6.770432">
        <ele>515.181214</ele>
        <time>2026-08-08T13:51:44.922Z</time>
      </trkpt>
      <trkpt lat="50.261711" lon="6.770768">
        <ele>516.507233</ele>
        <time>2026-08-08T13:51:58.173Z</time>
      </trkpt>
      <trkpt lat="50.261114" lon="6.771638">
        <ele>519.338856</ele>
        <time>2026-08-08T13:52:25.678Z</time>
      </trkpt>
      <trkpt lat="50.260899" lon="6.771841">
        <ele>520.071299</ele>
        <time>2026-08-08T13:52:34.360Z</time>
      </trkpt>
      <trkpt lat="50.260335" lon="6.772184">
        <ele>517.253453</ele>
        <time>2026-08-08T13:52:52.840Z</time>
      </trkpt>
      <trkpt lat="50.260150" lon="6.772503">
        <ele>515.971273</ele>
        <time>2026-08-08T13:52:57.351Z</time>
      </trkpt>
      <trkpt lat="50.260096" lon="6.772595">
        <ele>515.599463</ele>
        <time>2026-08-08T13:52:58.619Z</time>
      </trkpt>
      <trkpt lat="50.260018" lon="6.772730">
        <ele>515.057758</ele>
        <time>2026-08-08T13:53:00.454Z</time>
      </trkpt>
      <trkpt lat="50.259848" lon="6.773378">
        <ele>512.972552</ele>
        <time>2026-08-08T13:53:07.177Z</time>
      </trkpt>
      <trkpt lat="50.259730" lon="6.774375">
        <ele>508.827359</ele>
        <time>2026-08-08T13:53:16.502Z</time>
      </trkpt>
      <trkpt lat="50.259374" lon="6.776292">
        <ele>499.208310</ele>
        <time>2026-08-08T13:53:35.528Z</time>
      </trkpt>
      <trkpt lat="50.259492" lon="6.777894">
        <ele>493.080461</ele>
        <time>2026-08-08T13:53:51.125Z</time>
      </trkpt>
      <trkpt lat="50.259914" lon="6.779551">
        <ele>487.292478</ele>
        <time>2026-08-08T13:54:09.208Z</time>
      </trkpt>
      <trkpt lat="50.260742" lon="6.781144">
        <ele>483.737548</ele>
        <time>2026-08-08T13:54:32.321Z</time>
      </trkpt>
      <trkpt lat="50.261903" lon="6.782464">
        <ele>482.568390</ele>
        <time>2026-08-08T13:55:02.681Z</time>
      </trkpt>
      <trkpt lat="50.263289" lon="6.783228">
        <ele>482.288491</ele>
        <time>2026-08-08T13:55:34.990Z</time>
      </trkpt>
      <trkpt lat="50.264862" lon="6.783842">
        <ele>483.208360</ele>
        <time>2026-08-08T13:56:10.235Z</time>
      </trkpt>
      <trkpt lat="50.265408" lon="6.784141">
        <ele>484.006019</ele>
        <time>2026-08-08T13:56:24.039Z</time>
      </trkpt>
      <trkpt lat="50.265646" lon="6.784343">
        <ele>484.379378</ele>
        <time>2026-08-08T13:56:30.635Z</time>
      </trkpt>
      <trkpt lat="50.265733" lon="6.784737">
        <ele>484.747768</ele>
        <time>2026-08-08T13:56:37.241Z</time>
      </trkpt>
      <trkpt lat="50.265758" lon="6.785073">
        <ele>485.251056</ele>
        <time>2026-08-08T13:56:42.653Z</time>
      </trkpt>
      <trkpt lat="50.265709" lon="6.785443">
        <ele>485.813245</ele>
        <time>2026-08-08T13:56:48.802Z</time>
      </trkpt>
      <trkpt lat="50.265216" lon="6.787267">
        <ele>488.759698</ele>
        <time>2026-08-08T13:57:19.564Z</time>
      </trkpt>
      <trkpt lat="50.265086" lon="6.787750">
        <ele>488.842225</ele>
        <time>2026-08-08T13:57:27.333Z</time>
      </trkpt>
      <trkpt lat="50.265068" lon="6.787961">
        <ele>488.795531</ele>
        <time>2026-08-08T13:57:30.446Z</time>
      </trkpt>
      <trkpt lat="50.264977" lon="6.788563">
        <ele>488.659838</ele>
        <time>2026-08-08T13:57:39.292Z</time>
      </trkpt>
      <trkpt lat="50.264775" lon="6.788823">
        <ele>488.570076</ele>
        <time>2026-08-08T13:57:44.481Z</time>
      </trkpt>
      <trkpt lat="50.264218" lon="6.789344">
        <ele>488.347381</ele>
        <time>2026-08-08T13:57:56.612Z</time>
      </trkpt>
      <trkpt lat="50.263628" lon="6.790099">
        <ele>486.441952</ele>
        <time>2026-08-08T13:58:10.176Z</time>
      </trkpt>
      <trkpt lat="50.263115" lon="6.790376">
        <ele>484.917692</ele>
        <time>2026-08-08T13:58:18.883Z</time>
      </trkpt>
      <trkpt lat="50.262561" lon="6.790534">
        <ele>483.336049</ele>
        <time>2026-08-08T13:58:27.722Z</time>
      </trkpt>
      <trkpt lat="50.262447" lon="6.790606">
        <ele>483.125853</ele>
        <time>2026-08-08T13:58:29.653Z</time>
      </trkpt>
      <trkpt lat="50.262767" lon="6.791934">
        <ele>481.842957</ele>
        <time>2026-08-08T13:58:45.307Z</time>
      </trkpt>
      <trkpt lat="50.262844" lon="6.792182">
        <ele>481.593736</ele>
        <time>2026-08-08T13:58:48.611Z</time>
      </trkpt>
      <trkpt lat="50.262787" lon="6.792395">
        <ele>481.385005</ele>
        <time>2026-08-08T13:58:51.491Z</time>
      </trkpt>
      <trkpt lat="50.262665" lon="6.792736">
        <ele>481.031768</ele>
        <time>2026-08-08T13:58:56.651Z</time>
      </trkpt>
      <trkpt lat="50.262588" lon="6.792861">
        <ele>480.874852</ele>
        <time>2026-08-08T13:58:59.079Z</time>
      </trkpt>
      <trkpt lat="50.262301" lon="6.792491">
        <ele>481.145338</ele>
        <time>2026-08-08T13:59:07.519Z</time>
      </trkpt>
      <trkpt lat="50.261883" lon="6.791923">
        <ele>482.045168</ele>
        <time>2026-08-08T13:59:20.906Z</time>
      </trkpt>
      <trkpt lat="50.261727" lon="6.791748">
        <ele>482.357145</ele>
        <time>2026-08-08T13:59:25.263Z</time>
      </trkpt>
      <trkpt lat="50.261542" lon="6.791622">
        <ele>482.685060</ele>
        <time>2026-08-08T13:59:29.754Z</time>
      </trkpt>
      <trkpt lat="50.261438" lon="6.791582">
        <ele>482.859110</ele>
        <time>2026-08-08T13:59:32.144Z</time>
      </trkpt>
      <trkpt lat="50.261307" lon="6.791595">
        <ele>483.072432</ele>
        <time>2026-08-08T13:59:35.118Z</time>
      </trkpt>
      <trkpt lat="50.260908" lon="6.791866">
        <ele>483.871966</ele>
        <time>2026-08-08T13:59:45.234Z</time>
      </trkpt>
      <trkpt lat="50.260810" lon="6.791598">
        <ele>484.409888</ele>
        <time>2026-08-08T13:59:50.005Z</time>
      </trkpt>
      <trkpt lat="50.260750" lon="6.791501">
        <ele>484.645049</ele>
        <time>2026-08-08T13:59:52.134Z</time>
      </trkpt>
      <trkpt lat="50.260564" lon="6.791373">
        <ele>485.198850</ele>
        <time>2026-08-08T13:59:57.087Z</time>
      </trkpt>
      <trkpt lat="50.259721" lon="6.791278">
        <ele>487.502262</ele>
        <time>2026-08-08T14:00:17.691Z</time>
      </trkpt>
      <trkpt lat="50.259284" lon="6.791464">
        <ele>488.799306</ele>
        <time>2026-08-08T14:00:29.536Z</time>
      </trkpt>
      <trkpt lat="50.259147" lon="6.791501">
        <ele>489.302019</ele>
        <time>2026-08-08T14:00:33.151Z</time>
      </trkpt>
      <trkpt lat="50.259052" lon="6.791491">
        <ele>489.646310</ele>
        <time>2026-08-08T14:00:35.600Z</time>
      </trkpt>
      <trkpt lat="50.257977" lon="6.791052">
        <ele>493.663735</ele>
        <time>2026-08-08T14:01:03.880Z</time>
      </trkpt>
      <trkpt lat="50.256876" lon="6.789808">
        <ele>498.626460</ele>
        <time>2026-08-08T14:01:38.370Z</time>
      </trkpt>
      <trkpt lat="50.255788" lon="6.788461">
        <ele>503.805197</ele>
        <time>2026-08-08T14:02:14.001Z</time>
      </trkpt>
      <trkpt lat="50.254790" lon="6.787803">
        <ele>507.947555</ele>
        <time>2026-08-08T14:02:41.923Z</time>
      </trkpt>
      <trkpt lat="50.254107" lon="6.787189">
        <ele>511.027079</ele>
        <time>2026-08-08T14:03:02.078Z</time>
      </trkpt>
      <trkpt lat="50.253902" lon="6.786979">
        <ele>511.989949</ele>
        <time>2026-08-08T14:03:08.331Z</time>
      </trkpt>
      <trkpt lat="50.252857" lon="6.785894">
        <ele>517.124465</ele>
        <time>2026-08-08T14:03:40.877Z</time>
      </trkpt>
      <trkpt lat="50.251940" lon="6.784932">
        <ele>522.138016</ele>
        <time>2026-08-08T14:04:10.767Z</time>
      </trkpt>
      <trkpt lat="50.251212" lon="6.783780">
        <ele>527.103903</ele>
        <time>2026-08-08T14:04:38.168Z</time>
      </trkpt>
      <trkpt lat="50.250906" lon="6.784097">
        <ele>528.913047</ele>
        <time>2026-08-08T14:04:47.931Z</time>
      </trkpt>
      <trkpt lat="50.250751" lon="6.784272">
        <ele>529.855320</ele>
        <time>2026-08-08T14:04:53.085Z</time>
      </trkpt>
      <trkpt lat="50.250655" lon="6.784398">
        <ele>530.473056</ele>
        <time>2026-08-08T14:04:56.470Z</time>
      </trkpt>
      <trkpt lat="50.250212" lon="6.785209">
        <ele>534.615772</ele>
        <time>2026-08-08T14:05:15.212Z</time>
      </trkpt>
      <trkpt lat="50.250191" lon="6.785249">
        <ele>534.884233</ele>
        <time>2026-08-08T14:05:16.148Z</time>
      </trkpt>
      <trkpt lat="50.249593" lon="6.786639">
        <ele>543.574446</ele>
        <time>2026-08-08T14:05:51.875Z</time>
      </trkpt>
      <trkpt lat="50.249287" lon="6.787607">
        <ele>549.276599</ele>
        <time>2026-08-08T14:06:17.159Z</time>
      </trkpt>
      <trkpt lat="50.249249" lon="6.787796">
        <ele>550.357190</ele>
        <time>2026-08-08T14:06:21.818Z</time>
      </trkpt>
      <trkpt lat="50.249069" lon="6.789161">
        <ele>557.958798</ele>
        <time>2026-08-08T14:06:52.281Z</time>
      </trkpt>
      <trkpt lat="50.249081" lon="6.789359">
        <ele>559.043567</ele>
        <time>2026-08-08T14:06:56.184Z</time>
      </trkpt>
      <trkpt lat="50.249119" lon="6.789477">
        <ele>559.764168</ele>
        <time>2026-08-08T14:06:58.734Z</time>
      </trkpt>
      <trkpt lat="50.249276" lon="6.789651">
        <ele>561.405483</ele>
        <time>2026-08-08T14:07:04.492Z</time>
      </trkpt>
      <trkpt lat="50.249444" lon="6.789846">
        <ele>563.003504</ele>
        <time>2026-08-08T14:07:10.717Z</time>
      </trkpt>
      <trkpt lat="50.249416" lon="6.789957">
        <ele>563.462358</ele>
        <time>2026-08-08T14:07:12.979Z</time>
      </trkpt>
      <trkpt lat="50.249210" lon="6.790186">
        <ele>564.982267</ele>
        <time>2026-08-08T14:07:20.317Z</time>
      </trkpt>
      <trkpt lat="50.248920" lon="6.790495">
        <ele>567.092559</ele>
        <time>2026-08-08T14:07:30.435Z</time>
      </trkpt>
      <trkpt lat="50.248704" lon="6.791275">
        <ele>570.361208</ele>
        <time>2026-08-08T14:07:46.066Z</time>
      </trkpt>
      <trkpt lat="50.248681" lon="6.791358">
        <ele>570.709064</ele>
        <time>2026-08-08T14:07:47.688Z</time>
      </trkpt>
      <trkpt lat="50.248288" lon="6.792527">
        <ele>574.606033</ele>
        <time>2026-08-08T14:08:10.867Z</time>
      </trkpt>
      <trkpt lat="50.248107" lon="6.793127">
        <ele>575.908081</ele>
        <time>2026-08-08T14:08:21.728Z</time>
      </trkpt>
      <trkpt lat="50.248116" lon="6.793263">
        <ele>576.176428</ele>
        <time>2026-08-08T14:08:23.877Z</time>
      </trkpt>
      <trkpt lat="50.248150" lon="6.793466">
        <ele>576.588285</ele>
        <time>2026-08-08T14:08:27.192Z</time>
      </trkpt>
      <trkpt lat="50.248272" lon="6.793793">
        <ele>577.331318</ele>
        <time>2026-08-08T14:08:33.005Z</time>
      </trkpt>
      <trkpt lat="50.248260" lon="6.794017">
        <ele>577.772491</ele>
        <time>2026-08-08T14:08:36.354Z</time>
      </trkpt>
      <trkpt lat="50.248148" lon="6.794123">
        <ele>578.174295</ele>
        <time>2026-08-08T14:08:39.334Z</time>
      </trkpt>
      <trkpt lat="50.247999" lon="6.794138">
        <ele>578.632555</ele>
        <time>2026-08-08T14:08:42.631Z</time>
      </trkpt>
      <trkpt lat="50.247950" lon="6.794066">
        <ele>578.838920</ele>
        <time>2026-08-08T14:08:44.067Z</time>
      </trkpt>
      <trkpt lat="50.247884" lon="6.794030">
        <ele>578.789900</ele>
        <time>2026-08-08T14:08:45.559Z</time>
      </trkpt>
      <trkpt lat="50.247815" lon="6.794037">
        <ele>578.650096</ele>
        <time>2026-08-08T14:08:46.990Z</time>
      </trkpt>
      <trkpt lat="50.247770" lon="6.794066">
        <ele>578.551687</ele>
        <time>2026-08-08T14:08:47.964Z</time>
      </trkpt>
      <trkpt lat="50.247718" lon="6.794143">
        <ele>578.406891</ele>
        <time>2026-08-08T14:08:49.421Z</time>
      </trkpt>
      <trkpt lat="50.247690" lon="6.794247">
        <ele>578.260993</ele>
        <time>2026-08-08T14:08:50.825Z</time>
      </trkpt>
      <trkpt lat="50.247688" lon="6.794322">
        <ele>578.163938</ele>
        <time>2026-08-08T14:08:51.772Z</time>
      </trkpt>
      <trkpt lat="50.247601" lon="6.794498">
        <ele>577.876317</ele>
        <time>2026-08-08T14:08:54.395Z</time>
      </trkpt>
      <trkpt lat="50.247474" lon="6.794622">
        <ele>577.573594</ele>
        <time>2026-08-08T14:08:57.035Z</time>
      </trkpt>
      <trkpt lat="50.247210" lon="6.794702">
        <ele>577.029882</ele>
        <time>2026-08-08T14:09:01.591Z</time>
      </trkpt>
      <trkpt lat="50.246901" lon="6.794697">
        <ele>576.405080</ele>
        <time>2026-08-08T14:09:06.732Z</time>
      </trkpt>
      <trkpt lat="50.246704" lon="6.794756">
        <ele>575.999526</ele>
        <time>2026-08-08T14:09:10.039Z</time>
      </trkpt>
      <trkpt lat="50.246486" lon="6.794909">
        <ele>575.516393</ele>
        <time>2026-08-08T14:09:13.879Z</time>
      </trkpt>
      <trkpt lat="50.246338" lon="6.795098">
        <ele>575.038092</ele>
        <time>2026-08-08T14:09:16.969Z</time>
      </trkpt>
      <trkpt lat="50.246119" lon="6.795526">
        <ele>573.819563</ele>
        <time>2026-08-08T14:09:22.616Z</time>
      </trkpt>
      <trkpt lat="50.246015" lon="6.795816">
        <ele>573.080438</ele>
        <time>2026-08-08T14:09:26.010Z</time>
      </trkpt>
      <trkpt lat="50.245820" lon="6.796669">
        <ele>571.066683</ele>
        <time>2026-08-08T14:09:35.294Z</time>
      </trkpt>
      <trkpt lat="50.245627" lon="6.797327">
        <ele>569.457408</ele>
        <time>2026-08-08T14:09:42.731Z</time>
      </trkpt>
      <trkpt lat="50.245506" lon="6.797611">
        <ele>568.613355</ele>
        <time>2026-08-08T14:09:46.259Z</time>
      </trkpt>
      <trkpt lat="50.245197" lon="6.798196">
        <ele>566.456717</ele>
        <time>2026-08-08T14:09:54.008Z</time>
      </trkpt>
      <trkpt lat="50.244803" lon="6.798868">
        <ele>563.865360</ele>
        <time>2026-08-08T14:10:03.215Z</time>
      </trkpt>
      <trkpt lat="50.244065" lon="6.798342">
        <ele>559.778234</ele>
        <time>2026-08-08T14:10:25.253Z</time>
      </trkpt>
      <trkpt lat="50.243592" lon="6.798142">
        <ele>556.200904</ele>
        <time>2026-08-08T14:10:37.951Z</time>
      </trkpt>
      <trkpt lat="50.243034" lon="6.797650">
        <ele>551.523985</ele>
        <time>2026-08-08T14:10:54.252Z</time>
      </trkpt>
      <trkpt lat="50.242477" lon="6.796834">
        <ele>546.100450</ele>
        <time>2026-08-08T14:11:13.581Z</time>
      </trkpt>
      <trkpt lat="50.242346" lon="6.796727">
        <ele>545.104813</ele>
        <time>2026-08-08T14:11:17.359Z</time>
      </trkpt>
      <trkpt lat="50.242142" lon="6.796634">
        <ele>543.673339</ele>
        <time>2026-08-08T14:11:22.766Z</time>
      </trkpt>
      <trkpt lat="50.241819" lon="6.796616">
        <ele>541.496052</ele>
        <time>2026-08-08T14:11:31.100Z</time>
      </trkpt>
      <trkpt lat="50.241253" lon="6.796729">
        <ele>537.652210</ele>
        <time>2026-08-08T14:11:46.247Z</time>
      </trkpt>
      <trkpt lat="50.240679" lon="6.796993">
        <ele>534.297655</ele>
        <time>2026-08-08T14:12:02.686Z</time>
      </trkpt>
      <trkpt lat="50.240445" lon="6.797073">
        <ele>533.193530</ele>
        <time>2026-08-08T14:12:09.387Z</time>
      </trkpt>
      <trkpt lat="50.240237" lon="6.797019">
        <ele>532.221611</ele>
        <time>2026-08-08T14:12:15.292Z</time>
      </trkpt>
      <trkpt lat="50.239523" lon="6.796637">
        <ele>528.743023</ele>
        <time>2026-08-08T14:12:36.406Z</time>
      </trkpt>
      <trkpt lat="50.239274" lon="6.796537">
        <ele>527.557979</ele>
        <time>2026-08-08T14:12:43.551Z</time>
      </trkpt>
      <trkpt lat="50.239004" lon="6.796504">
        <ele>526.697861</ele>
        <time>2026-08-08T14:12:51.149Z</time>
      </trkpt>
      <trkpt lat="50.238482" lon="6.796619">
        <ele>525.079695</ele>
        <time>2026-08-08T14:13:06.485Z</time>
      </trkpt>
      <trkpt lat="50.238349" lon="6.796717">
        <ele>524.628369</ele>
        <time>2026-08-08T14:13:10.910Z</time>
      </trkpt>
      <trkpt lat="50.238258" lon="6.796849">
        <ele>524.247331</ele>
        <time>2026-08-08T14:13:14.692Z</time>
      </trkpt>
      <trkpt lat="50.238164" lon="6.796985">
        <ele>523.854199</ele>
        <time>2026-08-08T14:13:18.637Z</time>
      </trkpt>
      <trkpt lat="50.237892" lon="6.797343">
        <ele>522.762805</ele>
        <time>2026-08-08T14:13:29.652Z</time>
      </trkpt>
      <trkpt lat="50.237742" lon="6.797410">
        <ele>522.283941</ele>
        <time>2026-08-08T14:13:34.524Z</time>
      </trkpt>
      <trkpt lat="50.237393" lon="6.797462">
        <ele>521.344647</ele>
        <time>2026-08-08T14:13:45.502Z</time>
      </trkpt>
      <trkpt lat="50.236330" lon="6.797303">
        <ele>518.670626</ele>
        <time>2026-08-08T14:14:18.210Z</time>
      </trkpt>
      <trkpt lat="50.235954" lon="6.797247">
        <ele>517.724819</ele>
        <time>2026-08-08T14:14:29.601Z</time>
      </trkpt>
      <trkpt lat="50.235259" lon="6.797425">
        <ele>515.877318</ele>
        <time>2026-08-08T14:14:50.737Z</time>
      </trkpt>
      <trkpt lat="50.235249" lon="6.797376">
        <ele>515.790279</ele>
        <time>2026-08-08T14:14:51.746Z</time>
      </trkpt>
      <trkpt lat="50.235205" lon="6.797282">
        <ele>515.593165</ele>
        <time>2026-08-08T14:14:53.992Z</time>
      </trkpt>
      <trkpt lat="50.235138" lon="6.797242">
        <ele>515.403423</ele>
        <time>2026-08-08T14:14:56.169Z</time>
      </trkpt>
      <trkpt lat="50.234854" lon="6.797253">
        <ele>514.651833</ele>
        <time>2026-08-08T14:15:04.721Z</time>
      </trkpt>
      <trkpt lat="50.234170" lon="6.797377">
        <ele>512.830097</ele>
        <time>2026-08-08T14:15:25.669Z</time>
      </trkpt>
      <trkpt lat="50.233996" lon="6.797380">
        <ele>512.469642</ele>
        <time>2026-08-08T14:15:30.961Z</time>
      </trkpt>
      <trkpt lat="50.233612" lon="6.797282">
        <ele>511.763302</ele>
        <time>2026-08-08T14:15:43.116Z</time>
      </trkpt>
      <trkpt lat="50.232643" lon="6.797210">
        <ele>510.002198</ele>
        <time>2026-08-08T14:16:15.431Z</time>
      </trkpt>
      <trkpt lat="50.232493" lon="6.797206">
        <ele>509.729849</ele>
        <time>2026-08-08T14:16:18.230Z</time>
      </trkpt>
      <trkpt lat="50.232313" lon="6.797290">
        <ele>509.374621</ele>
        <time>2026-08-08T14:16:21.668Z</time>
      </trkpt>
      <trkpt lat="50.232274" lon="6.797356">
        <ele>509.226723</ele>
        <time>2026-08-08T14:16:22.682Z</time>
      </trkpt>
      <trkpt lat="50.232209" lon="6.797585">
        <ele>508.814334</ele>
        <time>2026-08-08T14:16:25.530Z</time>
      </trkpt>
      <trkpt lat="50.232158" lon="6.797596">
        <ele>508.681855</ele>
        <time>2026-08-08T14:16:26.452Z</time>
      </trkpt>
      <trkpt lat="50.231642" lon="6.797227">
        <ele>507.221727</ele>
        <time>2026-08-08T14:16:36.365Z</time>
      </trkpt>
      <trkpt lat="50.231517" lon="6.797038">
        <ele>506.774233</ele>
        <time>2026-08-08T14:16:39.555Z</time>
      </trkpt>
      <trkpt lat="50.231492" lon="6.797019">
        <ele>506.702702</ele>
        <time>2026-08-08T14:16:40.097Z</time>
      </trkpt>
      <trkpt lat="50.231413" lon="6.796708">
        <ele>506.151887</ele>
        <time>2026-08-08T14:16:43.881Z</time>
      </trkpt>
      <trkpt lat="50.231132" lon="6.796349">
        <ele>505.218043</ele>
        <time>2026-08-08T14:16:49.962Z</time>
      </trkpt>
      <trkpt lat="50.231062" lon="6.796227">
        <ele>504.948273</ele>
        <time>2026-08-08T14:16:51.693Z</time>
      </trkpt>
      <trkpt lat="50.231023" lon="6.796047">
        <ele>504.722642</ele>
        <time>2026-08-08T14:16:53.763Z</time>
      </trkpt>
      <trkpt lat="50.231060" lon="6.795874">
        <ele>504.586985</ele>
        <time>2026-08-08T14:16:55.809Z</time>
      </trkpt>
      <trkpt lat="50.230940" lon="6.795729">
        <ele>504.410660</ele>
        <time>2026-08-08T14:16:58.415Z</time>
      </trkpt>
      <trkpt lat="50.230709" lon="6.795538">
        <ele>504.106858</ele>
        <time>2026-08-08T14:17:03.229Z</time>
      </trkpt>
      <trkpt lat="50.230530" lon="6.795437">
        <ele>503.885619</ele>
        <time>2026-08-08T14:17:07.170Z</time>
      </trkpt>
      <trkpt lat="50.230479" lon="6.795409">
        <ele>503.822778</ele>
        <time>2026-08-08T14:17:08.290Z</time>
      </trkpt>
      <trkpt lat="50.230285" lon="6.795282">
        <ele>503.578264</ele>
        <time>2026-08-08T14:17:12.866Z</time>
      </trkpt>
      <trkpt lat="50.230020" lon="6.794744">
        <ele>503.073291</ele>
        <time>2026-08-08T14:17:22.230Z</time>
      </trkpt>
      <trkpt lat="50.229813" lon="6.794521">
        <ele>502.781029</ele>
        <time>2026-08-08T14:17:27.106Z</time>
      </trkpt>
      <trkpt lat="50.229608" lon="6.794082">
        <ele>501.472857</ele>
        <time>2026-08-08T14:17:33.475Z</time>
      </trkpt>
      <trkpt lat="50.229478" lon="6.793907">
        <ele>500.721488</ele>
        <time>2026-08-08T14:17:36.522Z</time>
      </trkpt>
      <trkpt lat="50.229342" lon="6.793809">
        <ele>500.065619</ele>
        <time>2026-08-08T14:17:39.022Z</time>
      </trkpt>
      <trkpt lat="50.229159" lon="6.793776">
        <ele>499.258831</ele>
        <time>2026-08-08T14:17:41.974Z</time>
      </trkpt>
      <trkpt lat="50.228482" lon="6.794023">
        <ele>496.214128</ele>
        <time>2026-08-08T14:17:52.277Z</time>
      </trkpt>
      <trkpt lat="50.228345" lon="6.794057">
        <ele>495.606603</ele>
        <time>2026-08-08T14:17:54.234Z</time>
      </trkpt>
      <trkpt lat="50.228028" lon="6.794048">
        <ele>494.060680</ele>
        <time>2026-08-08T14:17:58.711Z</time>
      </trkpt>
      <trkpt lat="50.227389" lon="6.793774">
        <ele>490.407734</ele>
        <time>2026-08-08T14:18:08.234Z</time>
      </trkpt>
      <trkpt lat="50.226852" lon="6.793488">
        <ele>487.280130</ele>
        <time>2026-08-08T14:18:16.737Z</time>
      </trkpt>
      <trkpt lat="50.226491" lon="6.793151">
        <ele>484.962030</ele>
        <time>2026-08-08T14:18:23.188Z</time>
      </trkpt>
      <trkpt lat="50.225788" lon="6.792055">
        <ele>482.531329</ele>
        <time>2026-08-08T14:18:40.248Z</time>
      </trkpt>
      <trkpt lat="50.225707" lon="6.791923">
        <ele>482.248297</ele>
        <time>2026-08-08T14:18:42.435Z</time>
      </trkpt>
      <trkpt lat="50.225598" lon="6.791758">
        <ele>481.881282</ele>
        <time>2026-08-08T14:18:45.210Z</time>
      </trkpt>
      <trkpt lat="50.225569" lon="6.791723">
        <ele>481.792662</ele>
        <time>2026-08-08T14:18:45.851Z</time>
      </trkpt>
      <trkpt lat="50.225457" lon="6.791585">
        <ele>481.447714</ele>
        <time>2026-08-08T14:18:48.461Z</time>
      </trkpt>
      <trkpt lat="50.225218" lon="6.791395">
        <ele>480.799159</ele>
        <time>2026-08-08T14:18:53.345Z</time>
      </trkpt>
      <trkpt lat="50.224949" lon="6.791294">
        <ele>480.044311</ele>
        <time>2026-08-08T14:18:58.327Z</time>
      </trkpt>
      <trkpt lat="50.223063" lon="6.790939">
        <ele>474.658460</ele>
        <time>2026-08-08T14:19:29.149Z</time>
      </trkpt>
      <trkpt lat="50.221643" lon="6.790298">
        <ele>471.034845</ele>
        <time>2026-08-08T14:19:55.077Z</time>
      </trkpt>
      <trkpt lat="50.220321" lon="6.789848">
        <ele>466.532852</ele>
        <time>2026-08-08T14:20:17.161Z</time>
      </trkpt>
      <trkpt lat="50.219562" lon="6.789740">
        <ele>463.940724</ele>
        <time>2026-08-08T14:20:28.978Z</time>
      </trkpt>
      <trkpt lat="50.219040" lon="6.789593">
        <ele>462.093745</ele>
        <time>2026-08-08T14:20:37.363Z</time>
      </trkpt>
      <trkpt lat="50.218069" lon="6.788724">
        <ele>458.398016</ele>
        <time>2026-08-08T14:20:55.663Z</time>
      </trkpt>
      <trkpt lat="50.217756" lon="6.788444">
        <ele>457.720044</ele>
        <time>2026-08-08T14:21:01.626Z</time>
      </trkpt>
      <trkpt lat="50.217092" lon="6.787947">
        <ele>456.336039</ele>
        <time>2026-08-08T14:21:14.193Z</time>
      </trkpt>
      <trkpt lat="50.216693" lon="6.787754">
        <ele>455.550867</ele>
        <time>2026-08-08T14:21:22.067Z</time>
      </trkpt>
      <trkpt lat="50.216343" lon="6.787685">
        <ele>455.539624</ele>
        <time>2026-08-08T14:21:29.471Z</time>
      </trkpt>
      <trkpt lat="50.215743" lon="6.787755">
        <ele>456.431533</ele>
        <time>2026-08-08T14:21:43.354Z</time>
      </trkpt>
      <trkpt lat="50.215106" lon="6.788000">
        <ele>457.403993</ele>
        <time>2026-08-08T14:21:59.202Z</time>
      </trkpt>
      <trkpt lat="50.214809" lon="6.788202">
        <ele>457.884154</ele>
        <time>2026-08-08T14:22:06.830Z</time>
      </trkpt>
      <trkpt lat="50.214556" lon="6.788444">
        <ele>457.381033</ele>
        <time>2026-08-08T14:22:13.508Z</time>
      </trkpt>
      <trkpt lat="50.214230" lon="6.788917">
        <ele>456.506769</ele>
        <time>2026-08-08T14:22:22.380Z</time>
      </trkpt>
      <trkpt lat="50.214059" lon="6.789342">
        <ele>455.875401</ele>
        <time>2026-08-08T14:22:32.311Z</time>
      </trkpt>
      <trkpt lat="50.213741" lon="6.789737">
        <ele>455.077052</ele>
        <time>2026-08-08T14:22:44.124Z</time>
      </trkpt>
      <trkpt lat="50.213402" lon="6.790252">
        <ele>453.782461</ele>
        <time>2026-08-08T14:22:57.221Z</time>
      </trkpt>
      <trkpt lat="50.213235" lon="6.790390">
        <ele>452.835698</ele>
        <time>2026-08-08T14:23:02.372Z</time>
      </trkpt>
      <trkpt lat="50.212760" lon="6.790690">
        <ele>450.268078</ele>
        <time>2026-08-08T14:23:16.453Z</time>
      </trkpt>
      <trkpt lat="50.212581" lon="6.790770">
        <ele>449.335021</ele>
        <time>2026-08-08T14:23:19.282Z</time>
      </trkpt>
      <trkpt lat="50.212406" lon="6.790752">
        <ele>448.456083</ele>
        <time>2026-08-08T14:23:21.932Z</time>
      </trkpt>
      <trkpt lat="50.211928" lon="6.790536">
        <ele>445.962356</ele>
        <time>2026-08-08T14:23:29.387Z</time>
      </trkpt>
      <trkpt lat="50.211568" lon="6.790388">
        <ele>444.519665</ele>
        <time>2026-08-08T14:23:34.940Z</time>
      </trkpt>
      <trkpt lat="50.210886" lon="6.790273">
        <ele>442.224241</ele>
        <time>2026-08-08T14:23:45.211Z</time>
      </trkpt>
      <trkpt lat="50.210670" lon="6.790281">
        <ele>441.501238</ele>
        <time>2026-08-08T14:23:48.688Z</time>
      </trkpt>
      <trkpt lat="50.210244" lon="6.790292">
        <ele>440.075521</ele>
        <time>2026-08-08T14:23:56.262Z</time>
      </trkpt>
      <trkpt lat="50.210114" lon="6.790331">
        <ele>439.632557</ele>
        <time>2026-08-08T14:23:58.886Z</time>
      </trkpt>
      <trkpt lat="50.210050" lon="6.790267">
        <ele>439.378292</ele>
        <time>2026-08-08T14:24:00.465Z</time>
      </trkpt>
      <trkpt lat="50.209645" lon="6.790111">
        <ele>439.350631</ele>
        <time>2026-08-08T14:24:09.711Z</time>
      </trkpt>
      <trkpt lat="50.209590" lon="6.790053">
        <ele>439.350631</ele>
        <time>2026-08-08T14:24:11.240Z</time>
      </trkpt>
      <trkpt lat="50.209441" lon="6.790318">
        <ele>439.350631</ele>
        <time>2026-08-08T14:24:16.499Z</time>
      </trkpt>
      <trkpt lat="50.208817" lon="6.790770">
        <ele>439.350631</ele>
        <time>2026-08-08T14:24:32.962Z</time>
      </trkpt>
      <trkpt lat="50.208413" lon="6.791099">
        <ele>439.350631</ele>
        <time>2026-08-08T14:24:43.417Z</time>
      </trkpt>
    </trkseg>
  </trk>
</gpx>