<?xml version='1.0' encoding='UTF-8'?>
<gpx version="1.1" creator="https://www.komoot.de" xmlns="http://www.topografix.com/GPX/1/1" xmlns:xsi="http://www.w3.org/2001/XMLSchema-instance" xsi:schemaLocation="http://www.topografix.com/GPX/1/1 http://www.topografix.com/GPX/1/1/gpx.xsd">
  <metadata>
    <name>Ahrtal und Eifel - Tag 4 - von Pittenbach nach Bergweiler</name>
    <author>
      <link href="https://www.komoot.de">
        <text>komoot</text>
        <type>text/html</type>
      </link>
    </author>
  </metadata>
  <wpt lat="50.233615" lon="6.274153">
    <name>Bahnhofstraße, Bleialf</name>
    <sym>Shopping Center</sym>
  </wpt>
  <wpt lat="50.196716" lon="6.283874">
    <name>Karl Friedrich Renner Skulpturengarten, Habscheid</name>
    <sym>Flag, Blue</sym>
  </wpt>
  <wpt lat="50.185313" lon="6.309561">
    <name>Picknickplatz im Naturpark Hohes Venn-Eifel</name>
    <sym>Picnic Area</sym>
  </wpt>
  <wpt lat="50.175713" lon="6.316544">
    <name>Alfbachtal</name>
    <sym>Flag, Blue</sym>
  </wpt>
  <wpt lat="50.172221" lon="6.317050">
    <name>Aussichtsreicher Radweg in der Eifel</name>
    <sym>Flag, Blue</sym>
  </wpt>
  <wpt lat="50.130617" lon="6.342911">
    <name>Schutzhütte mit Sitzbank und Mülleimer</name>
    <sym>Picnic Area</sym>
  </wpt>
  <wpt lat="50.098470" lon="6.352442">
    <name>Eifel-Ardennen und Prümtal-Radweg</name>
    <sym>Bridge</sym>
  </wpt>
  <wpt lat="50.094797" lon="6.355890">
    <name>Ehemaliger Bahnhof Waxweiler</name>
    <sym>Flag, Blue</sym>
  </wpt>
  <wpt lat="50.093453" lon="6.371092">
    <name>Blick auf Waxweiler</name>
    <sym>Flag, Blue</sym>
  </wpt>
  <wpt lat="50.109722" lon="6.410742">
    <name>Lascheid an der Pilgerroute Via Coloniensis</name>
    <sym>Shopping Center</sym>
  </wpt>
  <wpt lat="50.092740" lon="6.453211">
    <name>Blick auf die Eifellandschaft</name>
    <sym>Flag, Blue</sym>
  </wpt>
  <wpt lat="50.069636" lon="6.491494">
    <name>Wegkreuz</name>
    <sym>Flag, Blue</sym>
  </wpt>
  <wpt lat="50.046799" lon="6.578070">
    <name>Blick auf Schloss Malberg</name>
    <sym>Flag, Blue</sym>
  </wpt>
  <wpt lat="50.046650" lon="6.584899">
    <name>Schloss Malberg</name>
    <sym>Flag, Blue</sym>
  </wpt>
  <trk>
    <name>Ahrtal und Eifel - Tag 4 - von Pittenbach nach Bergweiler</name>
    <type>e_touring_bicycle</type>
    <trkseg>
      <trkpt lat="50.238939" lon="6.286088">
        <ele>472.029857</ele>
        <time>2026-08-08T12:11:43.696Z</time>
      </trkpt>
      <trkpt lat="50.238867" lon="6.286206">
        <ele>472.029857</ele>
        <time>2026-08-08T12:11:45.446Z</time>
      </trkpt>
      <trkpt lat="50.238849" lon="6.286330">
        <ele>472.029857</ele>
        <time>2026-08-08T12:11:46.804Z</time>
      </trkpt>
      <trkpt lat="50.238559" lon="6.286361">
        <ele>472.029857</ele>
        <time>2026-08-08T12:11:51.440Z</time>
      </trkpt>
      <trkpt lat="50.238334" lon="6.286333">
        <ele>472.029857</ele>
        <time>2026-08-08T12:11:55.011Z</time>
      </trkpt>
      <trkpt lat="50.238267" lon="6.286311">
        <ele>472.029857</ele>
        <time>2026-08-08T12:11:56.070Z</time>
      </trkpt>
      <trkpt lat="50.238227" lon="6.286297">
        <ele>472.029857</ele>
        <time>2026-08-08T12:11:56.705Z</time>
      </trkpt>
      <trkpt lat="50.238108" lon="6.286220">
        <ele>471.908849</ele>
        <time>2026-08-08T12:11:58.707Z</time>
      </trkpt>
      <trkpt lat="50.238022" lon="6.286108">
        <ele>471.578022</ele>
        <time>2026-08-08T12:12:00.441Z</time>
      </trkpt>
      <trkpt lat="50.237710" lon="6.285495">
        <ele>470.096997</ele>
        <time>2026-08-08T12:12:08.240Z</time>
      </trkpt>
      <trkpt lat="50.237265" lon="6.284178">
        <ele>467.281116</ele>
        <time>2026-08-08T12:12:24.778Z</time>
      </trkpt>
      <trkpt lat="50.237103" lon="6.283640">
        <ele>466.501710</ele>
        <time>2026-08-08T12:12:31.236Z</time>
      </trkpt>
      <trkpt lat="50.236968" lon="6.283319">
        <ele>466.225314</ele>
        <time>2026-08-08T12:12:35.368Z</time>
      </trkpt>
      <trkpt lat="50.236874" lon="6.283101">
        <ele>466.036161</ele>
        <time>2026-08-08T12:12:38.234Z</time>
      </trkpt>
      <trkpt lat="50.236534" lon="6.282008">
        <ele>465.161723</ele>
        <time>2026-08-08T12:12:52.937Z</time>
      </trkpt>
      <trkpt lat="50.236503" lon="6.281797">
        <ele>465.005962</ele>
        <time>2026-08-08T12:12:55.882Z</time>
      </trkpt>
      <trkpt lat="50.236473" lon="6.281593">
        <ele>464.855362</ele>
        <time>2026-08-08T12:12:58.799Z</time>
      </trkpt>
      <trkpt lat="50.236335" lon="6.281182">
        <ele>464.871526</ele>
        <time>2026-08-08T12:13:05.382Z</time>
      </trkpt>
      <trkpt lat="50.236185" lon="6.280730">
        <ele>465.264371</ele>
        <time>2026-08-08T12:13:12.788Z</time>
      </trkpt>
      <trkpt lat="50.235869" lon="6.280199">
        <ele>465.823908</ele>
        <time>2026-08-08T12:13:23.460Z</time>
      </trkpt>
      <trkpt lat="50.235839" lon="6.280145">
        <ele>465.879088</ele>
        <time>2026-08-08T12:13:24.503Z</time>
      </trkpt>
      <trkpt lat="50.235701" lon="6.279836">
        <ele>466.169833</ele>
        <time>2026-08-08T12:13:30.035Z</time>
      </trkpt>
      <trkpt lat="50.235573" lon="6.279421">
        <ele>466.525276</ele>
        <time>2026-08-08T12:13:36.832Z</time>
      </trkpt>
      <trkpt lat="50.235290" lon="6.278481">
        <ele>467.348986</ele>
        <time>2026-08-08T12:13:51.877Z</time>
      </trkpt>
      <trkpt lat="50.234859" lon="6.276964">
        <ele>468.690468</ele>
        <time>2026-08-08T12:14:16.225Z</time>
      </trkpt>
      <trkpt lat="50.234664" lon="6.276516">
        <ele>469.128404</ele>
        <time>2026-08-08T12:14:24.294Z</time>
      </trkpt>
      <trkpt lat="50.233901" lon="6.275121">
        <ele>468.072252</ele>
        <time>2026-08-08T12:14:49.088Z</time>
      </trkpt>
      <trkpt lat="50.233701" lon="6.274585">
        <ele>467.712934</ele>
        <time>2026-08-08T12:14:55.813Z</time>
      </trkpt>
      <trkpt lat="50.233581" lon="6.274177">
        <ele>467.354094</ele>
        <time>2026-08-08T12:15:00.436Z</time>
      </trkpt>
      <trkpt lat="50.233094" lon="6.272514">
        <ele>464.249286</ele>
        <time>2026-08-08T12:15:19.109Z</time>
      </trkpt>
      <trkpt lat="50.232564" lon="6.270814">
        <ele>462.119016</ele>
        <time>2026-08-08T12:15:42.173Z</time>
      </trkpt>
      <trkpt lat="50.232533" lon="6.270571">
        <ele>461.966920</ele>
        <time>2026-08-08T12:15:45.464Z</time>
      </trkpt>
      <trkpt lat="50.232337" lon="6.270473">
        <ele>461.769455</ele>
        <time>2026-08-08T12:15:49.826Z</time>
      </trkpt>
      <trkpt lat="50.232276" lon="6.270436">
        <ele>461.706669</ele>
        <time>2026-08-08T12:15:51.260Z</time>
      </trkpt>
      <trkpt lat="50.232125" lon="6.270435">
        <ele>461.561770</ele>
        <time>2026-08-08T12:15:54.420Z</time>
      </trkpt>
      <trkpt lat="50.231333" lon="6.270827">
        <ele>460.478501</ele>
        <time>2026-08-08T12:16:11.271Z</time>
      </trkpt>
      <trkpt lat="50.231025" lon="6.270912">
        <ele>459.820947</ele>
        <time>2026-08-08T12:16:17.163Z</time>
      </trkpt>
      <trkpt lat="50.230288" lon="6.270966">
        <ele>458.269774</ele>
        <time>2026-08-08T12:16:30.440Z</time>
      </trkpt>
      <trkpt lat="50.229702" lon="6.270864">
        <ele>457.019079</ele>
        <time>2026-08-08T12:16:40.789Z</time>
      </trkpt>
      <trkpt lat="50.229343" lon="6.270985">
        <ele>456.202722</ele>
        <time>2026-08-08T12:16:47.216Z</time>
      </trkpt>
      <trkpt lat="50.228957" lon="6.271012">
        <ele>455.343827</ele>
        <time>2026-08-08T12:16:53.973Z</time>
      </trkpt>
      <trkpt lat="50.228306" lon="6.270815">
        <ele>453.869857</ele>
        <time>2026-08-08T12:17:06.285Z</time>
      </trkpt>
      <trkpt lat="50.228042" lon="6.270670">
        <ele>453.247842</ele>
        <time>2026-08-08T12:17:11.726Z</time>
      </trkpt>
      <trkpt lat="50.227392" lon="6.270199">
        <ele>452.602864</ele>
        <time>2026-08-08T12:17:25.389Z</time>
      </trkpt>
      <trkpt lat="50.227264" lon="6.270068">
        <ele>452.468055</ele>
        <time>2026-08-08T12:17:28.512Z</time>
      </trkpt>
      <trkpt lat="50.226978" lon="6.270279">
        <ele>452.189391</ele>
        <time>2026-08-08T12:17:35.084Z</time>
      </trkpt>
      <trkpt lat="50.226723" lon="6.270236">
        <ele>451.963399</ele>
        <time>2026-08-08T12:17:40.423Z</time>
      </trkpt>
      <trkpt lat="50.226532" lon="6.270166">
        <ele>451.790538</ele>
        <time>2026-08-08T12:17:44.480Z</time>
      </trkpt>
      <trkpt lat="50.226427" lon="6.270092">
        <ele>451.689050</ele>
        <time>2026-08-08T12:17:46.824Z</time>
      </trkpt>
      <trkpt lat="50.226222" lon="6.269760">
        <ele>451.379577</ele>
        <time>2026-08-08T12:17:52.676Z</time>
      </trkpt>
      <trkpt lat="50.226067" lon="6.269669">
        <ele>451.199609</ele>
        <time>2026-08-08T12:17:55.969Z</time>
      </trkpt>
      <trkpt lat="50.222045" lon="6.268706">
        <ele>446.609477</ele>
        <time>2026-08-08T12:19:12.700Z</time>
      </trkpt>
      <trkpt lat="50.221734" lon="6.268716">
        <ele>446.349521</ele>
        <time>2026-08-08T12:19:18.389Z</time>
      </trkpt>
      <trkpt lat="50.221200" lon="6.268803">
        <ele>445.900842</ele>
        <time>2026-08-08T12:19:29.265Z</time>
      </trkpt>
      <trkpt lat="50.220705" lon="6.268956">
        <ele>446.222264</ele>
        <time>2026-08-08T12:19:40.318Z</time>
      </trkpt>
      <trkpt lat="50.220475" lon="6.269091">
        <ele>446.440560</ele>
        <time>2026-08-08T12:19:45.974Z</time>
      </trkpt>
      <trkpt lat="50.219281" lon="6.270044">
        <ele>447.154299</ele>
        <time>2026-08-08T12:20:16.682Z</time>
      </trkpt>
      <trkpt lat="50.218498" lon="6.270764">
        <ele>445.978136</ele>
        <time>2026-08-08T12:20:33.780Z</time>
      </trkpt>
      <trkpt lat="50.218069" lon="6.271363">
        <ele>445.233352</ele>
        <time>2026-08-08T12:20:43.427Z</time>
      </trkpt>
      <trkpt lat="50.217382" lon="6.272647">
        <ele>442.899494</ele>
        <time>2026-08-08T12:21:01.640Z</time>
      </trkpt>
      <trkpt lat="50.215975" lon="6.275628">
        <ele>437.613711</ele>
        <time>2026-08-08T12:21:43.350Z</time>
      </trkpt>
      <trkpt lat="50.215670" lon="6.276137">
        <ele>436.516592</ele>
        <time>2026-08-08T12:21:50.762Z</time>
      </trkpt>
      <trkpt lat="50.215350" lon="6.276566">
        <ele>435.343988</ele>
        <time>2026-08-08T12:21:57.646Z</time>
      </trkpt>
      <trkpt lat="50.214903" lon="6.277026">
        <ele>433.855441</ele>
        <time>2026-08-08T12:22:06.280Z</time>
      </trkpt>
      <trkpt lat="50.213763" lon="6.277979">
        <ele>431.707776</ele>
        <time>2026-08-08T12:22:28.498Z</time>
      </trkpt>
      <trkpt lat="50.213267" lon="6.278449">
        <ele>431.396654</ele>
        <time>2026-08-08T12:22:40.490Z</time>
      </trkpt>
      <trkpt lat="50.212856" lon="6.278913">
        <ele>431.124701</ele>
        <time>2026-08-08T12:22:51.936Z</time>
      </trkpt>
      <trkpt lat="50.212468" lon="6.279483">
        <ele>431.036390</ele>
        <time>2026-08-08T12:23:04.094Z</time>
      </trkpt>
      <trkpt lat="50.212190" lon="6.280060">
        <ele>430.984171</ele>
        <time>2026-08-08T12:23:14.371Z</time>
      </trkpt>
      <trkpt lat="50.211564" lon="6.281475">
        <ele>430.369276</ele>
        <time>2026-08-08T12:23:35.472Z</time>
      </trkpt>
      <trkpt lat="50.211178" lon="6.282066">
        <ele>429.158018</ele>
        <time>2026-08-08T12:23:44.708Z</time>
      </trkpt>
      <trkpt lat="50.210813" lon="6.282459">
        <ele>428.164506</ele>
        <time>2026-08-08T12:23:52.148Z</time>
      </trkpt>
      <trkpt lat="50.210584" lon="6.282659">
        <ele>427.576500</ele>
        <time>2026-08-08T12:23:56.526Z</time>
      </trkpt>
      <trkpt lat="50.210471" lon="6.282678">
        <ele>427.321763</ele>
        <time>2026-08-08T12:23:58.451Z</time>
      </trkpt>
      <trkpt lat="50.210335" lon="6.282635">
        <ele>427.010759</ele>
        <time>2026-08-08T12:24:00.803Z</time>
      </trkpt>
      <trkpt lat="50.210270" lon="6.282741">
        <ele>426.801183</ele>
        <time>2026-08-08T12:24:02.377Z</time>
      </trkpt>
      <trkpt lat="50.210150" lon="6.282826">
        <ele>426.511342</ele>
        <time>2026-08-08T12:24:04.636Z</time>
      </trkpt>
      <trkpt lat="50.209338" lon="6.283132">
        <ele>424.673832</ele>
        <time>2026-08-08T12:24:19.201Z</time>
      </trkpt>
      <trkpt lat="50.208912" lon="6.283200">
        <ele>423.731810</ele>
        <time>2026-08-08T12:24:26.529Z</time>
      </trkpt>
      <trkpt lat="50.208201" lon="6.283172">
        <ele>422.755212</ele>
        <time>2026-08-08T12:24:38.904Z</time>
      </trkpt>
      <trkpt lat="50.207538" lon="6.283142">
        <ele>422.470720</ele>
        <time>2026-08-08T12:24:51.529Z</time>
      </trkpt>
      <trkpt lat="50.207013" lon="6.283061">
        <ele>422.244442</ele>
        <time>2026-08-08T12:25:02.991Z</time>
      </trkpt>
      <trkpt lat="50.206667" lon="6.282954">
        <ele>422.201152</ele>
        <time>2026-08-08T12:25:11.145Z</time>
      </trkpt>
      <trkpt lat="50.205713" lon="6.282371">
        <ele>423.199830</ele>
        <time>2026-08-08T12:25:35.078Z</time>
      </trkpt>
      <trkpt lat="50.205516" lon="6.282379">
        <ele>423.391953</ele>
        <time>2026-08-08T12:25:39.518Z</time>
      </trkpt>
      <trkpt lat="50.204672" lon="6.282657">
        <ele>423.127250</ele>
        <time>2026-08-08T12:25:57.095Z</time>
      </trkpt>
      <trkpt lat="50.204312" lon="6.282663">
        <ele>422.379519</ele>
        <time>2026-08-08T12:26:03.319Z</time>
      </trkpt>
      <trkpt lat="50.203757" lon="6.282611">
        <ele>421.224760</ele>
        <time>2026-08-08T12:26:12.620Z</time>
      </trkpt>
      <trkpt lat="50.203102" lon="6.282612">
        <ele>419.919096</ele>
        <time>2026-08-08T12:26:23.473Z</time>
      </trkpt>
      <trkpt lat="50.202834" lon="6.282569">
        <ele>419.469027</ele>
        <time>2026-08-08T12:26:27.980Z</time>
      </trkpt>
      <trkpt lat="50.202186" lon="6.282357">
        <ele>418.363013</ele>
        <time>2026-08-08T12:26:39.331Z</time>
      </trkpt>
      <trkpt lat="50.201113" lon="6.282325">
        <ele>416.919748</ele>
        <time>2026-08-08T12:27:01.010Z</time>
      </trkpt>
      <trkpt lat="50.201048" lon="6.282340">
        <ele>416.877407</ele>
        <time>2026-08-08T12:27:02.435Z</time>
      </trkpt>
      <trkpt lat="50.200966" lon="6.282358">
        <ele>416.824047</ele>
        <time>2026-08-08T12:27:04.204Z</time>
      </trkpt>
      <trkpt lat="50.200864" lon="6.282380">
        <ele>416.757695</ele>
        <time>2026-08-08T12:27:06.431Z</time>
      </trkpt>
      <trkpt lat="50.200599" lon="6.282527">
        <ele>416.576483</ele>
        <time>2026-08-08T12:27:12.413Z</time>
      </trkpt>
      <trkpt lat="50.200315" lon="6.282850">
        <ele>416.350112</ele>
        <time>2026-08-08T12:27:19.625Z</time>
      </trkpt>
      <trkpt lat="50.199872" lon="6.283202">
        <ele>416.029839</ele>
        <time>2026-08-08T12:27:29.264Z</time>
      </trkpt>
      <trkpt lat="50.197266" lon="6.284037">
        <ele>412.454329</ele>
        <time>2026-08-08T12:28:15.290Z</time>
      </trkpt>
      <trkpt lat="50.196931" lon="6.284139">
        <ele>412.542566</ele>
        <time>2026-08-08T12:28:22.891Z</time>
      </trkpt>
      <trkpt lat="50.196678" lon="6.284232">
        <ele>412.609759</ele>
        <time>2026-08-08T12:28:28.961Z</time>
      </trkpt>
      <trkpt lat="50.196598" lon="6.284260">
        <ele>412.630954</ele>
        <time>2026-08-08T12:28:30.922Z</time>
      </trkpt>
      <trkpt lat="50.196532" lon="6.284283">
        <ele>412.648436</ele>
        <time>2026-08-08T12:28:32.564Z</time>
      </trkpt>
      <trkpt lat="50.196545" lon="6.284166">
        <ele>412.668089</ele>
        <time>2026-08-08T12:28:34.429Z</time>
      </trkpt>
      <trkpt lat="50.196692" lon="6.283847">
        <ele>412.749689</ele>
        <time>2026-08-08T12:28:40.823Z</time>
      </trkpt>
      <trkpt lat="50.196545" lon="6.284166">
        <ele>412.879373</ele>
        <time>2026-08-08T12:28:47.083Z</time>
      </trkpt>
      <trkpt lat="50.196532" lon="6.284283">
        <ele>412.918553</ele>
        <time>2026-08-08T12:28:48.936Z</time>
      </trkpt>
      <trkpt lat="50.195923" lon="6.284507">
        <ele>413.241018</ele>
        <time>2026-08-08T12:29:03.387Z</time>
      </trkpt>
      <trkpt lat="50.195772" lon="6.284518">
        <ele>413.318929</ele>
        <time>2026-08-08T12:29:06.574Z</time>
      </trkpt>
      <trkpt lat="50.195731" lon="6.284622">
        <ele>413.359228</ele>
        <time>2026-08-08T12:29:08.102Z</time>
      </trkpt>
      <trkpt lat="50.195647" lon="6.284715">
        <ele>413.412293</ele>
        <time>2026-08-08T12:29:10.149Z</time>
      </trkpt>
      <trkpt lat="50.195400" lon="6.284913">
        <ele>413.555382</ele>
        <time>2026-08-08T12:29:15.388Z</time>
      </trkpt>
      <trkpt lat="50.195231" lon="6.285081">
        <ele>413.519958</ele>
        <time>2026-08-08T12:29:18.786Z</time>
      </trkpt>
      <trkpt lat="50.195202" lon="6.285201">
        <ele>413.174081</ele>
        <time>2026-08-08T12:29:20.127Z</time>
      </trkpt>
      <trkpt lat="50.195235" lon="6.285520">
        <ele>412.302716</ele>
        <time>2026-08-08T12:29:23.372Z</time>
      </trkpt>
      <trkpt lat="50.195203" lon="6.285637">
        <ele>411.959630</ele>
        <time>2026-08-08T12:29:24.607Z</time>
      </trkpt>
      <trkpt lat="50.195133" lon="6.285733">
        <ele>411.567259</ele>
        <time>2026-08-08T12:29:26.005Z</time>
      </trkpt>
      <trkpt lat="50.194934" lon="6.285898">
        <ele>410.618255</ele>
        <time>2026-08-08T12:29:29.404Z</time>
      </trkpt>
      <trkpt lat="50.194831" lon="6.285963">
        <ele>410.150325</ele>
        <time>2026-08-08T12:29:31.073Z</time>
      </trkpt>
      <trkpt lat="50.194501" lon="6.286291">
        <ele>408.502743</ele>
        <time>2026-08-08T12:29:36.905Z</time>
      </trkpt>
      <trkpt lat="50.194149" lon="6.286810">
        <ele>406.463831</ele>
        <time>2026-08-08T12:29:44.265Z</time>
      </trkpt>
      <trkpt lat="50.194035" lon="6.286983">
        <ele>405.919606</ele>
        <time>2026-08-08T12:29:46.782Z</time>
      </trkpt>
      <trkpt lat="50.193573" lon="6.287762">
        <ele>404.370782</ele>
        <time>2026-08-08T12:29:58.083Z</time>
      </trkpt>
      <trkpt lat="50.192959" lon="6.288983">
        <ele>402.106178</ele>
        <time>2026-08-08T12:30:16.142Z</time>
      </trkpt>
      <trkpt lat="50.192864" lon="6.289206">
        <ele>401.862614</ele>
        <time>2026-08-08T12:30:19.391Z</time>
      </trkpt>
      <trkpt lat="50.190470" lon="6.293876">
        <ele>398.291513</ele>
        <time>2026-08-08T12:31:34.398Z</time>
      </trkpt>
      <trkpt lat="50.190171" lon="6.294651">
        <ele>397.684689</ele>
        <time>2026-08-08T12:31:45.340Z</time>
      </trkpt>
      <trkpt lat="50.189991" lon="6.295279">
        <ele>397.223243</ele>
        <time>2026-08-08T12:31:53.733Z</time>
      </trkpt>
      <trkpt lat="50.189861" lon="6.295857">
        <ele>396.812384</ele>
        <time>2026-08-08T12:32:01.312Z</time>
      </trkpt>
      <trkpt lat="50.189780" lon="6.296478">
        <ele>396.604342</ele>
        <time>2026-08-08T12:32:09.331Z</time>
      </trkpt>
      <trkpt lat="50.189539" lon="6.299062">
        <ele>395.813830</ele>
        <time>2026-08-08T12:32:43.678Z</time>
      </trkpt>
      <trkpt lat="50.189416" lon="6.299825">
        <ele>395.507683</ele>
        <time>2026-08-08T12:32:53.877Z</time>
      </trkpt>
      <trkpt lat="50.189281" lon="6.300341">
        <ele>395.290793</ele>
        <time>2026-08-08T12:33:01.009Z</time>
      </trkpt>
      <trkpt lat="50.188387" lon="6.302937">
        <ele>393.849251</ele>
        <time>2026-08-08T12:33:37.906Z</time>
      </trkpt>
      <trkpt lat="50.187816" lon="6.304501">
        <ele>392.905768</ele>
        <time>2026-08-08T12:34:00.640Z</time>
      </trkpt>
      <trkpt lat="50.186546" lon="6.307315">
        <ele>390.894933</ele>
        <time>2026-08-08T12:34:44.126Z</time>
      </trkpt>
      <trkpt lat="50.186215" lon="6.308012">
        <ele>390.287218</ele>
        <time>2026-08-08T12:34:54.236Z</time>
      </trkpt>
      <trkpt lat="50.185944" lon="6.308477">
        <ele>389.889872</ele>
        <time>2026-08-08T12:35:01.681Z</time>
      </trkpt>
      <trkpt lat="50.185267" lon="6.309485">
        <ele>389.248239</ele>
        <time>2026-08-08T12:35:19.824Z</time>
      </trkpt>
      <trkpt lat="50.185121" lon="6.309702">
        <ele>389.109982</ele>
        <time>2026-08-08T12:35:24.050Z</time>
      </trkpt>
      <trkpt lat="50.183432" lon="6.312130">
        <ele>388.421168</ele>
        <time>2026-08-08T12:36:11.960Z</time>
      </trkpt>
      <trkpt lat="50.182606" lon="6.313291">
        <ele>388.017552</ele>
        <time>2026-08-08T12:36:34.345Z</time>
      </trkpt>
      <trkpt lat="50.182199" lon="6.313747">
        <ele>387.830353</ele>
        <time>2026-08-08T12:36:44.575Z</time>
      </trkpt>
      <trkpt lat="50.181337" lon="6.314529">
        <ele>387.400306</ele>
        <time>2026-08-08T12:37:05.119Z</time>
      </trkpt>
      <trkpt lat="50.180927" lon="6.314793">
        <ele>387.200624</ele>
        <time>2026-08-08T12:37:14.151Z</time>
      </trkpt>
      <trkpt lat="50.180379" lon="6.315037">
        <ele>386.944050</ele>
        <time>2026-08-08T12:37:25.504Z</time>
      </trkpt>
      <trkpt lat="50.178880" lon="6.315515">
        <ele>385.782659</ele>
        <time>2026-08-08T12:37:55.505Z</time>
      </trkpt>
      <trkpt lat="50.176012" lon="6.316420">
        <ele>384.203260</ele>
        <time>2026-08-08T12:38:54.219Z</time>
      </trkpt>
      <trkpt lat="50.175710" lon="6.316521">
        <ele>384.099624</ele>
        <time>2026-08-08T12:39:00.633Z</time>
      </trkpt>
      <trkpt lat="50.175447" lon="6.316609">
        <ele>384.009370</ele>
        <time>2026-08-08T12:39:06.275Z</time>
      </trkpt>
      <trkpt lat="50.175052" lon="6.316740">
        <ele>383.873009</ele>
        <time>2026-08-08T12:39:14.734Z</time>
      </trkpt>
      <trkpt lat="50.174427" lon="6.316867">
        <ele>383.588433</ele>
        <time>2026-08-08T12:39:27.859Z</time>
      </trkpt>
      <trkpt lat="50.172221" lon="6.317049">
        <ele>382.312227</ele>
        <time>2026-08-08T12:40:11.849Z</time>
      </trkpt>
      <trkpt lat="50.165626" lon="6.317592">
        <ele>376.921743</ele>
        <time>2026-08-08T12:42:21.578Z</time>
      </trkpt>
      <trkpt lat="50.164956" lon="6.317748">
        <ele>376.382170</ele>
        <time>2026-08-08T12:42:35.048Z</time>
      </trkpt>
      <trkpt lat="50.164574" lon="6.317941">
        <ele>376.062359</ele>
        <time>2026-08-08T12:42:42.999Z</time>
      </trkpt>
      <trkpt lat="50.164138" lon="6.318196">
        <ele>375.691061</ele>
        <time>2026-08-08T12:42:52.147Z</time>
      </trkpt>
      <trkpt lat="50.163489" lon="6.318811">
        <ele>375.084681</ele>
        <time>2026-08-08T12:43:06.893Z</time>
      </trkpt>
      <trkpt lat="50.163164" lon="6.319256">
        <ele>374.739402</ele>
        <time>2026-08-08T12:43:15.250Z</time>
      </trkpt>
      <trkpt lat="50.162843" lon="6.319758">
        <ele>374.410760</ele>
        <time>2026-08-08T12:43:24.315Z</time>
      </trkpt>
      <trkpt lat="50.162534" lon="6.320366">
        <ele>374.348734</ele>
        <time>2026-08-08T12:43:34.475Z</time>
      </trkpt>
      <trkpt lat="50.162438" lon="6.320605">
        <ele>374.326188</ele>
        <time>2026-08-08T12:43:38.229Z</time>
      </trkpt>
      <trkpt lat="50.162460" lon="6.320752">
        <ele>374.314124</ele>
        <time>2026-08-08T12:43:40.259Z</time>
      </trkpt>
      <trkpt lat="50.162420" lon="6.320870">
        <ele>374.303454</ele>
        <time>2026-08-08T12:43:42.051Z</time>
      </trkpt>
      <trkpt lat="50.161901" lon="6.322275">
        <ele>374.118084</ele>
        <time>2026-08-08T12:44:04.383Z</time>
      </trkpt>
      <trkpt lat="50.161664" lon="6.322770">
        <ele>373.922819</ele>
        <time>2026-08-08T12:44:12.526Z</time>
      </trkpt>
      <trkpt lat="50.161387" lon="6.323576">
        <ele>373.633808</ele>
        <time>2026-08-08T12:44:24.345Z</time>
      </trkpt>
      <trkpt lat="50.161163" lon="6.324142">
        <ele>373.423589</ele>
        <time>2026-08-08T12:44:32.813Z</time>
      </trkpt>
      <trkpt lat="50.160669" lon="6.325246">
        <ele>372.901841</ele>
        <time>2026-08-08T12:44:49.435Z</time>
      </trkpt>
      <trkpt lat="50.160421" lon="6.325856">
        <ele>372.602103</ele>
        <time>2026-08-08T12:44:58.302Z</time>
      </trkpt>
      <trkpt lat="50.160321" lon="6.325936">
        <ele>372.529333</ele>
        <time>2026-08-08T12:45:00.592Z</time>
      </trkpt>
      <trkpt lat="50.160193" lon="6.326251">
        <ele>372.374572</ele>
        <time>2026-08-08T12:45:05.536Z</time>
      </trkpt>
      <trkpt lat="50.160131" lon="6.326322">
        <ele>372.324774</ele>
        <time>2026-08-08T12:45:07.127Z</time>
      </trkpt>
      <trkpt lat="50.160084" lon="6.326366">
        <ele>372.289282</ele>
        <time>2026-08-08T12:45:08.288Z</time>
      </trkpt>
      <trkpt lat="50.159892" lon="6.326870">
        <ele>372.114404</ele>
        <time>2026-08-08T12:45:16.292Z</time>
      </trkpt>
      <trkpt lat="50.159837" lon="6.327160">
        <ele>372.079514</ele>
        <time>2026-08-08T12:45:20.435Z</time>
      </trkpt>
      <trkpt lat="50.159747" lon="6.327402">
        <ele>372.047234</ele>
        <time>2026-08-08T12:45:24.292Z</time>
      </trkpt>
      <trkpt lat="50.159509" lon="6.328332">
        <ele>371.931705</ele>
        <time>2026-08-08T12:45:38.128Z</time>
      </trkpt>
      <trkpt lat="50.159384" lon="6.329020">
        <ele>371.849207</ele>
        <time>2026-08-08T12:45:47.686Z</time>
      </trkpt>
      <trkpt lat="50.159319" lon="6.329534">
        <ele>371.594385</ele>
        <time>2026-08-08T12:45:54.089Z</time>
      </trkpt>
      <trkpt lat="50.159310" lon="6.330222">
        <ele>370.965896</ele>
        <time>2026-08-08T12:46:02.015Z</time>
      </trkpt>
      <trkpt lat="50.159329" lon="6.330662">
        <ele>370.563126</ele>
        <time>2026-08-08T12:46:06.997Z</time>
      </trkpt>
      <trkpt lat="50.159388" lon="6.331048">
        <ele>370.200693</ele>
        <time>2026-08-08T12:46:11.500Z</time>
      </trkpt>
      <trkpt lat="50.159491" lon="6.331497">
        <ele>369.765121</ele>
        <time>2026-08-08T12:46:16.984Z</time>
      </trkpt>
      <trkpt lat="50.159647" lon="6.331974">
        <ele>369.275992</ele>
        <time>2026-08-08T12:46:23.274Z</time>
      </trkpt>
      <trkpt lat="50.159971" lon="6.332702">
        <ele>370.205554</ele>
        <time>2026-08-08T12:46:34.499Z</time>
      </trkpt>
      <trkpt lat="50.160004" lon="6.332840">
        <ele>370.368567</ele>
        <time>2026-08-08T12:46:36.511Z</time>
      </trkpt>
      <trkpt lat="50.159936" lon="6.332824">
        <ele>370.487360</ele>
        <time>2026-08-08T12:46:38.011Z</time>
      </trkpt>
      <trkpt lat="50.159854" lon="6.332801">
        <ele>370.631278</ele>
        <time>2026-08-08T12:46:39.871Z</time>
      </trkpt>
      <trkpt lat="50.159408" lon="6.332568">
        <ele>371.443720</ele>
        <time>2026-08-08T12:46:50.929Z</time>
      </trkpt>
      <trkpt lat="50.159150" lon="6.332491">
        <ele>371.897472</ele>
        <time>2026-08-08T12:46:57.929Z</time>
      </trkpt>
      <trkpt lat="50.158876" lon="6.332450">
        <ele>372.377059</ele>
        <time>2026-08-08T12:47:05.242Z</time>
      </trkpt>
      <trkpt lat="50.158628" lon="6.332469">
        <ele>372.939380</ele>
        <time>2026-08-08T12:47:11.892Z</time>
      </trkpt>
      <trkpt lat="50.158411" lon="6.332530">
        <ele>373.438725</ele>
        <time>2026-08-08T12:47:17.622Z</time>
      </trkpt>
      <trkpt lat="50.158235" lon="6.332613">
        <ele>373.855107</ele>
        <time>2026-08-08T12:47:22.308Z</time>
      </trkpt>
      <trkpt lat="50.157707" lon="6.332925">
        <ele>375.133689</ele>
        <time>2026-08-08T12:47:35.913Z</time>
      </trkpt>
      <trkpt lat="50.157259" lon="6.333361">
        <ele>376.329339</ele>
        <time>2026-08-08T12:47:47.466Z</time>
      </trkpt>
      <trkpt lat="50.156495" lon="6.333687">
        <ele>375.687763</ele>
        <time>2026-08-08T12:48:00.858Z</time>
      </trkpt>
      <trkpt lat="50.155679" lon="6.333748">
        <ele>374.871695</ele>
        <time>2026-08-08T12:48:16.637Z</time>
      </trkpt>
      <trkpt lat="50.154859" lon="6.333729">
        <ele>374.307694</ele>
        <time>2026-08-08T12:48:34.657Z</time>
      </trkpt>
      <trkpt lat="50.154134" lon="6.333897">
        <ele>373.895521</ele>
        <time>2026-08-08T12:48:50.211Z</time>
      </trkpt>
      <trkpt lat="50.153665" lon="6.334176">
        <ele>373.562881</ele>
        <time>2026-08-08T12:48:59.473Z</time>
      </trkpt>
      <trkpt lat="50.152174" lon="6.335607">
        <ele>368.336547</ele>
        <time>2026-08-08T12:49:27.693Z</time>
      </trkpt>
      <trkpt lat="50.151516" lon="6.336159">
        <ele>366.991921</ele>
        <time>2026-08-08T12:49:40.354Z</time>
      </trkpt>
      <trkpt lat="50.150940" lon="6.336488">
        <ele>365.915680</ele>
        <time>2026-08-08T12:49:51.432Z</time>
      </trkpt>
      <trkpt lat="50.150596" lon="6.336784">
        <ele>365.226414</ele>
        <time>2026-08-08T12:49:59.285Z</time>
      </trkpt>
      <trkpt lat="50.150180" lon="6.337254">
        <ele>365.272646</ele>
        <time>2026-08-08T12:50:09.764Z</time>
      </trkpt>
      <trkpt lat="50.150113" lon="6.337330">
        <ele>365.305379</ele>
        <time>2026-08-08T12:50:11.547Z</time>
      </trkpt>
      <trkpt lat="50.149878" lon="6.337607">
        <ele>365.421760</ele>
        <time>2026-08-08T12:50:17.885Z</time>
      </trkpt>
      <trkpt lat="50.149440" lon="6.338221">
        <ele>365.654431</ele>
        <time>2026-08-08T12:50:31.051Z</time>
      </trkpt>
      <trkpt lat="50.148993" lon="6.338733">
        <ele>365.857498</ele>
        <time>2026-08-08T12:50:43.634Z</time>
      </trkpt>
      <trkpt lat="50.148061" lon="6.339297">
        <ele>366.153826</ele>
        <time>2026-08-08T12:51:05.661Z</time>
      </trkpt>
      <trkpt lat="50.147023" lon="6.339684">
        <ele>365.903162</ele>
        <time>2026-08-08T12:51:27.499Z</time>
      </trkpt>
      <trkpt lat="50.145466" lon="6.340163">
        <ele>364.246342</ele>
        <time>2026-08-08T12:51:57.242Z</time>
      </trkpt>
      <trkpt lat="50.144050" lon="6.341353">
        <ele>362.337093</ele>
        <time>2026-08-08T12:52:27.955Z</time>
      </trkpt>
      <trkpt lat="50.143831" lon="6.341587">
        <ele>362.137959</ele>
        <time>2026-08-08T12:52:33.040Z</time>
      </trkpt>
      <trkpt lat="50.143431" lon="6.342013">
        <ele>361.774624</ele>
        <time>2026-08-08T12:52:42.455Z</time>
      </trkpt>
      <trkpt lat="50.143389" lon="6.342135">
        <ele>361.708037</ele>
        <time>2026-08-08T12:52:44.213Z</time>
      </trkpt>
      <trkpt lat="50.142980" lon="6.342600">
        <ele>361.328373</ele>
        <time>2026-08-08T12:52:54.288Z</time>
      </trkpt>
      <trkpt lat="50.142199" lon="6.343353">
        <ele>361.208676</ele>
        <time>2026-08-08T12:53:13.014Z</time>
      </trkpt>
      <trkpt lat="50.142081" lon="6.343697">
        <ele>361.309887</ele>
        <time>2026-08-08T12:53:18.359Z</time>
      </trkpt>
      <trkpt lat="50.141967" lon="6.343871">
        <ele>361.374433</ele>
        <time>2026-08-08T12:53:21.823Z</time>
      </trkpt>
      <trkpt lat="50.141753" lon="6.343862">
        <ele>361.461081</ele>
        <time>2026-08-08T12:53:26.568Z</time>
      </trkpt>
      <trkpt lat="50.141576" lon="6.343809">
        <ele>361.534030</ele>
        <time>2026-08-08T12:53:30.627Z</time>
      </trkpt>
      <trkpt lat="50.141537" lon="6.343708">
        <ele>361.564617</ele>
        <time>2026-08-08T12:53:32.332Z</time>
      </trkpt>
      <trkpt lat="50.141514" lon="6.343499">
        <ele>361.619626</ele>
        <time>2026-08-08T12:53:35.409Z</time>
      </trkpt>
      <trkpt lat="50.141506" lon="6.343393">
        <ele>361.647312</ele>
        <time>2026-08-08T12:53:36.936Z</time>
      </trkpt>
      <trkpt lat="50.141401" lon="6.343416">
        <ele>361.690228</ele>
        <time>2026-08-08T12:53:39.325Z</time>
      </trkpt>
      <trkpt lat="50.141239" lon="6.343550">
        <ele>361.756975</ele>
        <time>2026-08-08T12:53:43.445Z</time>
      </trkpt>
      <trkpt lat="50.140999" lon="6.343638">
        <ele>361.829361</ele>
        <time>2026-08-08T12:53:49.010Z</time>
      </trkpt>
      <trkpt lat="50.140627" lon="6.343850">
        <ele>361.945641</ele>
        <time>2026-08-08T12:53:57.985Z</time>
      </trkpt>
      <trkpt lat="50.139688" lon="6.344601">
        <ele>362.255449</ele>
        <time>2026-08-08T12:54:20.461Z</time>
      </trkpt>
      <trkpt lat="50.139193" lon="6.344817">
        <ele>361.565552</ele>
        <time>2026-08-08T12:54:30.153Z</time>
      </trkpt>
      <trkpt lat="50.138869" lon="6.344899">
        <ele>361.087286</ele>
        <time>2026-08-08T12:54:36.096Z</time>
      </trkpt>
      <trkpt lat="50.138553" lon="6.344885">
        <ele>360.626663</ele>
        <time>2026-08-08T12:54:41.702Z</time>
      </trkpt>
      <trkpt lat="50.138215" lon="6.344828">
        <ele>360.131301</ele>
        <time>2026-08-08T12:54:47.679Z</time>
      </trkpt>
      <trkpt lat="50.137537" lon="6.344640">
        <ele>359.330873</ele>
        <time>2026-08-08T12:55:00.077Z</time>
      </trkpt>
      <trkpt lat="50.136953" lon="6.344291">
        <ele>358.777597</ele>
        <time>2026-08-08T12:55:12.033Z</time>
      </trkpt>
      <trkpt lat="50.135878" lon="6.343526">
        <ele>358.002062</ele>
        <time>2026-08-08T12:55:36.187Z</time>
      </trkpt>
      <trkpt lat="50.135559" lon="6.343342">
        <ele>357.954037</ele>
        <time>2026-08-08T12:55:43.463Z</time>
      </trkpt>
      <trkpt lat="50.135019" lon="6.343212">
        <ele>357.876883</ele>
        <time>2026-08-08T12:55:55.108Z</time>
      </trkpt>
      <trkpt lat="50.131119" lon="6.343247">
        <ele>356.750087</ele>
        <time>2026-08-08T12:57:15.014Z</time>
      </trkpt>
      <trkpt lat="50.130479" lon="6.343087">
        <ele>356.859791</ele>
        <time>2026-08-08T12:57:28.340Z</time>
      </trkpt>
      <trkpt lat="50.130570" lon="6.342926">
        <ele>356.922795</ele>
        <time>2026-08-08T12:57:31.295Z</time>
      </trkpt>
      <trkpt lat="50.130609" lon="6.342948">
        <ele>356.941785</ele>
        <time>2026-08-08T12:57:32.149Z</time>
      </trkpt>
      <trkpt lat="50.130570" lon="6.342926">
        <ele>356.960774</ele>
        <time>2026-08-08T12:57:33.060Z</time>
      </trkpt>
      <trkpt lat="50.130479" lon="6.343087">
        <ele>357.023778</ele>
        <time>2026-08-08T12:57:35.998Z</time>
      </trkpt>
      <trkpt lat="50.129659" lon="6.342895">
        <ele>357.403453</ele>
        <time>2026-08-08T12:57:54.459Z</time>
      </trkpt>
      <trkpt lat="50.128103" lon="6.342999">
        <ele>358.568740</ele>
        <time>2026-08-08T12:58:29.699Z</time>
      </trkpt>
      <trkpt lat="50.127341" lon="6.343368">
        <ele>358.805426</ele>
        <time>2026-08-08T12:58:46.631Z</time>
      </trkpt>
      <trkpt lat="50.126253" lon="6.344278">
        <ele>358.374839</ele>
        <time>2026-08-08T12:59:11.176Z</time>
      </trkpt>
      <trkpt lat="50.125422" lon="6.344735">
        <ele>358.270789</ele>
        <time>2026-08-08T12:59:29.819Z</time>
      </trkpt>
      <trkpt lat="50.124482" lon="6.345059">
        <ele>358.229722</ele>
        <time>2026-08-08T12:59:50.617Z</time>
      </trkpt>
      <trkpt lat="50.124067" lon="6.345373">
        <ele>357.901471</ele>
        <time>2026-08-08T12:59:59.926Z</time>
      </trkpt>
      <trkpt lat="50.122693" lon="6.346785">
        <ele>355.974368</ele>
        <time>2026-08-08T13:00:30.826Z</time>
      </trkpt>
      <trkpt lat="50.122054" lon="6.347045">
        <ele>354.747055</ele>
        <time>2026-08-08T13:00:42.754Z</time>
      </trkpt>
      <trkpt lat="50.121267" lon="6.347101">
        <ele>353.282910</ele>
        <time>2026-08-08T13:00:56.522Z</time>
      </trkpt>
      <trkpt lat="50.120504" lon="6.346695">
        <ele>352.306944</ele>
        <time>2026-08-08T13:01:10.547Z</time>
      </trkpt>
      <trkpt lat="50.119875" lon="6.346125">
        <ele>351.596960</ele>
        <time>2026-08-08T13:01:24.609Z</time>
      </trkpt>
      <trkpt lat="50.118990" lon="6.344922">
        <ele>351.394351</ele>
        <time>2026-08-08T13:01:50.106Z</time>
      </trkpt>
      <trkpt lat="50.118004" lon="6.343903">
        <ele>351.822892</ele>
        <time>2026-08-08T13:02:16.097Z</time>
      </trkpt>
      <trkpt lat="50.117337" lon="6.343448">
        <ele>351.888002</ele>
        <time>2026-08-08T13:02:31.655Z</time>
      </trkpt>
      <trkpt lat="50.116862" lon="6.343269">
        <ele>351.931706</ele>
        <time>2026-08-08T13:02:41.960Z</time>
      </trkpt>
      <trkpt lat="50.115646" lon="6.342594">
        <ele>352.428280</ele>
        <time>2026-08-08T13:03:08.700Z</time>
      </trkpt>
      <trkpt lat="50.114859" lon="6.342259">
        <ele>352.896012</ele>
        <time>2026-08-08T13:03:26.865Z</time>
      </trkpt>
      <trkpt lat="50.114458" lon="6.342009">
        <ele>353.541032</ele>
        <time>2026-08-08T13:03:36.867Z</time>
      </trkpt>
      <trkpt lat="50.114070" lon="6.341843">
        <ele>354.447453</ele>
        <time>2026-08-08T13:03:46.375Z</time>
      </trkpt>
      <trkpt lat="50.113141" lon="6.341502">
        <ele>356.597586</ele>
        <time>2026-08-08T13:04:09.391Z</time>
      </trkpt>
      <trkpt lat="50.112713" lon="6.341379">
        <ele>357.275094</ele>
        <time>2026-08-08T13:04:19.658Z</time>
      </trkpt>
      <trkpt lat="50.112248" lon="6.341371">
        <ele>357.709960</ele>
        <time>2026-08-08T13:04:30.185Z</time>
      </trkpt>
      <trkpt lat="50.111716" lon="6.341536">
        <ele>358.217198</ele>
        <time>2026-08-08T13:04:41.674Z</time>
      </trkpt>
      <trkpt lat="50.110982" lon="6.342250">
        <ele>359.012470</ele>
        <time>2026-08-08T13:05:00.394Z</time>
      </trkpt>
      <trkpt lat="50.110124" lon="6.343318">
        <ele>359.989513</ele>
        <time>2026-08-08T13:05:25.886Z</time>
      </trkpt>
      <trkpt lat="50.109571" lon="6.344317">
        <ele>359.242851</ele>
        <time>2026-08-08T13:05:43.842Z</time>
      </trkpt>
      <trkpt lat="50.109083" lon="6.345469">
        <ele>357.075532</ele>
        <time>2026-08-08T13:05:58.240Z</time>
      </trkpt>
      <trkpt lat="50.108456" lon="6.347417">
        <ele>353.201630</ele>
        <time>2026-08-08T13:06:20.243Z</time>
      </trkpt>
      <trkpt lat="50.107472" lon="6.349357">
        <ele>349.548571</ele>
        <time>2026-08-08T13:06:48.402Z</time>
      </trkpt>
      <trkpt lat="50.107402" lon="6.349595">
        <ele>349.288456</ele>
        <time>2026-08-08T13:06:51.367Z</time>
      </trkpt>
      <trkpt lat="50.107046" lon="6.351146">
        <ele>347.848688</ele>
        <time>2026-08-08T13:07:10.777Z</time>
      </trkpt>
      <trkpt lat="50.106627" lon="6.352395">
        <ele>347.654967</ele>
        <time>2026-08-08T13:07:29.337Z</time>
      </trkpt>
      <trkpt lat="50.106021" lon="6.353114">
        <ele>347.484118</ele>
        <time>2026-08-08T13:07:46.165Z</time>
      </trkpt>
      <trkpt lat="50.105356" lon="6.353742">
        <ele>346.900762</ele>
        <time>2026-08-08T13:08:02.261Z</time>
      </trkpt>
      <trkpt lat="50.104498" lon="6.354455">
        <ele>346.171248</ele>
        <time>2026-08-08T13:08:20.632Z</time>
      </trkpt>
      <trkpt lat="50.103896" lon="6.354671">
        <ele>345.449831</ele>
        <time>2026-08-08T13:08:31.760Z</time>
      </trkpt>
      <trkpt lat="50.102269" lon="6.354810">
        <ele>344.032514</ele>
        <time>2026-08-08T13:09:03.202Z</time>
      </trkpt>
      <trkpt lat="50.101742" lon="6.354729">
        <ele>344.073879</ele>
        <time>2026-08-08T13:09:14.302Z</time>
      </trkpt>
      <trkpt lat="50.101328" lon="6.354480">
        <ele>344.108541</ele>
        <time>2026-08-08T13:09:24.115Z</time>
      </trkpt>
      <trkpt lat="50.100944" lon="6.354128">
        <ele>344.140769</ele>
        <time>2026-08-08T13:09:34.205Z</time>
      </trkpt>
      <trkpt lat="50.100146" lon="6.353168">
        <ele>344.143446</ele>
        <time>2026-08-08T13:09:56.100Z</time>
      </trkpt>
      <trkpt lat="50.099595" lon="6.352730">
        <ele>344.145088</ele>
        <time>2026-08-08T13:10:08.371Z</time>
      </trkpt>
      <trkpt lat="50.099426" lon="6.352566">
        <ele>344.102491</ele>
        <time>2026-08-08T13:10:12.335Z</time>
      </trkpt>
      <trkpt lat="50.099165" lon="6.352488">
        <ele>343.915075</ele>
        <time>2026-08-08T13:10:17.610Z</time>
      </trkpt>
      <trkpt lat="50.098872" lon="6.352451">
        <ele>343.707767</ele>
        <time>2026-08-08T13:10:23.460Z</time>
      </trkpt>
      <trkpt lat="50.098592" lon="6.352436">
        <ele>343.510186</ele>
        <time>2026-08-08T13:10:29.228Z</time>
      </trkpt>
      <trkpt lat="50.098470" lon="6.352449">
        <ele>343.423948</ele>
        <time>2026-08-08T13:10:31.752Z</time>
      </trkpt>
      <trkpt lat="50.098291" lon="6.352467">
        <ele>343.297450</ele>
        <time>2026-08-08T13:10:35.532Z</time>
      </trkpt>
      <trkpt lat="50.097693" lon="6.352722">
        <ele>342.851100</ele>
        <time>2026-08-08T13:10:47.947Z</time>
      </trkpt>
      <trkpt lat="50.097308" lon="6.352979">
        <ele>342.394947</ele>
        <time>2026-08-08T13:10:55.138Z</time>
      </trkpt>
      <trkpt lat="50.096944" lon="6.353237">
        <ele>341.959437</ele>
        <time>2026-08-08T13:11:01.858Z</time>
      </trkpt>
      <trkpt lat="50.096744" lon="6.353516">
        <ele>341.667120</ele>
        <time>2026-08-08T13:11:06.771Z</time>
      </trkpt>
      <trkpt lat="50.096661" lon="6.353566">
        <ele>341.570204</ele>
        <time>2026-08-08T13:11:08.382Z</time>
      </trkpt>
      <trkpt lat="50.096328" lon="6.353936">
        <ele>341.124812</ele>
        <time>2026-08-08T13:11:16.563Z</time>
      </trkpt>
      <trkpt lat="50.096129" lon="6.354156">
        <ele>341.055803</ele>
        <time>2026-08-08T13:11:21.956Z</time>
      </trkpt>
      <trkpt lat="50.096019" lon="6.354393">
        <ele>341.533997</ele>
        <time>2026-08-08T13:11:26.435Z</time>
      </trkpt>
      <trkpt lat="50.095895" lon="6.354585">
        <ele>341.979368</ele>
        <time>2026-08-08T13:11:30.646Z</time>
      </trkpt>
      <trkpt lat="50.095491" lon="6.355019">
        <ele>343.229646</ele>
        <time>2026-08-08T13:11:42.942Z</time>
      </trkpt>
      <trkpt lat="50.095115" lon="6.355483">
        <ele>344.451685</ele>
        <time>2026-08-08T13:11:54.881Z</time>
      </trkpt>
      <trkpt lat="50.094813" lon="6.355872">
        <ele>345.449996</ele>
        <time>2026-08-08T13:12:04.177Z</time>
      </trkpt>
      <trkpt lat="50.094797" lon="6.355889">
        <ele>345.499338</ele>
        <time>2026-08-08T13:12:04.645Z</time>
      </trkpt>
      <trkpt lat="50.094031" lon="6.356677">
        <ele>347.277935</ele>
        <time>2026-08-08T13:12:26.309Z</time>
      </trkpt>
      <trkpt lat="50.093961" lon="6.356983">
        <ele>347.681721</ele>
        <time>2026-08-08T13:12:31.118Z</time>
      </trkpt>
      <trkpt lat="50.093831" lon="6.357879">
        <ele>348.823496</ele>
        <time>2026-08-08T13:12:44.723Z</time>
      </trkpt>
      <trkpt lat="50.093759" lon="6.358202">
        <ele>348.911635</ele>
        <time>2026-08-08T13:12:49.724Z</time>
      </trkpt>
      <trkpt lat="50.093580" lon="6.358696">
        <ele>348.711532</ele>
        <time>2026-08-08T13:12:57.894Z</time>
      </trkpt>
      <trkpt lat="50.093617" lon="6.358808">
        <ele>348.667099</ele>
        <time>2026-08-08T13:12:59.684Z</time>
      </trkpt>
      <trkpt lat="50.093500" lon="6.359090">
        <ele>348.548651</ele>
        <time>2026-08-08T13:13:04.178Z</time>
      </trkpt>
      <trkpt lat="50.093410" lon="6.359468">
        <ele>348.406445</ele>
        <time>2026-08-08T13:13:09.398Z</time>
      </trkpt>
      <trkpt lat="50.093290" lon="6.360281">
        <ele>348.112208</ele>
        <time>2026-08-08T13:13:19.139Z</time>
      </trkpt>
      <trkpt lat="50.093231" lon="6.361063">
        <ele>346.986057</ele>
        <time>2026-08-08T13:13:27.698Z</time>
      </trkpt>
      <trkpt lat="50.093193" lon="6.361616">
        <ele>345.767335</ele>
        <time>2026-08-08T13:13:33.574Z</time>
      </trkpt>
      <trkpt lat="50.093137" lon="6.361988">
        <ele>344.930028</ele>
        <time>2026-08-08T13:13:37.499Z</time>
      </trkpt>
      <trkpt lat="50.093117" lon="6.362336">
        <ele>344.164399</ele>
        <time>2026-08-08T13:13:41.025Z</time>
      </trkpt>
      <trkpt lat="50.093111" lon="6.362420">
        <ele>343.979192</ele>
        <time>2026-08-08T13:13:41.878Z</time>
      </trkpt>
      <trkpt lat="50.093105" lon="6.362547">
        <ele>343.700142</ele>
        <time>2026-08-08T13:13:43.155Z</time>
      </trkpt>
      <trkpt lat="50.093067" lon="6.362889">
        <ele>342.939557</ele>
        <time>2026-08-08T13:13:46.595Z</time>
      </trkpt>
      <trkpt lat="50.093014" lon="6.363137">
        <ele>342.366752</ele>
        <time>2026-08-08T13:13:49.184Z</time>
      </trkpt>
      <trkpt lat="50.092801" lon="6.363902">
        <ele>341.272074</ele>
        <time>2026-08-08T13:13:57.486Z</time>
      </trkpt>
      <trkpt lat="50.092458" lon="6.364899">
        <ele>340.175120</ele>
        <time>2026-08-08T13:14:09.638Z</time>
      </trkpt>
      <trkpt lat="50.092325" lon="6.365243">
        <ele>339.785675</ele>
        <time>2026-08-08T13:14:14.864Z</time>
      </trkpt>
      <trkpt lat="50.092300" lon="6.365459">
        <ele>339.572852</ele>
        <time>2026-08-08T13:14:17.953Z</time>
      </trkpt>
      <trkpt lat="50.092227" lon="6.365912">
        <ele>339.183622</ele>
        <time>2026-08-08T13:14:24.815Z</time>
      </trkpt>
      <trkpt lat="50.092218" lon="6.366023">
        <ele>339.528989</ele>
        <time>2026-08-08T13:14:26.503Z</time>
      </trkpt>
      <trkpt lat="50.092433" lon="6.366100">
        <ele>340.590424</ele>
        <time>2026-08-08T13:14:31.875Z</time>
      </trkpt>
      <trkpt lat="50.092564" lon="6.366310">
        <ele>341.494582</ele>
        <time>2026-08-08T13:14:36.649Z</time>
      </trkpt>
      <trkpt lat="50.092709" lon="6.366571">
        <ele>342.560340</ele>
        <time>2026-08-08T13:14:42.537Z</time>
      </trkpt>
      <trkpt lat="50.092840" lon="6.366890">
        <ele>343.729493</ele>
        <time>2026-08-08T13:14:49.222Z</time>
      </trkpt>
      <trkpt lat="50.092860" lon="6.366990">
        <ele>344.052827</ele>
        <time>2026-08-08T13:14:51.109Z</time>
      </trkpt>
      <trkpt lat="50.093064" lon="6.368211">
        <ele>347.995936</ele>
        <time>2026-08-08T13:15:14.621Z</time>
      </trkpt>
      <trkpt lat="50.093130" lon="6.369120">
        <ele>351.684054</ele>
        <time>2026-08-08T13:15:31.230Z</time>
      </trkpt>
      <trkpt lat="50.093080" lon="6.370130">
        <ele>355.768072</ele>
        <time>2026-08-08T13:15:49.248Z</time>
      </trkpt>
      <trkpt lat="50.092993" lon="6.370710">
        <ele>358.169467</ele>
        <time>2026-08-08T13:16:00.386Z</time>
      </trkpt>
      <trkpt lat="50.092878" lon="6.371240">
        <ele>360.933827</ele>
        <time>2026-08-08T13:16:11.236Z</time>
      </trkpt>
      <trkpt lat="50.092864" lon="6.371501">
        <ele>362.392826</ele>
        <time>2026-08-08T13:16:16.567Z</time>
      </trkpt>
      <trkpt lat="50.092962" lon="6.372342">
        <ele>367.154350</ele>
        <time>2026-08-08T13:16:35.096Z</time>
      </trkpt>
      <trkpt lat="50.092990" lon="6.373330">
        <ele>372.663457</ele>
        <time>2026-08-08T13:16:59.611Z</time>
      </trkpt>
      <trkpt lat="50.092947" lon="6.374002">
        <ele>375.142635</ele>
        <time>2026-08-08T13:17:13.686Z</time>
      </trkpt>
      <trkpt lat="50.092880" lon="6.374382">
        <ele>375.696007</ele>
        <time>2026-08-08T13:17:20.766Z</time>
      </trkpt>
      <trkpt lat="50.092911" lon="6.374549">
        <ele>375.940124</ele>
        <time>2026-08-08T13:17:23.649Z</time>
      </trkpt>
      <trkpt lat="50.092999" lon="6.374629">
        <ele>376.163098</ele>
        <time>2026-08-08T13:17:26.154Z</time>
      </trkpt>
      <trkpt lat="50.093057" lon="6.374637">
        <ele>376.290541</ele>
        <time>2026-08-08T13:17:27.620Z</time>
      </trkpt>
      <trkpt lat="50.093156" lon="6.374545">
        <ele>376.542813</ele>
        <time>2026-08-08T13:17:30.364Z</time>
      </trkpt>
      <trkpt lat="50.093207" lon="6.374423">
        <ele>376.747281</ele>
        <time>2026-08-08T13:17:32.551Z</time>
      </trkpt>
      <trkpt lat="50.093342" lon="6.373859">
        <ele>377.592559</ele>
        <time>2026-08-08T13:17:41.169Z</time>
      </trkpt>
      <trkpt lat="50.093429" lon="6.373280">
        <ele>378.427572</ele>
        <time>2026-08-08T13:17:47.677Z</time>
      </trkpt>
      <trkpt lat="50.093467" lon="6.372744">
        <ele>379.022255</ele>
        <time>2026-08-08T13:17:52.879Z</time>
      </trkpt>
      <trkpt lat="50.093477" lon="6.372104">
        <ele>379.649477</ele>
        <time>2026-08-08T13:17:59.455Z</time>
      </trkpt>
      <trkpt lat="50.093398" lon="6.371579">
        <ele>380.177803</ele>
        <time>2026-08-08T13:18:07.222Z</time>
      </trkpt>
      <trkpt lat="50.093399" lon="6.371388">
        <ele>380.364941</ele>
        <time>2026-08-08T13:18:10.240Z</time>
      </trkpt>
      <trkpt lat="50.093456" lon="6.371094">
        <ele>380.665852</ele>
        <time>2026-08-08T13:18:15.335Z</time>
      </trkpt>
      <trkpt lat="50.093475" lon="6.370998">
        <ele>380.764281</ele>
        <time>2026-08-08T13:18:17.043Z</time>
      </trkpt>
      <trkpt lat="50.093530" lon="6.370824">
        <ele>380.954326</ele>
        <time>2026-08-08T13:18:20.445Z</time>
      </trkpt>
      <trkpt lat="50.093840" lon="6.369945">
        <ele>385.169403</ele>
        <time>2026-08-08T13:18:39.618Z</time>
      </trkpt>
      <trkpt lat="50.093931" lon="6.369564">
        <ele>387.938102</ele>
        <time>2026-08-08T13:18:48.961Z</time>
      </trkpt>
      <trkpt lat="50.094046" lon="6.368606">
        <ele>394.575542</ele>
        <time>2026-08-08T13:19:14.553Z</time>
      </trkpt>
      <trkpt lat="50.094103" lon="6.368358">
        <ele>396.369598</ele>
        <time>2026-08-08T13:19:21.575Z</time>
      </trkpt>
      <trkpt lat="50.094321" lon="6.367712">
        <ele>401.424476</ele>
        <time>2026-08-08T13:19:40.789Z</time>
      </trkpt>
      <trkpt lat="50.094407" lon="6.367559">
        <ele>402.946152</ele>
        <time>2026-08-08T13:19:46.243Z</time>
      </trkpt>
      <trkpt lat="50.094629" lon="6.367274">
        <ele>406.299655</ele>
        <time>2026-08-08T13:19:58.441Z</time>
      </trkpt>
      <trkpt lat="50.094879" lon="6.367096">
        <ele>409.504453</ele>
        <time>2026-08-08T13:20:10.149Z</time>
      </trkpt>
      <trkpt lat="50.095577" lon="6.366843">
        <ele>417.860550</ele>
        <time>2026-08-08T13:20:38.930Z</time>
      </trkpt>
      <trkpt lat="50.096069" lon="6.366447">
        <ele>423.990792</ele>
        <time>2026-08-08T13:20:58.312Z</time>
      </trkpt>
      <trkpt lat="50.096198" lon="6.366380">
        <ele>425.395181</ele>
        <time>2026-08-08T13:21:02.826Z</time>
      </trkpt>
      <trkpt lat="50.096269" lon="6.366376">
        <ele>426.128986</ele>
        <time>2026-08-08T13:21:05.225Z</time>
      </trkpt>
      <trkpt lat="50.096424" lon="6.366436">
        <ele>427.778529</ele>
        <time>2026-08-08T13:21:10.625Z</time>
      </trkpt>
      <trkpt lat="50.096521" lon="6.366502">
        <ele>428.871675</ele>
        <time>2026-08-08T13:21:14.254Z</time>
      </trkpt>
      <trkpt lat="50.097166" lon="6.367183">
        <ele>436.917781</ele>
        <time>2026-08-08T13:21:43.365Z</time>
      </trkpt>
      <trkpt lat="50.097343" lon="6.367489">
        <ele>439.647732</ele>
        <time>2026-08-08T13:21:53.889Z</time>
      </trkpt>
      <trkpt lat="50.097418" lon="6.367758">
        <ele>441.368105</ele>
        <time>2026-08-08T13:22:01.274Z</time>
      </trkpt>
      <trkpt lat="50.097444" lon="6.367988">
        <ele>442.693333</ele>
        <time>2026-08-08T13:22:07.014Z</time>
      </trkpt>
      <trkpt lat="50.097348" lon="6.368678">
        <ele>446.699722</ele>
        <time>2026-08-08T13:22:23.734Z</time>
      </trkpt>
      <trkpt lat="50.097265" lon="6.369103">
        <ele>449.220643</ele>
        <time>2026-08-08T13:22:33.714Z</time>
      </trkpt>
      <trkpt lat="50.097209" lon="6.369540">
        <ele>451.749371</ele>
        <time>2026-08-08T13:22:43.091Z</time>
      </trkpt>
      <trkpt lat="50.097027" lon="6.371730">
        <ele>460.256385</ele>
        <time>2026-08-08T13:23:22.835Z</time>
      </trkpt>
      <trkpt lat="50.097047" lon="6.372454">
        <ele>462.382578</ele>
        <time>2026-08-08T13:23:34.664Z</time>
      </trkpt>
      <trkpt lat="50.097097" lon="6.372781">
        <ele>463.368877</ele>
        <time>2026-08-08T13:23:39.907Z</time>
      </trkpt>
      <trkpt lat="50.097177" lon="6.373128">
        <ele>464.276970</ele>
        <time>2026-08-08T13:23:45.527Z</time>
      </trkpt>
      <trkpt lat="50.097386" lon="6.373682">
        <ele>464.975096</ele>
        <time>2026-08-08T13:23:55.027Z</time>
      </trkpt>
      <trkpt lat="50.098113" lon="6.374886">
        <ele>466.771156</ele>
        <time>2026-08-08T13:24:19.063Z</time>
      </trkpt>
      <trkpt lat="50.098338" lon="6.375533">
        <ele>467.702016</ele>
        <time>2026-08-08T13:24:30.036Z</time>
      </trkpt>
      <trkpt lat="50.098731" lon="6.376912">
        <ele>469.956502</ele>
        <time>2026-08-08T13:24:53.150Z</time>
      </trkpt>
      <trkpt lat="50.099117" lon="6.379610">
        <ele>474.313437</ele>
        <time>2026-08-08T13:25:35.208Z</time>
      </trkpt>
      <trkpt lat="50.099508" lon="6.381234">
        <ele>477.182296</ele>
        <time>2026-08-08T13:26:01.818Z</time>
      </trkpt>
      <trkpt lat="50.099677" lon="6.381692">
        <ele>478.080718</ele>
        <time>2026-08-08T13:26:09.954Z</time>
      </trkpt>
      <trkpt lat="50.099770" lon="6.381846">
        <ele>478.440358</ele>
        <time>2026-08-08T13:26:13.211Z</time>
      </trkpt>
      <trkpt lat="50.100405" lon="6.382621">
        <ele>480.578071</ele>
        <time>2026-08-08T13:26:32.476Z</time>
      </trkpt>
      <trkpt lat="50.101400" lon="6.384122">
        <ele>483.788939</ele>
        <time>2026-08-08T13:27:05.538Z</time>
      </trkpt>
      <trkpt lat="50.102084" lon="6.385173">
        <ele>485.399036</ele>
        <time>2026-08-08T13:27:27.792Z</time>
      </trkpt>
      <trkpt lat="50.102169" lon="6.385354">
        <ele>485.554108</ele>
        <time>2026-08-08T13:27:31.060Z</time>
      </trkpt>
      <trkpt lat="50.102337" lon="6.385948">
        <ele>486.002874</ele>
        <time>2026-08-08T13:27:40.479Z</time>
      </trkpt>
      <trkpt lat="50.102715" lon="6.387503">
        <ele>486.495335</ele>
        <time>2026-08-08T13:28:03.904Z</time>
      </trkpt>
      <trkpt lat="50.102792" lon="6.387966">
        <ele>486.196534</ele>
        <time>2026-08-08T13:28:10.228Z</time>
      </trkpt>
      <trkpt lat="50.102900" lon="6.390145">
        <ele>484.598120</ele>
        <time>2026-08-08T13:28:35.903Z</time>
      </trkpt>
      <trkpt lat="50.103232" lon="6.392538">
        <ele>481.482806</ele>
        <time>2026-08-08T13:29:02.703Z</time>
      </trkpt>
      <trkpt lat="50.103284" lon="6.392793">
        <ele>481.529545</ele>
        <time>2026-08-08T13:29:06.025Z</time>
      </trkpt>
      <trkpt lat="50.103540" lon="6.393494">
        <ele>481.670448</ele>
        <time>2026-08-08T13:29:16.791Z</time>
      </trkpt>
      <trkpt lat="50.103625" lon="6.393737">
        <ele>481.718795</ele>
        <time>2026-08-08T13:29:20.689Z</time>
      </trkpt>
      <trkpt lat="50.103922" lon="6.394432">
        <ele>481.864670</ele>
        <time>2026-08-08T13:29:32.865Z</time>
      </trkpt>
      <trkpt lat="50.104206" lon="6.394979">
        <ele>481.991637</ele>
        <time>2026-08-08T13:29:43.148Z</time>
      </trkpt>
      <trkpt lat="50.104345" lon="6.395305">
        <ele>482.077848</ele>
        <time>2026-08-08T13:29:48.832Z</time>
      </trkpt>
      <trkpt lat="50.104579" lon="6.395991">
        <ele>482.248960</ele>
        <time>2026-08-08T13:29:59.893Z</time>
      </trkpt>
      <trkpt lat="50.105288" lon="6.398718">
        <ele>481.924742</ele>
        <time>2026-08-08T13:30:39.033Z</time>
      </trkpt>
      <trkpt lat="50.105383" lon="6.399313">
        <ele>481.632560</ele>
        <time>2026-08-08T13:30:46.220Z</time>
      </trkpt>
      <trkpt lat="50.105421" lon="6.399839">
        <ele>481.380325</ele>
        <time>2026-08-08T13:30:52.440Z</time>
      </trkpt>
      <trkpt lat="50.105452" lon="6.400649">
        <ele>481.968388</ele>
        <time>2026-08-08T13:31:02.213Z</time>
      </trkpt>
      <trkpt lat="50.105502" lon="6.400944">
        <ele>482.368723</ele>
        <time>2026-08-08T13:31:06.215Z</time>
      </trkpt>
      <trkpt lat="50.105885" lon="6.402118">
        <ele>484.096847</ele>
        <time>2026-08-08T13:31:26.008Z</time>
      </trkpt>
      <trkpt lat="50.106243" lon="6.403319">
        <ele>487.883949</ele>
        <time>2026-08-08T13:31:49.627Z</time>
      </trkpt>
      <trkpt lat="50.106431" lon="6.403829">
        <ele>490.409893</ele>
        <time>2026-08-08T13:32:01.101Z</time>
      </trkpt>
      <trkpt lat="50.107084" lon="6.404963">
        <ele>496.954053</ele>
        <time>2026-08-08T13:32:30.741Z</time>
      </trkpt>
      <trkpt lat="50.107180" lon="6.405085">
        <ele>497.978404</ele>
        <time>2026-08-08T13:32:34.566Z</time>
      </trkpt>
      <trkpt lat="50.107260" lon="6.405152">
        <ele>498.733225</ele>
        <time>2026-08-08T13:32:37.418Z</time>
      </trkpt>
      <trkpt lat="50.107413" lon="6.405192">
        <ele>500.022726</ele>
        <time>2026-08-08T13:32:42.314Z</time>
      </trkpt>
      <trkpt lat="50.107703" lon="6.405206">
        <ele>502.434384</ele>
        <time>2026-08-08T13:32:51.751Z</time>
      </trkpt>
      <trkpt lat="50.107912" lon="6.405292">
        <ele>504.231085</ele>
        <time>2026-08-08T13:32:58.864Z</time>
      </trkpt>
      <trkpt lat="50.108511" lon="6.406148">
        <ele>510.984808</ele>
        <time>2026-08-08T13:33:26.384Z</time>
      </trkpt>
      <trkpt lat="50.109219" lon="6.406790">
        <ele>516.802300</ele>
        <time>2026-08-08T13:33:53.002Z</time>
      </trkpt>
      <trkpt lat="50.109572" lon="6.407205">
        <ele>519.856770</ele>
        <time>2026-08-08T13:34:06.075Z</time>
      </trkpt>
      <trkpt lat="50.109680" lon="6.407583">
        <ele>521.690378</ele>
        <time>2026-08-08T13:34:13.568Z</time>
      </trkpt>
      <trkpt lat="50.109726" lon="6.407818">
        <ele>522.779079</ele>
        <time>2026-08-08T13:34:17.915Z</time>
      </trkpt>
      <trkpt lat="50.109811" lon="6.408705">
        <ele>526.496358</ele>
        <time>2026-08-08T13:34:33.302Z</time>
      </trkpt>
      <trkpt lat="50.109714" lon="6.409994">
        <ele>531.632247</ele>
        <time>2026-08-08T13:34:56.038Z</time>
      </trkpt>
      <trkpt lat="50.109698" lon="6.410741">
        <ele>534.589963</ele>
        <time>2026-08-08T13:35:10.789Z</time>
      </trkpt>
      <trkpt lat="50.109693" lon="6.410980">
        <ele>535.547024</ele>
        <time>2026-08-08T13:35:15.775Z</time>
      </trkpt>
      <trkpt lat="50.109608" lon="6.412437">
        <ele>542.069606</ele>
        <time>2026-08-08T13:35:45.915Z</time>
      </trkpt>
      <trkpt lat="50.109586" lon="6.412518">
        <ele>542.461780</ele>
        <time>2026-08-08T13:35:47.746Z</time>
      </trkpt>
      <trkpt lat="50.109270" lon="6.413097">
        <ele>545.851360</ele>
        <time>2026-08-08T13:36:02.716Z</time>
      </trkpt>
      <trkpt lat="50.109183" lon="6.413372">
        <ele>547.218465</ele>
        <time>2026-08-08T13:36:08.251Z</time>
      </trkpt>
      <trkpt lat="50.109073" lon="6.414151">
        <ele>548.398518</ele>
        <time>2026-08-08T13:36:21.305Z</time>
      </trkpt>
      <trkpt lat="50.108753" lon="6.415298">
        <ele>549.275839</ele>
        <time>2026-08-08T13:36:39.280Z</time>
      </trkpt>
      <trkpt lat="50.108666" lon="6.415537">
        <ele>549.468593</ele>
        <time>2026-08-08T13:36:42.669Z</time>
      </trkpt>
      <trkpt lat="50.108470" lon="6.415948">
        <ele>549.827828</ele>
        <time>2026-08-08T13:36:48.594Z</time>
      </trkpt>
      <trkpt lat="50.108261" lon="6.416406">
        <ele>549.495836</ele>
        <time>2026-08-08T13:36:54.881Z</time>
      </trkpt>
      <trkpt lat="50.108182" lon="6.416751">
        <ele>549.130955</ele>
        <time>2026-08-08T13:36:58.973Z</time>
      </trkpt>
      <trkpt lat="50.108077" lon="6.417574">
        <ele>548.295146</ele>
        <time>2026-08-08T13:37:08.237Z</time>
      </trkpt>
      <trkpt lat="50.108033" lon="6.418396">
        <ele>547.473549</ele>
        <time>2026-08-08T13:37:18.400Z</time>
      </trkpt>
      <trkpt lat="50.108030" lon="6.418904">
        <ele>547.026207</ele>
        <time>2026-08-08T13:37:24.936Z</time>
      </trkpt>
      <trkpt lat="50.108050" lon="6.419170">
        <ele>546.856633</ele>
        <time>2026-08-08T13:37:28.385Z</time>
      </trkpt>
      <trkpt lat="50.108296" lon="6.420662">
        <ele>545.881241</ele>
        <time>2026-08-08T13:37:47.968Z</time>
      </trkpt>
      <trkpt lat="50.108264" lon="6.421129">
        <ele>545.583873</ele>
        <time>2026-08-08T13:37:53.746Z</time>
      </trkpt>
      <trkpt lat="50.107980" lon="6.422443">
        <ele>543.709914</ele>
        <time>2026-08-08T13:38:09.655Z</time>
      </trkpt>
      <trkpt lat="50.107829" lon="6.423528">
        <ele>541.924688</ele>
        <time>2026-08-08T13:38:21.507Z</time>
      </trkpt>
      <trkpt lat="50.107754" lon="6.424923">
        <ele>539.425095</ele>
        <time>2026-08-08T13:38:36.060Z</time>
      </trkpt>
      <trkpt lat="50.107765" lon="6.425242">
        <ele>538.802227</ele>
        <time>2026-08-08T13:38:39.394Z</time>
      </trkpt>
      <trkpt lat="50.107888" lon="6.426428">
        <ele>536.459792</ele>
        <time>2026-08-08T13:38:51.946Z</time>
      </trkpt>
      <trkpt lat="50.108078" lon="6.428160">
        <ele>533.787684</ele>
        <time>2026-08-08T13:39:11.066Z</time>
      </trkpt>
      <trkpt lat="50.108098" lon="6.428255">
        <ele>533.655501</ele>
        <time>2026-08-08T13:39:12.201Z</time>
      </trkpt>
      <trkpt lat="50.108013" lon="6.428310">
        <ele>533.465801</ele>
        <time>2026-08-08T13:39:13.850Z</time>
      </trkpt>
      <trkpt lat="50.107950" lon="6.428313">
        <ele>533.335878</ele>
        <time>2026-08-08T13:39:14.979Z</time>
      </trkpt>
      <trkpt lat="50.107321" lon="6.428203">
        <ele>532.031183</ele>
        <time>2026-08-08T13:39:26.661Z</time>
      </trkpt>
      <trkpt lat="50.107249" lon="6.428228">
        <ele>531.879133</ele>
        <time>2026-08-08T13:39:28.054Z</time>
      </trkpt>
      <trkpt lat="50.106515" lon="6.429086">
        <ele>529.122479</ele>
        <time>2026-08-08T13:39:44.148Z</time>
      </trkpt>
      <trkpt lat="50.105828" lon="6.429898">
        <ele>526.429604</ele>
        <time>2026-08-08T13:39:57.784Z</time>
      </trkpt>
      <trkpt lat="50.105092" lon="6.430683">
        <ele>522.978829</ele>
        <time>2026-08-08T13:40:11.356Z</time>
      </trkpt>
      <trkpt lat="50.104136" lon="6.431610">
        <ele>519.040722</ele>
        <time>2026-08-08T13:40:28.924Z</time>
      </trkpt>
      <trkpt lat="50.103902" lon="6.431793">
        <ele>519.481564</ele>
        <time>2026-08-08T13:40:33.659Z</time>
      </trkpt>
      <trkpt lat="50.103686" lon="6.431915">
        <ele>519.868435</ele>
        <time>2026-08-08T13:40:38.322Z</time>
      </trkpt>
      <trkpt lat="50.103421" lon="6.431970">
        <ele>520.318623</ele>
        <time>2026-08-08T13:40:44.266Z</time>
      </trkpt>
      <trkpt lat="50.103495" lon="6.435620">
        <ele>526.874697</ele>
        <time>2026-08-08T13:41:46.799Z</time>
      </trkpt>
      <trkpt lat="50.103568" lon="6.435744">
        <ele>527.257931</ele>
        <time>2026-08-08T13:41:49.421Z</time>
      </trkpt>
      <trkpt lat="50.103462" lon="6.436135">
        <ele>528.224458</ele>
        <time>2026-08-08T13:41:55.728Z</time>
      </trkpt>
      <trkpt lat="50.103272" lon="6.437630">
        <ele>526.819036</ele>
        <time>2026-08-08T13:42:15.018Z</time>
      </trkpt>
      <trkpt lat="50.103176" lon="6.438473">
        <ele>525.976041</ele>
        <time>2026-08-08T13:42:24.157Z</time>
      </trkpt>
      <trkpt lat="50.103096" lon="6.439633">
        <ele>523.094951</ele>
        <time>2026-08-08T13:42:36.077Z</time>
      </trkpt>
      <trkpt lat="50.103064" lon="6.439992">
        <ele>521.858100</ele>
        <time>2026-08-08T13:42:39.660Z</time>
      </trkpt>
      <trkpt lat="50.102984" lon="6.440492">
        <ele>520.099577</ele>
        <time>2026-08-08T13:42:44.653Z</time>
      </trkpt>
      <trkpt lat="50.102741" lon="6.441371">
        <ele>516.833254</ele>
        <time>2026-08-08T13:42:53.610Z</time>
      </trkpt>
      <trkpt lat="50.102677" lon="6.441796">
        <ele>515.065048</ele>
        <time>2026-08-08T13:42:57.601Z</time>
      </trkpt>
      <trkpt lat="50.102647" lon="6.442250">
        <ele>512.804751</ele>
        <time>2026-08-08T13:43:01.695Z</time>
      </trkpt>
      <trkpt lat="50.102647" lon="6.443189">
        <ele>508.154432</ele>
        <time>2026-08-08T13:43:10.024Z</time>
      </trkpt>
      <trkpt lat="50.102661" lon="6.443499">
        <ele>506.615382</ele>
        <time>2026-08-08T13:43:12.797Z</time>
      </trkpt>
      <trkpt lat="50.102662" lon="6.444764">
        <ele>500.717013</ele>
        <time>2026-08-08T13:43:24.378Z</time>
      </trkpt>
      <trkpt lat="50.102670" lon="6.445380">
        <ele>498.314823</ele>
        <time>2026-08-08T13:43:30.086Z</time>
      </trkpt>
      <trkpt lat="50.102658" lon="6.445754">
        <ele>496.854826</ele>
        <time>2026-08-08T13:43:33.609Z</time>
      </trkpt>
      <trkpt lat="50.102581" lon="6.446309">
        <ele>494.640915</ele>
        <time>2026-08-08T13:43:39.053Z</time>
      </trkpt>
      <trkpt lat="50.102484" lon="6.446607">
        <ele>493.338003</ele>
        <time>2026-08-08T13:43:42.297Z</time>
      </trkpt>
      <trkpt lat="50.102390" lon="6.446797">
        <ele>492.402459</ele>
        <time>2026-08-08T13:43:44.602Z</time>
      </trkpt>
      <trkpt lat="50.101709" lon="6.448237">
        <ele>486.453056</ele>
        <time>2026-08-08T13:44:01.442Z</time>
      </trkpt>
      <trkpt lat="50.101506" lon="6.448816">
        <ele>484.342406</ele>
        <time>2026-08-08T13:44:07.929Z</time>
      </trkpt>
      <trkpt lat="50.101416" lon="6.449192">
        <ele>483.058683</ele>
        <time>2026-08-08T13:44:11.944Z</time>
      </trkpt>
      <trkpt lat="50.101354" lon="6.449594">
        <ele>481.861083</ele>
        <time>2026-08-08T13:44:16.175Z</time>
      </trkpt>
      <trkpt lat="50.101333" lon="6.450011">
        <ele>480.907975</ele>
        <time>2026-08-08T13:44:20.522Z</time>
      </trkpt>
      <trkpt lat="50.101356" lon="6.450355">
        <ele>480.119883</ele>
        <time>2026-08-08T13:44:24.169Z</time>
      </trkpt>
      <trkpt lat="50.101392" lon="6.450553">
        <ele>479.650942</ele>
        <time>2026-08-08T13:44:26.360Z</time>
      </trkpt>
      <trkpt lat="50.101456" lon="6.450801">
        <ele>479.041825</ele>
        <time>2026-08-08T13:44:29.224Z</time>
      </trkpt>
      <trkpt lat="50.101619" lon="6.451238">
        <ele>477.889952</ele>
        <time>2026-08-08T13:44:34.659Z</time>
      </trkpt>
      <trkpt lat="50.102259" lon="6.452354">
        <ele>473.082400</ele>
        <time>2026-08-08T13:44:49.664Z</time>
      </trkpt>
      <trkpt lat="50.102388" lon="6.452633">
        <ele>471.458232</ele>
        <time>2026-08-08T13:44:52.908Z</time>
      </trkpt>
      <trkpt lat="50.102455" lon="6.452883">
        <ele>470.178736</ele>
        <time>2026-08-08T13:44:55.425Z</time>
      </trkpt>
      <trkpt lat="50.102505" lon="6.453191">
        <ele>468.678394</ele>
        <time>2026-08-08T13:44:58.322Z</time>
      </trkpt>
      <trkpt lat="50.102535" lon="6.453577">
        <ele>466.842238</ele>
        <time>2026-08-08T13:45:01.815Z</time>
      </trkpt>
      <trkpt lat="50.102504" lon="6.454337">
        <ele>463.246011</ele>
        <time>2026-08-08T13:45:08.433Z</time>
      </trkpt>
      <trkpt lat="50.101900" lon="6.454442">
        <ele>457.948443</ele>
        <time>2026-08-08T13:45:16.686Z</time>
      </trkpt>
      <trkpt lat="50.101613" lon="6.454574">
        <ele>455.264037</ele>
        <time>2026-08-08T13:45:20.797Z</time>
      </trkpt>
      <trkpt lat="50.101480" lon="6.454137">
        <ele>452.480691</ele>
        <time>2026-08-08T13:45:25.059Z</time>
      </trkpt>
      <trkpt lat="50.101411" lon="6.453998">
        <ele>451.469291</ele>
        <time>2026-08-08T13:45:26.613Z</time>
      </trkpt>
      <trkpt lat="50.101339" lon="6.453896">
        <ele>450.596530</ele>
        <time>2026-08-08T13:45:27.961Z</time>
      </trkpt>
      <trkpt lat="50.101229" lon="6.453814">
        <ele>449.502701</ele>
        <time>2026-08-08T13:45:29.643Z</time>
      </trkpt>
      <trkpt lat="50.101122" lon="6.453777">
        <ele>448.519465</ele>
        <time>2026-08-08T13:45:31.173Z</time>
      </trkpt>
      <trkpt lat="50.100322" lon="6.453759">
        <ele>442.755401</ele>
        <time>2026-08-08T13:45:42.572Z</time>
      </trkpt>
      <trkpt lat="50.099941" lon="6.453634">
        <ele>440.238100</ele>
        <time>2026-08-08T13:45:48.156Z</time>
      </trkpt>
      <trkpt lat="50.099757" lon="6.453525">
        <ele>438.965461</ele>
        <time>2026-08-08T13:45:50.998Z</time>
      </trkpt>
      <trkpt lat="50.099582" lon="6.453387">
        <ele>437.697489</ele>
        <time>2026-08-08T13:45:53.853Z</time>
      </trkpt>
      <trkpt lat="50.099196" lon="6.452947">
        <ele>434.766914</ele>
        <time>2026-08-08T13:46:00.845Z</time>
      </trkpt>
      <trkpt lat="50.098805" lon="6.452379">
        <ele>434.624368</ele>
        <time>2026-08-08T13:46:09.215Z</time>
      </trkpt>
      <trkpt lat="50.098441" lon="6.451743">
        <ele>434.478539</ele>
        <time>2026-08-08T13:46:20.404Z</time>
      </trkpt>
      <trkpt lat="50.098350" lon="6.451582">
        <ele>434.441826</ele>
        <time>2026-08-08T13:46:23.603Z</time>
      </trkpt>
      <trkpt lat="50.098243" lon="6.451394">
        <ele>434.398825</ele>
        <time>2026-08-08T13:46:27.462Z</time>
      </trkpt>
      <trkpt lat="50.098134" lon="6.451282">
        <ele>434.364005</ele>
        <time>2026-08-08T13:46:30.669Z</time>
      </trkpt>
      <trkpt lat="50.098042" lon="6.451266">
        <ele>434.339315</ele>
        <time>2026-08-08T13:46:32.945Z</time>
      </trkpt>
      <trkpt lat="50.097934" lon="6.450670">
        <ele>435.409249</ele>
        <time>2026-08-08T13:46:46.736Z</time>
      </trkpt>
      <trkpt lat="50.097851" lon="6.449887">
        <ele>437.901219</ele>
        <time>2026-08-08T13:47:05.194Z</time>
      </trkpt>
      <trkpt lat="50.097812" lon="6.449803">
        <ele>438.226817</ele>
        <time>2026-08-08T13:47:07.610Z</time>
      </trkpt>
      <trkpt lat="50.097753" lon="6.449757">
        <ele>438.549726</ele>
        <time>2026-08-08T13:47:09.976Z</time>
      </trkpt>
      <trkpt lat="50.097658" lon="6.449787">
        <ele>439.024192</ele>
        <time>2026-08-08T13:47:13.523Z</time>
      </trkpt>
      <trkpt lat="50.097603" lon="6.449844">
        <ele>439.347480</ele>
        <time>2026-08-08T13:47:15.930Z</time>
      </trkpt>
      <trkpt lat="50.097555" lon="6.450005">
        <ele>439.904958</ele>
        <time>2026-08-08T13:47:20.010Z</time>
      </trkpt>
      <trkpt lat="50.097555" lon="6.450273">
        <ele>440.746486</ele>
        <time>2026-08-08T13:47:26.065Z</time>
      </trkpt>
      <trkpt lat="50.097512" lon="6.450560">
        <ele>441.671930</ele>
        <time>2026-08-08T13:47:32.614Z</time>
      </trkpt>
      <trkpt lat="50.097369" lon="6.450789">
        <ele>442.675439</ele>
        <time>2026-08-08T13:47:39.692Z</time>
      </trkpt>
      <trkpt lat="50.096736" lon="6.451046">
        <ele>447.035981</ele>
        <time>2026-08-08T13:48:02.540Z</time>
      </trkpt>
      <trkpt lat="50.096519" lon="6.451044">
        <ele>448.541101</ele>
        <time>2026-08-08T13:48:10.578Z</time>
      </trkpt>
      <trkpt lat="50.096274" lon="6.450870">
        <ele>450.408449</ele>
        <time>2026-08-08T13:48:21.196Z</time>
      </trkpt>
      <trkpt lat="50.096045" lon="6.450620">
        <ele>452.347545</ele>
        <time>2026-08-08T13:48:32.752Z</time>
      </trkpt>
      <trkpt lat="50.095872" lon="6.450355">
        <ele>454.029822</ele>
        <time>2026-08-08T13:48:43.111Z</time>
      </trkpt>
      <trkpt lat="50.095518" lon="6.449592">
        <ele>457.475012</ele>
        <time>2026-08-08T13:49:08.782Z</time>
      </trkpt>
      <trkpt lat="50.095482" lon="6.449539">
        <ele>457.721816</ele>
        <time>2026-08-08T13:49:10.802Z</time>
      </trkpt>
      <trkpt lat="50.095432" lon="6.449531">
        <ele>457.972333</ele>
        <time>2026-08-08T13:49:12.854Z</time>
      </trkpt>
      <trkpt lat="50.095083" lon="6.449612">
        <ele>459.730976</ele>
        <time>2026-08-08T13:49:26.715Z</time>
      </trkpt>
      <trkpt lat="50.095027" lon="6.449639">
        <ele>460.023135</ele>
        <time>2026-08-08T13:49:28.851Z</time>
      </trkpt>
      <trkpt lat="50.094984" lon="6.449713">
        <ele>460.342378</ele>
        <time>2026-08-08T13:49:31.204Z</time>
      </trkpt>
      <trkpt lat="50.094801" lon="6.450333">
        <ele>462.524542</ele>
        <time>2026-08-08T13:49:45.913Z</time>
      </trkpt>
      <trkpt lat="50.094713" lon="6.450886">
        <ele>464.346309</ele>
        <time>2026-08-08T13:49:58.383Z</time>
      </trkpt>
      <trkpt lat="50.094665" lon="6.450964">
        <ele>464.570948</ele>
        <time>2026-08-08T13:50:00.774Z</time>
      </trkpt>
      <trkpt lat="50.094610" lon="6.450987">
        <ele>464.631204</ele>
        <time>2026-08-08T13:50:02.753Z</time>
      </trkpt>
      <trkpt lat="50.094742" lon="6.451725">
        <ele>465.151291</ele>
        <time>2026-08-08T13:50:12.818Z</time>
      </trkpt>
      <trkpt lat="50.094585" lon="6.451796">
        <ele>465.324273</ele>
        <time>2026-08-08T13:50:18.478Z</time>
      </trkpt>
      <trkpt lat="50.093749" lon="6.451861">
        <ele>466.209998</ele>
        <time>2026-08-08T13:50:47.333Z</time>
      </trkpt>
      <trkpt lat="50.093659" lon="6.451933">
        <ele>466.317043</ele>
        <time>2026-08-08T13:50:50.725Z</time>
      </trkpt>
      <trkpt lat="50.093497" lon="6.452587">
        <ele>468.578800</ele>
        <time>2026-08-08T13:51:06.284Z</time>
      </trkpt>
      <trkpt lat="50.093429" lon="6.452661">
        <ele>469.112602</ele>
        <time>2026-08-08T13:51:09.236Z</time>
      </trkpt>
      <trkpt lat="50.092932" lon="6.453001">
        <ele>472.606125</ele>
        <time>2026-08-08T13:51:29.206Z</time>
      </trkpt>
      <trkpt lat="50.092772" lon="6.453213">
        <ele>473.957782</ele>
        <time>2026-08-08T13:51:37.409Z</time>
      </trkpt>
      <trkpt lat="50.092763" lon="6.453235">
        <ele>474.065527</ele>
        <time>2026-08-08T13:51:38.097Z</time>
      </trkpt>
      <trkpt lat="50.092615" lon="6.453568">
        <ele>475.738351</ele>
        <time>2026-08-08T13:51:48.692Z</time>
      </trkpt>
      <trkpt lat="50.092238" lon="6.453672">
        <ele>478.226053</ele>
        <time>2026-08-08T13:52:04.989Z</time>
      </trkpt>
      <trkpt lat="50.091733" lon="6.453703">
        <ele>481.892840</ele>
        <time>2026-08-08T13:52:26.717Z</time>
      </trkpt>
      <trkpt lat="50.091480" lon="6.453774">
        <ele>483.757954</ele>
        <time>2026-08-08T13:52:37.228Z</time>
      </trkpt>
      <trkpt lat="50.091248" lon="6.453943">
        <ele>485.615943</ele>
        <time>2026-08-08T13:52:47.371Z</time>
      </trkpt>
      <trkpt lat="50.091010" lon="6.454042">
        <ele>487.403147</ele>
        <time>2026-08-08T13:52:56.970Z</time>
      </trkpt>
      <trkpt lat="50.090799" lon="6.454068">
        <ele>488.938800</ele>
        <time>2026-08-08T13:53:05.069Z</time>
      </trkpt>
      <trkpt lat="50.090605" lon="6.454047">
        <ele>490.349726</ele>
        <time>2026-08-08T13:53:12.083Z</time>
      </trkpt>
      <trkpt lat="50.090466" lon="6.454100">
        <ele>491.122972</ele>
        <time>2026-08-08T13:53:15.810Z</time>
      </trkpt>
      <trkpt lat="50.090294" lon="6.454275">
        <ele>491.376979</ele>
        <time>2026-08-08T13:53:20.975Z</time>
      </trkpt>
      <trkpt lat="50.090212" lon="6.454420">
        <ele>491.530334</ele>
        <time>2026-08-08T13:53:23.961Z</time>
      </trkpt>
      <trkpt lat="50.090078" lon="6.454911">
        <ele>491.953675</ele>
        <time>2026-08-08T13:53:31.943Z</time>
      </trkpt>
      <trkpt lat="50.089985" lon="6.455068">
        <ele>492.123212</ele>
        <time>2026-08-08T13:53:35.063Z</time>
      </trkpt>
      <trkpt lat="50.089887" lon="6.455224">
        <ele>492.296436</ele>
        <time>2026-08-08T13:53:38.181Z</time>
      </trkpt>
      <trkpt lat="50.089625" lon="6.455503">
        <ele>492.688834</ele>
        <time>2026-08-08T13:53:45.105Z</time>
      </trkpt>
      <trkpt lat="50.088613" lon="6.456733">
        <ele>492.079491</ele>
        <time>2026-08-08T13:54:08.487Z</time>
      </trkpt>
      <trkpt lat="50.088478" lon="6.456942">
        <ele>491.789068</ele>
        <time>2026-08-08T13:54:11.794Z</time>
      </trkpt>
      <trkpt lat="50.088420" lon="6.457088">
        <ele>491.620906</ele>
        <time>2026-08-08T13:54:13.730Z</time>
      </trkpt>
      <trkpt lat="50.088206" lon="6.457605">
        <ele>491.018402</ele>
        <time>2026-08-08T13:54:21.690Z</time>
      </trkpt>
      <trkpt lat="50.087858" lon="6.458145">
        <ele>490.495266</ele>
        <time>2026-08-08T13:54:31.889Z</time>
      </trkpt>
      <trkpt lat="50.087158" lon="6.459505">
        <ele>490.174970</ele>
        <time>2026-08-08T13:54:57.496Z</time>
      </trkpt>
      <trkpt lat="50.086421" lon="6.460584">
        <ele>489.633309</ele>
        <time>2026-08-08T13:55:21.895Z</time>
      </trkpt>
      <trkpt lat="50.086193" lon="6.460835">
        <ele>489.416388</ele>
        <time>2026-08-08T13:55:28.232Z</time>
      </trkpt>
      <trkpt lat="50.086003" lon="6.460982">
        <ele>489.251548</ele>
        <time>2026-08-08T13:55:32.779Z</time>
      </trkpt>
      <trkpt lat="50.085816" lon="6.460998">
        <ele>489.106013</ele>
        <time>2026-08-08T13:55:36.702Z</time>
      </trkpt>
      <trkpt lat="50.085626" lon="6.460930">
        <ele>488.954522</ele>
        <time>2026-08-08T13:55:40.743Z</time>
      </trkpt>
      <trkpt lat="50.085445" lon="6.460773">
        <ele>488.793551</ele>
        <time>2026-08-08T13:55:44.959Z</time>
      </trkpt>
      <trkpt lat="50.085321" lon="6.460590">
        <ele>488.660843</ele>
        <time>2026-08-08T13:55:48.385Z</time>
      </trkpt>
      <trkpt lat="50.085178" lon="6.460440">
        <ele>488.331419</ele>
        <time>2026-08-08T13:55:51.829Z</time>
      </trkpt>
      <trkpt lat="50.085043" lon="6.460444">
        <ele>488.036483</ele>
        <time>2026-08-08T13:55:54.216Z</time>
      </trkpt>
      <trkpt lat="50.084066" lon="6.461211">
        <ele>485.646938</ele>
        <time>2026-08-08T13:56:13.195Z</time>
      </trkpt>
      <trkpt lat="50.081796" lon="6.462619">
        <ele>479.358355</ele>
        <time>2026-08-08T13:56:54.678Z</time>
      </trkpt>
      <trkpt lat="50.080529" lon="6.463444">
        <ele>474.634850</ele>
        <time>2026-08-08T13:57:16.614Z</time>
      </trkpt>
      <trkpt lat="50.080194" lon="6.463686">
        <ele>473.490372</ele>
        <time>2026-08-08T13:57:22.428Z</time>
      </trkpt>
      <trkpt lat="50.080125" lon="6.463985">
        <ele>472.951628</ele>
        <time>2026-08-08T13:57:25.637Z</time>
      </trkpt>
      <trkpt lat="50.080130" lon="6.464154">
        <ele>472.664781</ele>
        <time>2026-08-08T13:57:27.563Z</time>
      </trkpt>
      <trkpt lat="50.079999" lon="6.464534">
        <ele>471.933398</ele>
        <time>2026-08-08T13:57:32.502Z</time>
      </trkpt>
      <trkpt lat="50.079849" lon="6.464803">
        <ele>471.329166</ele>
        <time>2026-08-08T13:57:36.681Z</time>
      </trkpt>
      <trkpt lat="50.079447" lon="6.465844">
        <ele>469.269172</ele>
        <time>2026-08-08T13:57:52.387Z</time>
      </trkpt>
      <trkpt lat="50.079300" lon="6.466096">
        <ele>469.107459</ele>
        <time>2026-08-08T13:57:57.241Z</time>
      </trkpt>
      <trkpt lat="50.079404" lon="6.466923">
        <ele>468.962663</ele>
        <time>2026-08-08T13:58:15.926Z</time>
      </trkpt>
      <trkpt lat="50.079566" lon="6.467920">
        <ele>468.785955</ele>
        <time>2026-08-08T13:58:38.503Z</time>
      </trkpt>
      <trkpt lat="50.079714" lon="6.469487">
        <ele>467.380081</ele>
        <time>2026-08-08T13:59:13.076Z</time>
      </trkpt>
      <trkpt lat="50.078892" lon="6.470900">
        <ele>464.686684</ele>
        <time>2026-08-08T13:59:49.891Z</time>
      </trkpt>
      <trkpt lat="50.078799" lon="6.471204">
        <ele>463.891922</ele>
        <time>2026-08-08T13:59:56.184Z</time>
      </trkpt>
      <trkpt lat="50.078690" lon="6.471560">
        <ele>462.961067</ele>
        <time>2026-08-08T14:00:03.484Z</time>
      </trkpt>
      <trkpt lat="50.078704" lon="6.474492">
        <ele>456.316736</ele>
        <time>2026-08-08T14:00:57.447Z</time>
      </trkpt>
      <trkpt lat="50.078745" lon="6.475526">
        <ele>454.192224</ele>
        <time>2026-08-08T14:01:17.186Z</time>
      </trkpt>
      <trkpt lat="50.078807" lon="6.476379">
        <ele>452.431758</ele>
        <time>2026-08-08T14:01:33.814Z</time>
      </trkpt>
      <trkpt lat="50.078701" lon="6.476537">
        <ele>451.985928</ele>
        <time>2026-08-08T14:01:38.300Z</time>
      </trkpt>
      <trkpt lat="50.078222" lon="6.477049">
        <ele>450.228442</ele>
        <time>2026-08-08T14:01:56.044Z</time>
      </trkpt>
      <trkpt lat="50.077487" lon="6.477511">
        <ele>447.830469</ele>
        <time>2026-08-08T14:02:19.416Z</time>
      </trkpt>
      <trkpt lat="50.077185" lon="6.477760">
        <ele>446.795587</ele>
        <time>2026-08-08T14:02:29.374Z</time>
      </trkpt>
      <trkpt lat="50.076748" lon="6.478275">
        <ele>445.126030</ele>
        <time>2026-08-08T14:02:45.337Z</time>
      </trkpt>
      <trkpt lat="50.076729" lon="6.478312">
        <ele>445.033363</ele>
        <time>2026-08-08T14:02:46.242Z</time>
      </trkpt>
      <trkpt lat="50.076662" lon="6.478392">
        <ele>444.776156</ele>
        <time>2026-08-08T14:02:47.659Z</time>
      </trkpt>
      <trkpt lat="50.076479" lon="6.478520">
        <ele>444.164923</ele>
        <time>2026-08-08T14:02:51.032Z</time>
      </trkpt>
      <trkpt lat="50.076044" lon="6.478677">
        <ele>442.804320</ele>
        <time>2026-08-08T14:02:58.658Z</time>
      </trkpt>
      <trkpt lat="50.075370" lon="6.479013">
        <ele>440.897198</ele>
        <time>2026-08-08T14:03:11.442Z</time>
      </trkpt>
      <trkpt lat="50.075082" lon="6.479210">
        <ele>440.228930</ele>
        <time>2026-08-08T14:03:17.294Z</time>
      </trkpt>
      <trkpt lat="50.074953" lon="6.479335">
        <ele>439.906173</ele>
        <time>2026-08-08T14:03:20.114Z</time>
      </trkpt>
      <trkpt lat="50.074610" lon="6.479794">
        <ele>438.945539</ele>
        <time>2026-08-08T14:03:28.555Z</time>
      </trkpt>
      <trkpt lat="50.073776" lon="6.481017">
        <ele>436.298487</ele>
        <time>2026-08-08T14:03:49.365Z</time>
      </trkpt>
      <trkpt lat="50.073716" lon="6.481108">
        <ele>436.087156</ele>
        <time>2026-08-08T14:03:50.839Z</time>
      </trkpt>
      <trkpt lat="50.071578" lon="6.482819">
        <ele>429.836085</ele>
        <time>2026-08-08T14:04:33.092Z</time>
      </trkpt>
      <trkpt lat="50.069324" lon="6.484712">
        <ele>422.209965</ele>
        <time>2026-08-08T14:05:18.343Z</time>
      </trkpt>
      <trkpt lat="50.069377" lon="6.485030">
        <ele>421.023426</ele>
        <time>2026-08-08T14:05:21.596Z</time>
      </trkpt>
      <trkpt lat="50.069495" lon="6.485843">
        <ele>418.013157</ele>
        <time>2026-08-08T14:05:29.574Z</time>
      </trkpt>
      <trkpt lat="50.069528" lon="6.486591">
        <ele>415.305396</ele>
        <time>2026-08-08T14:05:36.511Z</time>
      </trkpt>
      <trkpt lat="50.069541" lon="6.487404">
        <ele>412.148712</ele>
        <time>2026-08-08T14:05:43.919Z</time>
      </trkpt>
      <trkpt lat="50.069491" lon="6.488149">
        <ele>408.677060</ele>
        <time>2026-08-08T14:05:50.715Z</time>
      </trkpt>
      <trkpt lat="50.069492" lon="6.488446">
        <ele>407.300544</ele>
        <time>2026-08-08T14:05:53.410Z</time>
      </trkpt>
      <trkpt lat="50.069579" lon="6.489293">
        <ele>403.325035</ele>
        <time>2026-08-08T14:06:01.256Z</time>
      </trkpt>
      <trkpt lat="50.069643" lon="6.490215">
        <ele>399.146759</ele>
        <time>2026-08-08T14:06:09.798Z</time>
      </trkpt>
      <trkpt lat="50.069644" lon="6.490684">
        <ele>397.203699</ele>
        <time>2026-08-08T14:06:14.126Z</time>
      </trkpt>
      <trkpt lat="50.069598" lon="6.491489">
        <ele>393.855422</ele>
        <time>2026-08-08T14:06:21.587Z</time>
      </trkpt>
      <trkpt lat="50.069578" lon="6.491851">
        <ele>392.350123</ele>
        <time>2026-08-08T14:06:24.981Z</time>
      </trkpt>
      <trkpt lat="50.069483" lon="6.492496">
        <ele>389.608454</ele>
        <time>2026-08-08T14:06:31.216Z</time>
      </trkpt>
      <trkpt lat="50.069284" lon="6.493059">
        <ele>386.842232</ele>
        <time>2026-08-08T14:06:37.289Z</time>
      </trkpt>
      <trkpt lat="50.069166" lon="6.493474">
        <ele>384.840236</ele>
        <time>2026-08-08T14:06:41.594Z</time>
      </trkpt>
      <trkpt lat="50.068766" lon="6.495719">
        <ele>373.711265</ele>
        <time>2026-08-08T14:07:03.038Z</time>
      </trkpt>
      <trkpt lat="50.068406" lon="6.497493">
        <ele>361.194269</ele>
        <time>2026-08-08T14:07:19.016Z</time>
      </trkpt>
      <trkpt lat="50.068317" lon="6.497782">
        <ele>359.037792</ele>
        <time>2026-08-08T14:07:21.738Z</time>
      </trkpt>
      <trkpt lat="50.068187" lon="6.498076">
        <ele>356.667945</ele>
        <time>2026-08-08T14:07:24.786Z</time>
      </trkpt>
      <trkpt lat="50.068015" lon="6.498353">
        <ele>354.193744</ele>
        <time>2026-08-08T14:07:28.109Z</time>
      </trkpt>
      <trkpt lat="50.067885" lon="6.498481">
        <ele>352.655627</ele>
        <time>2026-08-08T14:07:30.182Z</time>
      </trkpt>
      <trkpt lat="50.067557" lon="6.498677">
        <ele>349.142053</ele>
        <time>2026-08-08T14:07:34.943Z</time>
      </trkpt>
      <trkpt lat="50.067338" lon="6.498749">
        <ele>346.903455</ele>
        <time>2026-08-08T14:07:38.001Z</time>
      </trkpt>
      <trkpt lat="50.066692" lon="6.498877">
        <ele>340.390355</ele>
        <time>2026-08-08T14:07:46.973Z</time>
      </trkpt>
      <trkpt lat="50.066553" lon="6.498955">
        <ele>338.978868</ele>
        <time>2026-08-08T14:07:49.009Z</time>
      </trkpt>
      <trkpt lat="50.066191" lon="6.499200">
        <ele>335.635077</ele>
        <time>2026-08-08T14:07:54.443Z</time>
      </trkpt>
      <trkpt lat="50.065243" lon="6.499665">
        <ele>327.214875</ele>
        <time>2026-08-08T14:08:08.060Z</time>
      </trkpt>
      <trkpt lat="50.065469" lon="6.500022">
        <ele>324.488091</ele>
        <time>2026-08-08T14:08:12.681Z</time>
      </trkpt>
      <trkpt lat="50.065688" lon="6.500373">
        <ele>323.442507</ele>
        <time>2026-08-08T14:08:17.306Z</time>
      </trkpt>
      <trkpt lat="50.065858" lon="6.500644">
        <ele>322.842030</ele>
        <time>2026-08-08T14:08:20.996Z</time>
      </trkpt>
      <trkpt lat="50.066020" lon="6.500860">
        <ele>322.315610</ele>
        <time>2026-08-08T14:08:24.312Z</time>
      </trkpt>
      <trkpt lat="50.065953" lon="6.500959">
        <ele>322.087635</ele>
        <time>2026-08-08T14:08:25.831Z</time>
      </trkpt>
      <trkpt lat="50.065856" lon="6.501032">
        <ele>321.821687</ele>
        <time>2026-08-08T14:08:27.635Z</time>
      </trkpt>
      <trkpt lat="50.065521" lon="6.501009">
        <ele>320.993851</ele>
        <time>2026-08-08T14:08:34.015Z</time>
      </trkpt>
      <trkpt lat="50.065275" lon="6.501087">
        <ele>320.374085</ele>
        <time>2026-08-08T14:08:39.349Z</time>
      </trkpt>
      <trkpt lat="50.064979" lon="6.501340">
        <ele>319.889412</ele>
        <time>2026-08-08T14:08:46.952Z</time>
      </trkpt>
      <trkpt lat="50.064890" lon="6.501410">
        <ele>320.323428</ele>
        <time>2026-08-08T14:08:49.228Z</time>
      </trkpt>
      <trkpt lat="50.064782" lon="6.501465">
        <ele>320.818061</ele>
        <time>2026-08-08T14:08:51.835Z</time>
      </trkpt>
      <trkpt lat="50.064555" lon="6.501495">
        <ele>321.809793</ele>
        <time>2026-08-08T14:08:57.155Z</time>
      </trkpt>
      <trkpt lat="50.064228" lon="6.501437">
        <ele>323.242495</ele>
        <time>2026-08-08T14:09:05.489Z</time>
      </trkpt>
      <trkpt lat="50.064168" lon="6.501580">
        <ele>323.719893</ele>
        <time>2026-08-08T14:09:08.246Z</time>
      </trkpt>
      <trkpt lat="50.064132" lon="6.501895">
        <ele>324.613991</ele>
        <time>2026-08-08T14:09:13.758Z</time>
      </trkpt>
      <trkpt lat="50.064283" lon="6.502387">
        <ele>326.137925</ele>
        <time>2026-08-08T14:09:23.547Z</time>
      </trkpt>
      <trkpt lat="50.064312" lon="6.502670">
        <ele>326.938769</ele>
        <time>2026-08-08T14:09:28.961Z</time>
      </trkpt>
      <trkpt lat="50.064283" lon="6.502808">
        <ele>327.344542</ele>
        <time>2026-08-08T14:09:31.970Z</time>
      </trkpt>
      <trkpt lat="50.064243" lon="6.502790">
        <ele>327.559054</ele>
        <time>2026-08-08T14:09:33.164Z</time>
      </trkpt>
      <trkpt lat="50.064065" lon="6.502687">
        <ele>329.331168</ele>
        <time>2026-08-08T14:09:39.276Z</time>
      </trkpt>
      <trkpt lat="50.063977" lon="6.502661">
        <ele>330.167081</ele>
        <time>2026-08-08T14:09:42.314Z</time>
      </trkpt>
      <trkpt lat="50.063918" lon="6.502680">
        <ele>330.729350</ele>
        <time>2026-08-08T14:09:44.217Z</time>
      </trkpt>
      <trkpt lat="50.063382" lon="6.503008">
        <ele>336.103766</ele>
        <time>2026-08-08T14:10:03.539Z</time>
      </trkpt>
      <trkpt lat="50.063115" lon="6.503280">
        <ele>339.081114</ele>
        <time>2026-08-08T14:10:14.797Z</time>
      </trkpt>
      <trkpt lat="50.062732" lon="6.503706">
        <ele>343.473155</ele>
        <time>2026-08-08T14:10:33.061Z</time>
      </trkpt>
      <trkpt lat="50.062124" lon="6.504670">
        <ele>352.730821</ele>
        <time>2026-08-08T14:11:06.277Z</time>
      </trkpt>
      <trkpt lat="50.061699" lon="6.505202">
        <ele>358.630005</ele>
        <time>2026-08-08T14:11:26.662Z</time>
      </trkpt>
      <trkpt lat="50.061375" lon="6.505414">
        <ele>362.432356</ele>
        <time>2026-08-08T14:11:39.260Z</time>
      </trkpt>
      <trkpt lat="50.060403" lon="6.505756">
        <ele>374.690820</ele>
        <time>2026-08-08T14:12:17.865Z</time>
      </trkpt>
      <trkpt lat="50.060039" lon="6.505988">
        <ele>379.609683</ele>
        <time>2026-08-08T14:12:35.314Z</time>
      </trkpt>
      <trkpt lat="50.059816" lon="6.506169">
        <ele>382.754643</ele>
        <time>2026-08-08T14:12:46.685Z</time>
      </trkpt>
      <trkpt lat="50.059741" lon="6.506260">
        <ele>383.943652</ele>
        <time>2026-08-08T14:12:50.959Z</time>
      </trkpt>
      <trkpt lat="50.059701" lon="6.506355">
        <ele>384.855853</ele>
        <time>2026-08-08T14:12:54.347Z</time>
      </trkpt>
      <trkpt lat="50.059579" lon="6.506808">
        <ele>388.525169</ele>
        <time>2026-08-08T14:13:08.859Z</time>
      </trkpt>
      <trkpt lat="50.059538" lon="6.507168">
        <ele>391.145564</ele>
        <time>2026-08-08T14:13:19.623Z</time>
      </trkpt>
      <trkpt lat="50.059482" lon="6.508819">
        <ele>402.994754</ele>
        <time>2026-08-08T14:14:00.998Z</time>
      </trkpt>
      <trkpt lat="50.059486" lon="6.508879">
        <ele>403.427085</ele>
        <time>2026-08-08T14:14:02.244Z</time>
      </trkpt>
      <trkpt lat="50.059537" lon="6.508906">
        <ele>404.028418</ele>
        <time>2026-08-08T14:14:03.960Z</time>
      </trkpt>
      <trkpt lat="50.059528" lon="6.508959">
        <ele>404.421331</ele>
        <time>2026-08-08T14:14:05.099Z</time>
      </trkpt>
      <trkpt lat="50.059483" lon="6.509269">
        <ele>406.473676</ele>
        <time>2026-08-08T14:14:11.466Z</time>
      </trkpt>
      <trkpt lat="50.059484" lon="6.509607">
        <ele>407.460172</ele>
        <time>2026-08-08T14:14:17.949Z</time>
      </trkpt>
      <trkpt lat="50.059498" lon="6.509882">
        <ele>408.265306</ele>
        <time>2026-08-08T14:14:23.075Z</time>
      </trkpt>
      <trkpt lat="50.059595" lon="6.514818">
        <ele>419.262637</ele>
        <time>2026-08-08T14:15:40.925Z</time>
      </trkpt>
      <trkpt lat="50.059634" lon="6.515523">
        <ele>417.753040</ele>
        <time>2026-08-08T14:15:49.293Z</time>
      </trkpt>
      <trkpt lat="50.059679" lon="6.515769">
        <ele>417.207343</ele>
        <time>2026-08-08T14:15:52.063Z</time>
      </trkpt>
      <trkpt lat="50.059789" lon="6.516123">
        <ele>416.368321</ele>
        <time>2026-08-08T14:15:56.125Z</time>
      </trkpt>
      <trkpt lat="50.060374" lon="6.517309">
        <ele>413.078118</ele>
        <time>2026-08-08T14:16:10.443Z</time>
      </trkpt>
      <trkpt lat="50.060437" lon="6.517646">
        <ele>411.665329</ele>
        <time>2026-08-08T14:16:13.756Z</time>
      </trkpt>
      <trkpt lat="50.060406" lon="6.517878">
        <ele>410.711500</ele>
        <time>2026-08-08T14:16:15.978Z</time>
      </trkpt>
      <trkpt lat="50.060383" lon="6.517940">
        <ele>410.423277</ele>
        <time>2026-08-08T14:16:16.633Z</time>
      </trkpt>
      <trkpt lat="50.060304" lon="6.518101">
        <ele>409.607627</ele>
        <time>2026-08-08T14:16:18.518Z</time>
      </trkpt>
      <trkpt lat="50.059867" lon="6.518731">
        <ele>405.874351</ele>
        <time>2026-08-08T14:16:27.060Z</time>
      </trkpt>
      <trkpt lat="50.059537" lon="6.519183">
        <ele>403.119186</ele>
        <time>2026-08-08T14:16:33.392Z</time>
      </trkpt>
      <trkpt lat="50.059374" lon="6.519310">
        <ele>401.990959</ele>
        <time>2026-08-08T14:16:36.062Z</time>
      </trkpt>
      <trkpt lat="50.059183" lon="6.519406">
        <ele>401.235633</ele>
        <time>2026-08-08T14:16:39.034Z</time>
      </trkpt>
      <trkpt lat="50.058926" lon="6.519572">
        <ele>400.188549</ele>
        <time>2026-08-08T14:16:43.221Z</time>
      </trkpt>
      <trkpt lat="50.058763" lon="6.519772">
        <ele>399.407628</ele>
        <time>2026-08-08T14:16:46.396Z</time>
      </trkpt>
      <trkpt lat="50.058707" lon="6.519899">
        <ele>399.035367</ele>
        <time>2026-08-08T14:16:47.924Z</time>
      </trkpt>
      <trkpt lat="50.058596" lon="6.520396">
        <ele>397.763936</ele>
        <time>2026-08-08T14:16:53.304Z</time>
      </trkpt>
      <trkpt lat="50.058593" lon="6.520508">
        <ele>397.493087</ele>
        <time>2026-08-08T14:16:54.467Z</time>
      </trkpt>
      <trkpt lat="50.058638" lon="6.520679">
        <ele>397.046557</ele>
        <time>2026-08-08T14:16:56.396Z</time>
      </trkpt>
      <trkpt lat="50.058899" lon="6.521219">
        <ele>395.413401</ele>
        <time>2026-08-08T14:17:03.744Z</time>
      </trkpt>
      <trkpt lat="50.059072" lon="6.521613">
        <ele>395.900878</ele>
        <time>2026-08-08T14:17:09.597Z</time>
      </trkpt>
      <trkpt lat="50.059276" lon="6.522199">
        <ele>396.977577</ele>
        <time>2026-08-08T14:17:18.916Z</time>
      </trkpt>
      <trkpt lat="50.059402" lon="6.522488">
        <ele>397.541830</ele>
        <time>2026-08-08T14:17:24.073Z</time>
      </trkpt>
      <trkpt lat="50.059519" lon="6.522688">
        <ele>397.978865</ele>
        <time>2026-08-08T14:17:28.256Z</time>
      </trkpt>
      <trkpt lat="50.059776" lon="6.522996">
        <ele>398.794677</ele>
        <time>2026-08-08T14:17:36.564Z</time>
      </trkpt>
      <trkpt lat="50.059865" lon="6.523151">
        <ele>399.130553</ele>
        <time>2026-08-08T14:17:40.185Z</time>
      </trkpt>
      <trkpt lat="50.060077" lon="6.523751">
        <ele>401.294172</ele>
        <time>2026-08-08T14:17:53.403Z</time>
      </trkpt>
      <trkpt lat="50.060195" lon="6.524141">
        <ele>403.563723</ele>
        <time>2026-08-08T14:18:02.579Z</time>
      </trkpt>
      <trkpt lat="50.060255" lon="6.524341">
        <ele>404.725807</ele>
        <time>2026-08-08T14:18:07.261Z</time>
      </trkpt>
      <trkpt lat="50.060317" lon="6.524556">
        <ele>405.966506</ele>
        <time>2026-08-08T14:18:12.285Z</time>
      </trkpt>
      <trkpt lat="50.060468" lon="6.525069">
        <ele>408.937253</ele>
        <time>2026-08-08T14:18:24.251Z</time>
      </trkpt>
      <trkpt lat="50.060581" lon="6.525463">
        <ele>411.208824</ele>
        <time>2026-08-08T14:18:33.561Z</time>
      </trkpt>
      <trkpt lat="50.060744" lon="6.526028">
        <ele>414.469479</ele>
        <time>2026-08-08T14:18:46.732Z</time>
      </trkpt>
      <trkpt lat="50.060886" lon="6.526745">
        <ele>418.727490</ele>
        <time>2026-08-08T14:19:03.011Z</time>
      </trkpt>
      <trkpt lat="50.060924" lon="6.527153">
        <ele>421.069081</ele>
        <time>2026-08-08T14:19:12.018Z</time>
      </trkpt>
      <trkpt lat="50.060913" lon="6.527899">
        <ele>425.307275</ele>
        <time>2026-08-08T14:19:28.584Z</time>
      </trkpt>
      <trkpt lat="50.060721" lon="6.529486">
        <ele>433.173514</ele>
        <time>2026-08-08T14:20:03.481Z</time>
      </trkpt>
      <trkpt lat="50.060417" lon="6.531683">
        <ele>441.480542</ele>
        <time>2026-08-08T14:20:42.526Z</time>
      </trkpt>
      <trkpt lat="50.060287" lon="6.532609">
        <ele>443.092830</ele>
        <time>2026-08-08T14:20:57.092Z</time>
      </trkpt>
      <trkpt lat="50.060260" lon="6.532985">
        <ele>443.736372</ele>
        <time>2026-08-08T14:21:02.792Z</time>
      </trkpt>
      <trkpt lat="50.060260" lon="6.533441">
        <ele>444.512000</ele>
        <time>2026-08-08T14:21:09.599Z</time>
      </trkpt>
      <trkpt lat="50.060256" lon="6.533962">
        <ele>445.398253</ele>
        <time>2026-08-08T14:21:17.365Z</time>
      </trkpt>
      <trkpt lat="50.060190" lon="6.534822">
        <ele>446.566397</ele>
        <time>2026-08-08T14:21:30.488Z</time>
      </trkpt>
      <trkpt lat="50.059805" lon="6.537466">
        <ele>448.959983</ele>
        <time>2026-08-08T14:22:10.873Z</time>
      </trkpt>
      <trkpt lat="50.059722" lon="6.537770">
        <ele>448.840308</ele>
        <time>2026-08-08T14:22:15.407Z</time>
      </trkpt>
      <trkpt lat="50.059666" lon="6.538091">
        <ele>448.719803</ele>
        <time>2026-08-08T14:22:19.824Z</time>
      </trkpt>
      <trkpt lat="50.059114" lon="6.537901">
        <ele>448.400799</ele>
        <time>2026-08-08T14:22:31.088Z</time>
      </trkpt>
      <trkpt lat="50.058614" lon="6.537642">
        <ele>448.103460</ele>
        <time>2026-08-08T14:22:40.333Z</time>
      </trkpt>
      <trkpt lat="50.058537" lon="6.537726">
        <ele>447.694588</ele>
        <time>2026-08-08T14:22:41.900Z</time>
      </trkpt>
      <trkpt lat="50.058499" lon="6.537862">
        <ele>447.276757</ele>
        <time>2026-08-08T14:22:43.475Z</time>
      </trkpt>
      <trkpt lat="50.058458" lon="6.538144">
        <ele>446.462231</ele>
        <time>2026-08-08T14:22:46.515Z</time>
      </trkpt>
      <trkpt lat="50.058410" lon="6.538386">
        <ele>445.748709</ele>
        <time>2026-08-08T14:22:49.138Z</time>
      </trkpt>
      <trkpt lat="50.058407" lon="6.538592">
        <ele>445.168245</ele>
        <time>2026-08-08T14:22:51.259Z</time>
      </trkpt>
      <trkpt lat="50.058440" lon="6.538782">
        <ele>444.613763</ele>
        <time>2026-08-08T14:22:53.252Z</time>
      </trkpt>
      <trkpt lat="50.058489" lon="6.538916">
        <ele>444.179340</ele>
        <time>2026-08-08T14:22:54.796Z</time>
      </trkpt>
      <trkpt lat="50.058623" lon="6.539102">
        <ele>443.391771</ele>
        <time>2026-08-08T14:22:57.586Z</time>
      </trkpt>
      <trkpt lat="50.058703" lon="6.539177">
        <ele>442.982061</ele>
        <time>2026-08-08T14:22:59.021Z</time>
      </trkpt>
      <trkpt lat="50.059632" lon="6.539755">
        <ele>437.724674</ele>
        <time>2026-08-08T14:23:13.634Z</time>
      </trkpt>
      <trkpt lat="50.059766" lon="6.539939">
        <ele>436.520449</ele>
        <time>2026-08-08T14:23:16.203Z</time>
      </trkpt>
      <trkpt lat="50.059839" lon="6.540226">
        <ele>435.184418</ele>
        <time>2026-08-08T14:23:19.046Z</time>
      </trkpt>
      <trkpt lat="50.059829" lon="6.540470">
        <ele>434.126272</ele>
        <time>2026-08-08T14:23:21.301Z</time>
      </trkpt>
      <trkpt lat="50.059785" lon="6.540661">
        <ele>433.248044</ele>
        <time>2026-08-08T14:23:23.152Z</time>
      </trkpt>
      <trkpt lat="50.058791" lon="6.543581">
        <ele>419.241657</ele>
        <time>2026-08-08T14:23:53.469Z</time>
      </trkpt>
      <trkpt lat="50.057645" lon="6.546918">
        <ele>406.519567</ele>
        <time>2026-08-08T14:24:30.041Z</time>
      </trkpt>
      <trkpt lat="50.057304" lon="6.547817">
        <ele>403.977483</ele>
        <time>2026-08-08T14:24:40.656Z</time>
      </trkpt>
      <trkpt lat="50.057190" lon="6.548111">
        <ele>403.141314</ele>
        <time>2026-08-08T14:24:44.231Z</time>
      </trkpt>
      <trkpt lat="50.057049" lon="6.548349">
        <ele>402.352895</ele>
        <time>2026-08-08T14:24:47.589Z</time>
      </trkpt>
      <trkpt lat="50.056972" lon="6.548679">
        <ele>401.498079</ele>
        <time>2026-08-08T14:24:51.230Z</time>
      </trkpt>
      <trkpt lat="50.056940" lon="6.548762">
        <ele>401.262376</ele>
        <time>2026-08-08T14:24:52.225Z</time>
      </trkpt>
      <trkpt lat="50.056721" lon="6.549329">
        <ele>399.822886</ele>
        <time>2026-08-08T14:24:59.080Z</time>
      </trkpt>
      <trkpt lat="50.056293" lon="6.550427">
        <ele>397.399239</ele>
        <time>2026-08-08T14:25:12.655Z</time>
      </trkpt>
      <trkpt lat="50.056078" lon="6.551112">
        <ele>395.960592</ele>
        <time>2026-08-08T14:25:20.639Z</time>
      </trkpt>
      <trkpt lat="50.055848" lon="6.552071">
        <ele>394.467958</ele>
        <time>2026-08-08T14:25:32.021Z</time>
      </trkpt>
      <trkpt lat="50.055821" lon="6.552265">
        <ele>394.243066</ele>
        <time>2026-08-08T14:25:34.315Z</time>
      </trkpt>
      <trkpt lat="50.055806" lon="6.552812">
        <ele>393.622789</ele>
        <time>2026-08-08T14:25:40.485Z</time>
      </trkpt>
      <trkpt lat="50.055769" lon="6.553005">
        <ele>393.394594</ele>
        <time>2026-08-08T14:25:42.738Z</time>
      </trkpt>
      <trkpt lat="50.055690" lon="6.553223">
        <ele>393.110990</ele>
        <time>2026-08-08T14:25:45.657Z</time>
      </trkpt>
      <trkpt lat="50.055574" lon="6.553453">
        <ele>392.779634</ele>
        <time>2026-08-08T14:25:49.259Z</time>
      </trkpt>
      <trkpt lat="50.055136" lon="6.554023">
        <ele>391.794015</ele>
        <time>2026-08-08T14:26:00.215Z</time>
      </trkpt>
      <trkpt lat="50.055055" lon="6.554167">
        <ele>391.602891</ele>
        <time>2026-08-08T14:26:02.565Z</time>
      </trkpt>
      <trkpt lat="50.054889" lon="6.554576">
        <ele>391.119838</ele>
        <time>2026-08-08T14:26:08.424Z</time>
      </trkpt>
      <trkpt lat="50.054712" lon="6.554880">
        <ele>390.710145</ele>
        <time>2026-08-08T14:26:13.147Z</time>
      </trkpt>
      <trkpt lat="50.053927" lon="6.555918">
        <ele>389.090138</ele>
        <time>2026-08-08T14:26:31.819Z</time>
      </trkpt>
      <trkpt lat="50.053524" lon="6.556324">
        <ele>388.051187</ele>
        <time>2026-08-08T14:26:40.168Z</time>
      </trkpt>
      <trkpt lat="50.053338" lon="6.556548">
        <ele>387.542234</ele>
        <time>2026-08-08T14:26:44.270Z</time>
      </trkpt>
      <trkpt lat="50.053187" lon="6.556781">
        <ele>387.082112</ele>
        <time>2026-08-08T14:26:47.996Z</time>
      </trkpt>
      <trkpt lat="50.052433" lon="6.558347">
        <ele>384.394632</ele>
        <time>2026-08-08T14:27:09.537Z</time>
      </trkpt>
      <trkpt lat="50.052367" lon="6.558483">
        <ele>384.166372</ele>
        <time>2026-08-08T14:27:11.453Z</time>
      </trkpt>
      <trkpt lat="50.052274" lon="6.558658">
        <ele>383.862207</ele>
        <time>2026-08-08T14:27:14.023Z</time>
      </trkpt>
      <trkpt lat="50.052185" lon="6.558974">
        <ele>383.400179</ele>
        <time>2026-08-08T14:27:17.934Z</time>
      </trkpt>
      <trkpt lat="50.052030" lon="6.559226">
        <ele>382.932923</ele>
        <time>2026-08-08T14:27:21.832Z</time>
      </trkpt>
      <trkpt lat="50.051928" lon="6.559561">
        <ele>382.436490</ele>
        <time>2026-08-08T14:27:25.992Z</time>
      </trkpt>
      <trkpt lat="50.051779" lon="6.559994">
        <ele>381.778702</ele>
        <time>2026-08-08T14:27:31.483Z</time>
      </trkpt>
      <trkpt lat="50.051623" lon="6.560332">
        <ele>381.180121</ele>
        <time>2026-08-08T14:27:36.231Z</time>
      </trkpt>
      <trkpt lat="50.051241" lon="6.560942">
        <ele>379.877888</ele>
        <time>2026-08-08T14:27:46.243Z</time>
      </trkpt>
      <trkpt lat="50.050993" lon="6.561244">
        <ele>379.128581</ele>
        <time>2026-08-08T14:27:51.765Z</time>
      </trkpt>
      <trkpt lat="50.050346" lon="6.562015">
        <ele>377.150084</ele>
        <time>2026-08-08T14:28:05.487Z</time>
      </trkpt>
      <trkpt lat="50.049709" lon="6.563084">
        <ele>372.843161</ele>
        <time>2026-08-08T14:28:19.910Z</time>
      </trkpt>
      <trkpt lat="50.049501" lon="6.563549">
        <ele>371.169550</ele>
        <time>2026-08-08T14:28:25.432Z</time>
      </trkpt>
      <trkpt lat="50.049369" lon="6.564138">
        <ele>369.327186</ele>
        <time>2026-08-08T14:28:31.617Z</time>
      </trkpt>
      <trkpt lat="50.049295" lon="6.564738">
        <ele>367.186923</ele>
        <time>2026-08-08T14:28:37.289Z</time>
      </trkpt>
      <trkpt lat="50.049298" lon="6.565363">
        <ele>364.909495</ele>
        <time>2026-08-08T14:28:43.106Z</time>
      </trkpt>
      <trkpt lat="50.049332" lon="6.565774">
        <ele>363.399525</ele>
        <time>2026-08-08T14:28:47.040Z</time>
      </trkpt>
      <trkpt lat="50.049279" lon="6.565881">
        <ele>362.907121</ele>
        <time>2026-08-08T14:28:48.296Z</time>
      </trkpt>
      <trkpt lat="50.049309" lon="6.566486">
        <ele>360.696070</ele>
        <time>2026-08-08T14:28:54.076Z</time>
      </trkpt>
      <trkpt lat="50.049297" lon="6.568115">
        <ele>354.674471</ele>
        <time>2026-08-08T14:29:09.858Z</time>
      </trkpt>
      <trkpt lat="50.049303" lon="6.568466">
        <ele>353.367659</ele>
        <time>2026-08-08T14:29:13.703Z</time>
      </trkpt>
      <trkpt lat="50.049383" lon="6.569532">
        <ele>349.373229</ele>
        <time>2026-08-08T14:29:23.991Z</time>
      </trkpt>
      <trkpt lat="50.049367" lon="6.569809">
        <ele>348.338132</ele>
        <time>2026-08-08T14:29:26.474Z</time>
      </trkpt>
      <trkpt lat="50.049286" lon="6.570106">
        <ele>345.684254</ele>
        <time>2026-08-08T14:29:29.303Z</time>
      </trkpt>
      <trkpt lat="50.049240" lon="6.570171">
        <ele>344.885007</ele>
        <time>2026-08-08T14:29:30.148Z</time>
      </trkpt>
      <trkpt lat="50.048882" lon="6.570389">
        <ele>339.938793</ele>
        <time>2026-08-08T14:29:35.257Z</time>
      </trkpt>
      <trkpt lat="50.048645" lon="6.570696">
        <ele>335.972101</ele>
        <time>2026-08-08T14:29:39.280Z</time>
      </trkpt>
      <trkpt lat="50.048562" lon="6.570928">
        <ele>333.777714</ele>
        <time>2026-08-08T14:29:41.485Z</time>
      </trkpt>
      <trkpt lat="50.048485" lon="6.571282">
        <ele>330.689454</ele>
        <time>2026-08-08T14:29:44.570Z</time>
      </trkpt>
      <trkpt lat="50.048218" lon="6.572968">
        <ele>317.336560</ele>
        <time>2026-08-08T14:29:59.109Z</time>
      </trkpt>
      <trkpt lat="50.048065" lon="6.573739">
        <ele>311.419328</ele>
        <time>2026-08-08T14:30:06.129Z</time>
      </trkpt>
      <trkpt lat="50.048027" lon="6.574474">
        <ele>306.012419</ele>
        <time>2026-08-08T14:30:12.650Z</time>
      </trkpt>
      <trkpt lat="50.047989" lon="6.574746">
        <ele>304.215603</ele>
        <time>2026-08-08T14:30:15.129Z</time>
      </trkpt>
      <trkpt lat="50.047818" lon="6.575423">
        <ele>300.814492</ele>
        <time>2026-08-08T14:30:21.584Z</time>
      </trkpt>
      <trkpt lat="50.047659" lon="6.576273">
        <ele>296.675446</ele>
        <time>2026-08-08T14:30:29.480Z</time>
      </trkpt>
      <trkpt lat="50.047578" lon="6.576520">
        <ele>295.378817</ele>
        <time>2026-08-08T14:30:31.996Z</time>
      </trkpt>
      <trkpt lat="50.047343" lon="6.577037">
        <ele>292.417497</ele>
        <time>2026-08-08T14:30:37.853Z</time>
      </trkpt>
      <trkpt lat="50.046819" lon="6.578094">
        <ele>289.124177</ele>
        <time>2026-08-08T14:30:52.736Z</time>
      </trkpt>
      <trkpt lat="50.046798" lon="6.578136">
        <ele>289.011859</ele>
        <time>2026-08-08T14:30:53.400Z</time>
      </trkpt>
      <trkpt lat="50.046755" lon="6.578318">
        <ele>288.602664</ele>
        <time>2026-08-08T14:30:55.940Z</time>
      </trkpt>
      <trkpt lat="50.046844" lon="6.578551">
        <ele>288.030623</ele>
        <time>2026-08-08T14:30:59.417Z</time>
      </trkpt>
      <trkpt lat="50.046850" lon="6.578719">
        <ele>287.675589</ele>
        <time>2026-08-08T14:31:01.475Z</time>
      </trkpt>
      <trkpt lat="50.046823" lon="6.578850">
        <ele>287.385285</ele>
        <time>2026-08-08T14:31:03.033Z</time>
      </trkpt>
      <trkpt lat="50.046641" lon="6.579135">
        <ele>286.537187</ele>
        <time>2026-08-08T14:31:07.277Z</time>
      </trkpt>
      <trkpt lat="50.046585" lon="6.579304">
        <ele>286.135913</ele>
        <time>2026-08-08T14:31:09.151Z</time>
      </trkpt>
      <trkpt lat="50.046602" lon="6.579561">
        <ele>285.528284</ele>
        <time>2026-08-08T14:31:11.641Z</time>
      </trkpt>
      <trkpt lat="50.046519" lon="6.579923">
        <ele>283.695931</ele>
        <time>2026-08-08T14:31:15.241Z</time>
      </trkpt>
      <trkpt lat="50.046236" lon="6.580561">
        <ele>279.999545</ele>
        <time>2026-08-08T14:31:22.117Z</time>
      </trkpt>
      <trkpt lat="50.046203" lon="6.580747">
        <ele>279.079657</ele>
        <time>2026-08-08T14:31:23.798Z</time>
      </trkpt>
      <trkpt lat="50.046166" lon="6.581119">
        <ele>277.285171</ele>
        <time>2026-08-08T14:31:27.089Z</time>
      </trkpt>
      <trkpt lat="50.046041" lon="6.581814">
        <ele>273.844578</ele>
        <time>2026-08-08T14:31:33.512Z</time>
      </trkpt>
      <trkpt lat="50.046029" lon="6.582097">
        <ele>272.492562</ele>
        <time>2026-08-08T14:31:36.125Z</time>
      </trkpt>
      <trkpt lat="50.046045" lon="6.582256">
        <ele>272.105385</ele>
        <time>2026-08-08T14:31:37.648Z</time>
      </trkpt>
      <trkpt lat="50.046176" lon="6.582950">
        <ele>270.984397</ele>
        <time>2026-08-08T14:31:44.880Z</time>
      </trkpt>
      <trkpt lat="50.046507" lon="6.583568">
        <ele>269.737303</ele>
        <time>2026-08-08T14:31:54.154Z</time>
      </trkpt>
      <trkpt lat="50.046528" lon="6.583784">
        <ele>269.398757</ele>
        <time>2026-08-08T14:31:56.947Z</time>
      </trkpt>
      <trkpt lat="50.046448" lon="6.584133">
        <ele>268.824493</ele>
        <time>2026-08-08T14:32:01.789Z</time>
      </trkpt>
      <trkpt lat="50.046450" lon="6.584221">
        <ele>268.688036</ele>
        <time>2026-08-08T14:32:03.032Z</time>
      </trkpt>
      <trkpt lat="50.046513" lon="6.584337">
        <ele>268.452602</ele>
        <time>2026-08-08T14:32:04.994Z</time>
      </trkpt>
      <trkpt lat="50.046591" lon="6.584366">
        <ele>268.259081</ele>
        <time>2026-08-08T14:32:06.760Z</time>
      </trkpt>
      <trkpt lat="50.046635" lon="6.584902">
        <ele>267.918730</ele>
        <time>2026-08-08T14:32:13.974Z</time>
      </trkpt>
      <trkpt lat="50.046659" lon="6.585206">
        <ele>267.892398</ele>
        <time>2026-08-08T14:32:18.061Z</time>
      </trkpt>
      <trkpt lat="50.046708" lon="6.585750">
        <ele>267.845171</ele>
        <time>2026-08-08T14:32:25.500Z</time>
      </trkpt>
      <trkpt lat="50.046709" lon="6.586101">
        <ele>267.814995</ele>
        <time>2026-08-08T14:32:30.361Z</time>
      </trkpt>
      <trkpt lat="50.046633" lon="6.587068">
        <ele>267.731239</ele>
        <time>2026-08-08T14:32:43.250Z</time>
      </trkpt>
      <trkpt lat="50.046512" lon="6.587565">
        <ele>267.884008</ele>
        <time>2026-08-08T14:32:50.143Z</time>
      </trkpt>
      <trkpt lat="50.046328" lon="6.587999">
        <ele>268.250480</ele>
        <time>2026-08-08T14:32:56.941Z</time>
      </trkpt>
      <trkpt lat="50.045971" lon="6.588596">
        <ele>268.825333</ele>
        <time>2026-08-08T14:33:08.379Z</time>
      </trkpt>
      <trkpt lat="50.045625" lon="6.589049">
        <ele>269.321380</ele>
        <time>2026-08-08T14:33:18.945Z</time>
      </trkpt>
      <trkpt lat="50.045392" lon="6.589247">
        <ele>269.612656</ele>
        <time>2026-08-08T14:33:25.346Z</time>
      </trkpt>
      <trkpt lat="50.044567" lon="6.589665">
        <ele>272.460429</ele>
        <time>2026-08-08T14:33:46.543Z</time>
      </trkpt>
      <trkpt lat="50.044362" lon="6.589755">
        <ele>273.195482</ele>
        <time>2026-08-08T14:33:51.793Z</time>
      </trkpt>
      <trkpt lat="50.043623" lon="6.589914">
        <ele>275.770066</ele>
        <time>2026-08-08T14:34:10.030Z</time>
      </trkpt>
      <trkpt lat="50.042978" lon="6.589935">
        <ele>279.198939</ele>
        <time>2026-08-08T14:34:27.634Z</time>
      </trkpt>
      <trkpt lat="50.042718" lon="6.589917">
        <ele>280.609348</ele>
        <time>2026-08-08T14:34:35.653Z</time>
      </trkpt>
      <trkpt lat="50.042187" lon="6.589958">
        <ele>283.490530</ele>
        <time>2026-08-08T14:34:52.169Z</time>
      </trkpt>
      <trkpt lat="50.041965" lon="6.589995">
        <ele>284.700486</ele>
        <time>2026-08-08T14:34:58.073Z</time>
      </trkpt>
      <trkpt lat="50.041590" lon="6.590067">
        <ele>285.329595</ele>
        <time>2026-08-08T14:35:07.673Z</time>
      </trkpt>
      <trkpt lat="50.041310" lon="6.590089">
        <ele>284.911841</ele>
        <time>2026-08-08T14:35:14.216Z</time>
      </trkpt>
      <trkpt lat="50.041241" lon="6.590115">
        <ele>284.806057</ele>
        <time>2026-08-08T14:35:15.763Z</time>
      </trkpt>
      <trkpt lat="50.041190" lon="6.590185">
        <ele>284.704752</ele>
        <time>2026-08-08T14:35:17.131Z</time>
      </trkpt>
      <trkpt lat="50.041143" lon="6.590413">
        <ele>284.475595</ele>
        <time>2026-08-08T14:35:20.036Z</time>
      </trkpt>
      <trkpt lat="50.041226" lon="6.590786">
        <ele>284.097820</ele>
        <time>2026-08-08T14:35:24.349Z</time>
      </trkpt>
      <trkpt lat="50.041434" lon="6.591482">
        <ele>283.363178</ele>
        <time>2026-08-08T14:35:31.831Z</time>
      </trkpt>
      <trkpt lat="50.041506" lon="6.591836">
        <ele>283.007824</ele>
        <time>2026-08-08T14:35:35.220Z</time>
      </trkpt>
      <trkpt lat="50.041642" lon="6.592853">
        <ele>283.335139</ele>
        <time>2026-08-08T14:35:45.456Z</time>
      </trkpt>
      <trkpt lat="50.041645" lon="6.593445">
        <ele>283.563613</ele>
        <time>2026-08-08T14:35:53.292Z</time>
      </trkpt>
      <trkpt lat="50.041651" lon="6.593641">
        <ele>283.639340</ele>
        <time>2026-08-08T14:35:56.281Z</time>
      </trkpt>
      <trkpt lat="50.041662" lon="6.594008">
        <ele>283.781128</ele>
        <time>2026-08-08T14:36:02.169Z</time>
      </trkpt>
      <trkpt lat="50.041609" lon="6.594213">
        <ele>283.866413</ele>
        <time>2026-08-08T14:36:05.856Z</time>
      </trkpt>
      <trkpt lat="50.041414" lon="6.594456">
        <ele>284.016497</ele>
        <time>2026-08-08T14:36:12.714Z</time>
      </trkpt>
      <trkpt lat="50.041348" lon="6.594549">
        <ele>284.590938</ele>
        <time>2026-08-08T14:36:15.404Z</time>
      </trkpt>
      <trkpt lat="50.041187" lon="6.594853">
        <ele>287.088398</ele>
        <time>2026-08-08T14:36:23.696Z</time>
      </trkpt>
      <trkpt lat="50.041145" lon="6.594992">
        <ele>288.062052</ele>
        <time>2026-08-08T14:36:27.302Z</time>
      </trkpt>
      <trkpt lat="50.041075" lon="6.595413">
        <ele>290.818436</ele>
        <time>2026-08-08T14:36:38.208Z</time>
      </trkpt>
      <trkpt lat="50.041156" lon="6.596424">
        <ele>297.276090</ele>
        <time>2026-08-08T14:37:03.771Z</time>
      </trkpt>
      <trkpt lat="50.041180" lon="6.597012">
        <ele>301.010504</ele>
        <time>2026-08-08T14:37:17.369Z</time>
      </trkpt>
      <trkpt lat="50.041180" lon="6.597431">
        <ele>303.662560</ele>
        <time>2026-08-08T14:37:27.142Z</time>
      </trkpt>
      <trkpt lat="50.041110" lon="6.598511">
        <ele>310.529204</ele>
        <time>2026-08-08T14:37:53.751Z</time>
      </trkpt>
      <trkpt lat="50.041097" lon="6.599069">
        <ele>314.061365</ele>
        <time>2026-08-08T14:38:06.832Z</time>
      </trkpt>
      <trkpt lat="50.041143" lon="6.599742">
        <ele>318.342721</ele>
        <time>2026-08-08T14:38:21.829Z</time>
      </trkpt>
      <trkpt lat="50.041217" lon="6.600208">
        <ele>320.645508</ele>
        <time>2026-08-08T14:38:31.776Z</time>
      </trkpt>
      <trkpt lat="50.041331" lon="6.600712">
        <ele>322.703529</ele>
        <time>2026-08-08T14:38:42.101Z</time>
      </trkpt>
      <trkpt lat="50.041434" lon="6.601052">
        <ele>324.151403</ele>
        <time>2026-08-08T14:38:48.875Z</time>
      </trkpt>
      <trkpt lat="50.041767" lon="6.601873">
        <ele>327.891267</ele>
        <time>2026-08-08T14:39:04.790Z</time>
      </trkpt>
      <trkpt lat="50.042258" lon="6.602978">
        <ele>333.882547</ele>
        <time>2026-08-08T14:39:28.504Z</time>
      </trkpt>
      <trkpt lat="50.042375" lon="6.603299">
        <ele>335.721886</ele>
        <time>2026-08-08T14:39:35.872Z</time>
      </trkpt>
      <trkpt lat="50.042438" lon="6.603597">
        <ele>337.285325</ele>
        <time>2026-08-08T14:39:42.459Z</time>
      </trkpt>
      <trkpt lat="50.042465" lon="6.603886">
        <ele>338.740678</ele>
        <time>2026-08-08T14:39:48.919Z</time>
      </trkpt>
      <trkpt lat="50.042436" lon="6.604262">
        <ele>340.627889</ele>
        <time>2026-08-08T14:39:57.797Z</time>
      </trkpt>
      <trkpt lat="50.042246" lon="6.605387">
        <ele>345.796203</ele>
        <time>2026-08-08T14:40:23.726Z</time>
      </trkpt>
      <trkpt lat="50.042232" lon="6.605876">
        <ele>347.531591</ele>
        <time>2026-08-08T14:40:33.015Z</time>
      </trkpt>
      <trkpt lat="50.042306" lon="6.606440">
        <ele>349.572459</ele>
        <time>2026-08-08T14:40:42.757Z</time>
      </trkpt>
      <trkpt lat="50.042588" lon="6.607392">
        <ele>353.289319</ele>
        <time>2026-08-08T14:40:59.398Z</time>
      </trkpt>
      <trkpt lat="50.042705" lon="6.607927">
        <ele>355.344082</ele>
        <time>2026-08-08T14:41:08.031Z</time>
      </trkpt>
      <trkpt lat="50.042788" lon="6.610748">
        <ele>366.029441</ele>
        <time>2026-08-08T14:42:00.481Z</time>
      </trkpt>
      <trkpt lat="50.042756" lon="6.611269">
        <ele>368.303757</ele>
        <time>2026-08-08T14:42:10.899Z</time>
      </trkpt>
      <trkpt lat="50.042665" lon="6.611577">
        <ele>369.777005</ele>
        <time>2026-08-08T14:42:17.581Z</time>
      </trkpt>
      <trkpt lat="50.042102" lon="6.612412">
        <ele>375.037987</ele>
        <time>2026-08-08T14:42:40.818Z</time>
      </trkpt>
      <trkpt lat="50.041379" lon="6.613359">
        <ele>380.545354</ele>
        <time>2026-08-08T14:43:07.786Z</time>
      </trkpt>
      <trkpt lat="50.041241" lon="6.613566">
        <ele>381.597749</ele>
        <time>2026-08-08T14:43:13.023Z</time>
      </trkpt>
      <trkpt lat="50.041155" lon="6.613759">
        <ele>382.426315</ele>
        <time>2026-08-08T14:43:17.117Z</time>
      </trkpt>
      <trkpt lat="50.041003" lon="6.614333">
        <ele>384.616311</ele>
        <time>2026-08-08T14:43:27.817Z</time>
      </trkpt>
      <trkpt lat="50.040607" lon="6.616227">
        <ele>390.509271</ele>
        <time>2026-08-08T14:44:01.606Z</time>
      </trkpt>
      <trkpt lat="50.040412" lon="6.616879">
        <ele>392.475387</ele>
        <time>2026-08-08T14:44:13.325Z</time>
      </trkpt>
      <trkpt lat="50.040390" lon="6.616943">
        <ele>392.673824</ele>
        <time>2026-08-08T14:44:14.498Z</time>
      </trkpt>
      <trkpt lat="50.039821" lon="6.618340">
        <ele>396.690305</ele>
        <time>2026-08-08T14:44:40.658Z</time>
      </trkpt>
      <trkpt lat="50.039720" lon="6.618701">
        <ele>397.581142</ele>
        <time>2026-08-08T14:44:46.779Z</time>
      </trkpt>
      <trkpt lat="50.039623" lon="6.619303">
        <ele>398.985289</ele>
        <time>2026-08-08T14:44:56.544Z</time>
      </trkpt>
      <trkpt lat="50.039360" lon="6.621572">
        <ele>405.026601</ele>
        <time>2026-08-08T14:45:34.282Z</time>
      </trkpt>
      <trkpt lat="50.039337" lon="6.624885">
        <ele>414.654786</ele>
        <time>2026-08-08T14:46:30.404Z</time>
      </trkpt>
      <trkpt lat="50.039396" lon="6.625713">
        <ele>417.112063</ele>
        <time>2026-08-08T14:46:44.260Z</time>
      </trkpt>
      <trkpt lat="50.039484" lon="6.626187">
        <ele>418.496638</ele>
        <time>2026-08-08T14:46:52.333Z</time>
      </trkpt>
      <trkpt lat="50.039940" lon="6.628054">
        <ele>424.101752</ele>
        <time>2026-08-08T14:47:25.289Z</time>
      </trkpt>
      <trkpt lat="50.040009" lon="6.628459">
        <ele>425.229165</ele>
        <time>2026-08-08T14:47:32.439Z</time>
      </trkpt>
      <trkpt lat="50.040076" lon="6.629124">
        <ele>426.986257</ele>
        <time>2026-08-08T14:47:44.122Z</time>
      </trkpt>
      <trkpt lat="50.040180" lon="6.630887">
        <ele>431.607615</ele>
        <time>2026-08-08T14:48:13.167Z</time>
      </trkpt>
      <trkpt lat="50.040251" lon="6.631455">
        <ele>432.303475</ele>
        <time>2026-08-08T14:48:21.926Z</time>
      </trkpt>
      <trkpt lat="50.040309" lon="6.631734">
        <ele>432.559315</ele>
        <time>2026-08-08T14:48:26.283Z</time>
      </trkpt>
      <trkpt lat="50.040556" lon="6.632501">
        <ele>433.307869</ele>
        <time>2026-08-08T14:48:38.706Z</time>
      </trkpt>
      <trkpt lat="50.040575" lon="6.632654">
        <ele>433.443822</ele>
        <time>2026-08-08T14:48:40.896Z</time>
      </trkpt>
      <trkpt lat="50.040560" lon="6.632878">
        <ele>433.640303</ele>
        <time>2026-08-08T14:48:44.046Z</time>
      </trkpt>
      <trkpt lat="50.040498" lon="6.633018">
        <ele>433.788664</ele>
        <time>2026-08-08T14:48:46.422Z</time>
      </trkpt>
      <trkpt lat="50.040332" lon="6.633234">
        <ele>434.082531</ele>
        <time>2026-08-08T14:48:51.182Z</time>
      </trkpt>
      <trkpt lat="50.040537" lon="6.633550">
        <ele>434.306585</ele>
        <time>2026-08-08T14:48:57.579Z</time>
      </trkpt>
      <trkpt lat="50.040593" lon="6.633806">
        <ele>434.252678</ele>
        <time>2026-08-08T14:49:01.433Z</time>
      </trkpt>
      <trkpt lat="50.040597" lon="6.634014">
        <ele>434.211199</ele>
        <time>2026-08-08T14:49:04.409Z</time>
      </trkpt>
      <trkpt lat="50.040531" lon="6.634260">
        <ele>434.158057</ele>
        <time>2026-08-08T14:49:08.201Z</time>
      </trkpt>
      <trkpt lat="50.040539" lon="6.634448">
        <ele>434.120501</ele>
        <time>2026-08-08T14:49:10.817Z</time>
      </trkpt>
      <trkpt lat="50.040592" lon="6.634758">
        <ele>434.056556</ele>
        <time>2026-08-08T14:49:15.183Z</time>
      </trkpt>
      <trkpt lat="50.040948" lon="6.635340">
        <ele>433.896350</ele>
        <time>2026-08-08T14:49:25.513Z</time>
      </trkpt>
      <trkpt lat="50.041082" lon="6.635666">
        <ele>433.819199</ele>
        <time>2026-08-08T14:49:30.241Z</time>
      </trkpt>
      <trkpt lat="50.041212" lon="6.636153">
        <ele>433.385054</ele>
        <time>2026-08-08T14:49:36.426Z</time>
      </trkpt>
      <trkpt lat="50.041862" lon="6.638755">
        <ele>430.516913</ele>
        <time>2026-08-08T14:50:07.564Z</time>
      </trkpt>
      <trkpt lat="50.041937" lon="6.639131">
        <ele>430.640621</ele>
        <time>2026-08-08T14:50:12.601Z</time>
      </trkpt>
      <trkpt lat="50.041984" lon="6.639566">
        <ele>430.779220</ele>
        <time>2026-08-08T14:50:18.532Z</time>
      </trkpt>
      <trkpt lat="50.042049" lon="6.641381">
        <ele>431.506306</ele>
        <time>2026-08-08T14:50:45.352Z</time>
      </trkpt>
      <trkpt lat="50.042025" lon="6.641830">
        <ele>432.056715</ele>
        <time>2026-08-08T14:50:52.186Z</time>
      </trkpt>
      <trkpt lat="50.041972" lon="6.642082">
        <ele>432.380654</ele>
        <time>2026-08-08T14:50:56.203Z</time>
      </trkpt>
      <trkpt lat="50.041893" lon="6.642323">
        <ele>432.711201</ele>
        <time>2026-08-08T14:51:00.308Z</time>
      </trkpt>
      <trkpt lat="50.040098" lon="6.646838">
        <ele>438.799648</ele>
        <time>2026-08-08T14:52:19.505Z</time>
      </trkpt>
      <trkpt lat="50.040003" lon="6.647166">
        <ele>439.143557</ele>
        <time>2026-08-08T14:52:24.779Z</time>
      </trkpt>
      <trkpt lat="50.039836" lon="6.647920">
        <ele>439.905888</ele>
        <time>2026-08-08T14:52:36.473Z</time>
      </trkpt>
      <trkpt lat="50.039211" lon="6.651116">
        <ele>442.576904</ele>
        <time>2026-08-08T14:53:25.423Z</time>
      </trkpt>
      <trkpt lat="50.038869" lon="6.652861">
        <ele>443.095100</ele>
        <time>2026-08-08T14:53:51.132Z</time>
      </trkpt>
      <trkpt lat="50.038811" lon="6.653238">
        <ele>443.178274</ele>
        <time>2026-08-08T14:53:56.409Z</time>
      </trkpt>
      <trkpt lat="50.038729" lon="6.654127">
        <ele>443.314231</ele>
        <time>2026-08-08T14:54:08.584Z</time>
      </trkpt>
      <trkpt lat="50.038708" lon="6.654552">
        <ele>443.078833</ele>
        <time>2026-08-08T14:54:14.309Z</time>
      </trkpt>
      <trkpt lat="50.038621" lon="6.655896">
        <ele>442.332855</ele>
        <time>2026-08-08T14:54:31.807Z</time>
      </trkpt>
      <trkpt lat="50.038522" lon="6.656437">
        <ele>442.022199</ele>
        <time>2026-08-08T14:54:38.667Z</time>
      </trkpt>
      <trkpt lat="50.038365" lon="6.656801">
        <ele>441.706739</ele>
        <time>2026-08-08T14:54:43.807Z</time>
      </trkpt>
      <trkpt lat="50.037200" lon="6.658372">
        <ele>436.972219</ele>
        <time>2026-08-08T14:55:09.334Z</time>
      </trkpt>
      <trkpt lat="50.037079" lon="6.658623">
        <ele>436.353004</ele>
        <time>2026-08-08T14:55:12.449Z</time>
      </trkpt>
      <trkpt lat="50.037037" lon="6.658857">
        <ele>435.559917</ele>
        <time>2026-08-08T14:55:14.841Z</time>
      </trkpt>
      <trkpt lat="50.037026" lon="6.659216">
        <ele>434.307718</ele>
        <time>2026-08-08T14:55:18.331Z</time>
      </trkpt>
      <trkpt lat="50.037079" lon="6.659492">
        <ele>433.304062</ele>
        <time>2026-08-08T14:55:21.105Z</time>
      </trkpt>
      <trkpt lat="50.037541" lon="6.661094">
        <ele>427.185830</ele>
        <time>2026-08-08T14:55:37.666Z</time>
      </trkpt>
      <trkpt lat="50.037615" lon="6.661560">
        <ele>425.544374</ele>
        <time>2026-08-08T14:55:42.192Z</time>
      </trkpt>
      <trkpt lat="50.037625" lon="6.662030">
        <ele>423.956085</ele>
        <time>2026-08-08T14:55:46.657Z</time>
      </trkpt>
      <trkpt lat="50.037453" lon="6.663506">
        <ele>418.889520</ele>
        <time>2026-08-08T14:56:01.123Z</time>
      </trkpt>
      <trkpt lat="50.037405" lon="6.663772">
        <ele>417.956321</ele>
        <time>2026-08-08T14:56:03.829Z</time>
      </trkpt>
      <trkpt lat="50.037152" lon="6.664456">
        <ele>415.426739</ele>
        <time>2026-08-08T14:56:11.591Z</time>
      </trkpt>
      <trkpt lat="50.037095" lon="6.664695">
        <ele>414.631685</ele>
        <time>2026-08-08T14:56:14.101Z</time>
      </trkpt>
      <trkpt lat="50.037102" lon="6.664869">
        <ele>414.087995</ele>
        <time>2026-08-08T14:56:15.813Z</time>
      </trkpt>
      <trkpt lat="50.037171" lon="6.665106">
        <ele>413.276517</ele>
        <time>2026-08-08T14:56:18.380Z</time>
      </trkpt>
      <trkpt lat="50.037713" lon="6.665834">
        <ele>409.800964</ele>
        <time>2026-08-08T14:56:29.275Z</time>
      </trkpt>
      <trkpt lat="50.037837" lon="6.666138">
        <ele>408.677921</ele>
        <time>2026-08-08T14:56:32.776Z</time>
      </trkpt>
      <trkpt lat="50.037871" lon="6.666343">
        <ele>407.964399</ele>
        <time>2026-08-08T14:56:34.828Z</time>
      </trkpt>
      <trkpt lat="50.037936" lon="6.670100">
        <ele>393.945376</ele>
        <time>2026-08-08T14:57:10.436Z</time>
      </trkpt>
      <trkpt lat="50.037953" lon="6.671558">
        <ele>388.176099</ele>
        <time>2026-08-08T14:57:23.980Z</time>
      </trkpt>
      <trkpt lat="50.038002" lon="6.674783">
        <ele>375.664837</ele>
        <time>2026-08-08T14:57:54.276Z</time>
      </trkpt>
      <trkpt lat="50.038006" lon="6.675046">
        <ele>374.764755</ele>
        <time>2026-08-08T14:57:56.803Z</time>
      </trkpt>
      <trkpt lat="50.038008" lon="6.675169">
        <ele>374.343787</ele>
        <time>2026-08-08T14:57:57.975Z</time>
      </trkpt>
      <trkpt lat="50.038030" lon="6.676641">
        <ele>369.306115</ele>
        <time>2026-08-08T14:58:12.010Z</time>
      </trkpt>
      <trkpt lat="50.037860" lon="6.678062">
        <ele>365.397799</ele>
        <time>2026-08-08T14:58:26.211Z</time>
      </trkpt>
      <trkpt lat="50.037804" lon="6.678265">
        <ele>364.996196</ele>
        <time>2026-08-08T14:58:28.424Z</time>
      </trkpt>
      <trkpt lat="50.037704" lon="6.678430">
        <ele>364.583816</ele>
        <time>2026-08-08T14:58:30.715Z</time>
      </trkpt>
      <trkpt lat="50.037155" lon="6.679007">
        <ele>362.709174</ele>
        <time>2026-08-08T14:58:41.704Z</time>
      </trkpt>
      <trkpt lat="50.037100" lon="6.679098">
        <ele>362.482033</ele>
        <time>2026-08-08T14:58:43.149Z</time>
      </trkpt>
      <trkpt lat="50.037085" lon="6.679299">
        <ele>362.114199</ele>
        <time>2026-08-08T14:58:45.603Z</time>
      </trkpt>
      <trkpt lat="50.037128" lon="6.679439">
        <ele>361.832107</ele>
        <time>2026-08-08T14:58:47.549Z</time>
      </trkpt>
      <trkpt lat="50.037512" lon="6.680016">
        <ele>361.959032</ele>
        <time>2026-08-08T14:58:58.832Z</time>
      </trkpt>
      <trkpt lat="50.037574" lon="6.680126">
        <ele>362.068105</ele>
        <time>2026-08-08T14:59:00.928Z</time>
      </trkpt>
      <trkpt lat="50.037631" lon="6.680289">
        <ele>362.206426</ele>
        <time>2026-08-08T14:59:03.641Z</time>
      </trkpt>
      <trkpt lat="50.037658" lon="6.680348">
        <ele>362.260418</ele>
        <time>2026-08-08T14:59:04.703Z</time>
      </trkpt>
      <trkpt lat="50.037655" lon="6.680569">
        <ele>362.425164</ele>
        <time>2026-08-08T14:59:07.980Z</time>
      </trkpt>
      <trkpt lat="50.037527" lon="6.681077">
        <ele>362.831864</ele>
        <time>2026-08-08T14:59:16.193Z</time>
      </trkpt>
      <trkpt lat="50.037519" lon="6.681182">
        <ele>362.910668</ele>
        <time>2026-08-08T14:59:17.762Z</time>
      </trkpt>
      <trkpt lat="50.037613" lon="6.682029">
        <ele>363.551285</ele>
        <time>2026-08-08T14:59:30.639Z</time>
      </trkpt>
      <trkpt lat="50.037614" lon="6.682195">
        <ele>363.734139</ele>
        <time>2026-08-08T14:59:33.128Z</time>
      </trkpt>
      <trkpt lat="50.037580" lon="6.682312">
        <ele>363.883761</ele>
        <time>2026-08-08T14:59:35.062Z</time>
      </trkpt>
      <trkpt lat="50.037501" lon="6.682425">
        <ele>364.078366</ele>
        <time>2026-08-08T14:59:37.569Z</time>
      </trkpt>
      <trkpt lat="50.037310" lon="6.682652">
        <ele>364.514255</ele>
        <time>2026-08-08T14:59:43.185Z</time>
      </trkpt>
      <trkpt lat="50.037166" lon="6.682946">
        <ele>364.945039</ele>
        <time>2026-08-08T14:59:48.758Z</time>
      </trkpt>
      <trkpt lat="50.036885" lon="6.684006">
        <ele>366.281140</ele>
        <time>2026-08-08T15:00:05.480Z</time>
      </trkpt>
      <trkpt lat="50.036789" lon="6.684307">
        <ele>366.672703</ele>
        <time>2026-08-08T15:00:10.418Z</time>
      </trkpt>
      <trkpt lat="50.036659" lon="6.684583">
        <ele>367.265572</ele>
        <time>2026-08-08T15:00:15.611Z</time>
      </trkpt>
      <trkpt lat="50.036467" lon="6.684769">
        <ele>368.009385</ele>
        <time>2026-08-08T15:00:21.091Z</time>
      </trkpt>
      <trkpt lat="50.036381" lon="6.684796">
        <ele>368.297955</ele>
        <time>2026-08-08T15:00:23.230Z</time>
      </trkpt>
      <trkpt lat="50.036125" lon="6.684759">
        <ele>369.143626</ele>
        <time>2026-08-08T15:00:29.569Z</time>
      </trkpt>
      <trkpt lat="50.035980" lon="6.684778">
        <ele>369.622255</ele>
        <time>2026-08-08T15:00:33.198Z</time>
      </trkpt>
      <trkpt lat="50.035873" lon="6.684841">
        <ele>369.998533</ele>
        <time>2026-08-08T15:00:36.038Z</time>
      </trkpt>
      <trkpt lat="50.035776" lon="6.684945">
        <ele>370.385929</ele>
        <time>2026-08-08T15:00:38.952Z</time>
      </trkpt>
      <trkpt lat="50.035646" lon="6.685217">
        <ele>371.102225</ele>
        <time>2026-08-08T15:00:44.351Z</time>
      </trkpt>
      <trkpt lat="50.035315" lon="6.686282">
        <ele>373.785332</ele>
        <time>2026-08-08T15:01:03.593Z</time>
      </trkpt>
      <trkpt lat="50.035293" lon="6.686352">
        <ele>373.985401</ele>
        <time>2026-08-08T15:01:04.912Z</time>
      </trkpt>
      <trkpt lat="50.035037" lon="6.687164">
        <ele>376.307613</ele>
        <time>2026-08-08T15:01:19.568Z</time>
      </trkpt>
      <trkpt lat="50.035001" lon="6.687355">
        <ele>376.818642</ele>
        <time>2026-08-08T15:01:22.806Z</time>
      </trkpt>
      <trkpt lat="50.034999" lon="6.687572">
        <ele>377.375802</ele>
        <time>2026-08-08T15:01:26.345Z</time>
      </trkpt>
      <trkpt lat="50.035079" lon="6.688209">
        <ele>379.042134</ele>
        <time>2026-08-08T15:01:36.924Z</time>
      </trkpt>
      <trkpt lat="50.035188" lon="6.688694">
        <ele>380.386736</ele>
        <time>2026-08-08T15:01:45.337Z</time>
      </trkpt>
      <trkpt lat="50.035314" lon="6.688981">
        <ele>381.332877</ele>
        <time>2026-08-08T15:01:51.087Z</time>
      </trkpt>
      <trkpt lat="50.036775" lon="6.691399">
        <ele>390.255394</ele>
        <time>2026-08-08T15:02:45.939Z</time>
      </trkpt>
      <trkpt lat="50.036919" lon="6.691783">
        <ele>391.417087</ele>
        <time>2026-08-08T15:02:53.054Z</time>
      </trkpt>
      <trkpt lat="50.036981" lon="6.692215">
        <ele>392.573542</ele>
        <time>2026-08-08T15:03:00.159Z</time>
      </trkpt>
      <trkpt lat="50.037131" lon="6.693562">
        <ele>395.596005</ele>
        <time>2026-08-08T15:03:22.807Z</time>
      </trkpt>
      <trkpt lat="50.037297" lon="6.695047">
        <ele>397.830873</ele>
        <time>2026-08-08T15:03:46.779Z</time>
      </trkpt>
      <trkpt lat="50.037372" lon="6.695593">
        <ele>398.658717</ele>
        <time>2026-08-08T15:03:54.831Z</time>
      </trkpt>
      <trkpt lat="50.037484" lon="6.696161">
        <ele>398.097432</ele>
        <time>2026-08-08T15:04:02.093Z</time>
      </trkpt>
      <trkpt lat="50.037631" lon="6.696679">
        <ele>396.573073</ele>
        <time>2026-08-08T15:04:07.959Z</time>
      </trkpt>
      <trkpt lat="50.037739" lon="6.696871">
        <ele>395.886081</ele>
        <time>2026-08-08T15:04:10.441Z</time>
      </trkpt>
      <trkpt lat="50.038092" lon="6.697180">
        <ele>394.188914</ele>
        <time>2026-08-08T15:04:16.415Z</time>
      </trkpt>
      <trkpt lat="50.039386" lon="6.698017">
        <ele>388.473830</ele>
        <time>2026-08-08T15:04:37.114Z</time>
      </trkpt>
      <trkpt lat="50.039761" lon="6.698112">
        <ele>386.960511</ele>
        <time>2026-08-08T15:04:43.262Z</time>
      </trkpt>
      <trkpt lat="50.040790" lon="6.698032">
        <ele>383.772989</ele>
        <time>2026-08-08T15:05:00.681Z</time>
      </trkpt>
      <trkpt lat="50.040935" lon="6.698103">
        <ele>383.545298</ele>
        <time>2026-08-08T15:05:03.715Z</time>
      </trkpt>
      <trkpt lat="50.041024" lon="6.698236">
        <ele>383.360513</ele>
        <time>2026-08-08T15:05:06.198Z</time>
      </trkpt>
      <trkpt lat="50.041064" lon="6.698321">
        <ele>383.259136</ele>
        <time>2026-08-08T15:05:07.461Z</time>
      </trkpt>
      <trkpt lat="50.041073" lon="6.698470">
        <ele>383.115159</ele>
        <time>2026-08-08T15:05:09.341Z</time>
      </trkpt>
      <trkpt lat="50.041047" lon="6.698654">
        <ele>382.933909</ele>
        <time>2026-08-08T15:05:11.646Z</time>
      </trkpt>
      <trkpt lat="50.040928" lon="6.698856">
        <ele>382.670203</ele>
        <time>2026-08-08T15:05:14.969Z</time>
      </trkpt>
      <trkpt lat="50.040470" lon="6.699447">
        <ele>381.779159</ele>
        <time>2026-08-08T15:05:25.746Z</time>
      </trkpt>
      <trkpt lat="50.040330" lon="6.699568">
        <ele>381.747292</ele>
        <time>2026-08-08T15:05:28.799Z</time>
      </trkpt>
      <trkpt lat="50.039743" lon="6.699950">
        <ele>382.956762</ele>
        <time>2026-08-08T15:05:41.658Z</time>
      </trkpt>
      <trkpt lat="50.039034" lon="6.700678">
        <ele>384.571321</ele>
        <time>2026-08-08T15:06:01.751Z</time>
      </trkpt>
      <trkpt lat="50.038706" lon="6.701080">
        <ele>386.382337</ele>
        <time>2026-08-08T15:06:13.122Z</time>
      </trkpt>
      <trkpt lat="50.038518" lon="6.701367">
        <ele>388.501742</ele>
        <time>2026-08-08T15:06:20.966Z</time>
      </trkpt>
      <trkpt lat="50.038418" lon="6.701596">
        <ele>389.933421</ele>
        <time>2026-08-08T15:06:26.627Z</time>
      </trkpt>
      <trkpt lat="50.037742" lon="6.703973">
        <ele>403.965114</ele>
        <time>2026-08-08T15:07:24.228Z</time>
      </trkpt>
      <trkpt lat="50.038021" lon="6.704448">
        <ele>407.804953</ele>
        <time>2026-08-08T15:07:39.042Z</time>
      </trkpt>
      <trkpt lat="50.038577" lon="6.706213">
        <ele>418.291343</ele>
        <time>2026-08-08T15:08:22.699Z</time>
      </trkpt>
      <trkpt lat="50.038488" lon="6.706802">
        <ele>420.542717</ele>
        <time>2026-08-08T15:08:34.494Z</time>
      </trkpt>
      <trkpt lat="50.038477" lon="6.707120">
        <ele>421.727642</ele>
        <time>2026-08-08T15:08:40.393Z</time>
      </trkpt>
      <trkpt lat="50.038538" lon="6.708589">
        <ele>426.555044</ele>
        <time>2026-08-08T15:09:04.513Z</time>
      </trkpt>
      <trkpt lat="50.038621" lon="6.709509">
        <ele>425.931783</ele>
        <time>2026-08-08T15:09:17.926Z</time>
      </trkpt>
      <trkpt lat="50.038654" lon="6.709766">
        <ele>425.755957</ele>
        <time>2026-08-08T15:09:21.246Z</time>
      </trkpt>
      <trkpt lat="50.038660" lon="6.709815">
        <ele>425.722493</ele>
        <time>2026-08-08T15:09:21.837Z</time>
      </trkpt>
      <trkpt lat="50.038888" lon="6.710930">
        <ele>424.937478</ele>
        <time>2026-08-08T15:09:34.352Z</time>
      </trkpt>
      <trkpt lat="50.038981" lon="6.711089">
        <ele>424.793206</ele>
        <time>2026-08-08T15:09:36.473Z</time>
      </trkpt>
      <trkpt lat="50.038916" lon="6.711409">
        <ele>423.845786</ele>
        <time>2026-08-08T15:09:39.714Z</time>
      </trkpt>
      <trkpt lat="50.038976" lon="6.711472">
        <ele>423.507117</ele>
        <time>2026-08-08T15:09:40.793Z</time>
      </trkpt>
      <trkpt lat="50.039036" lon="6.711626">
        <ele>422.965740</ele>
        <time>2026-08-08T15:09:42.515Z</time>
      </trkpt>
      <trkpt lat="50.039063" lon="6.711820">
        <ele>422.369110</ele>
        <time>2026-08-08T15:09:44.401Z</time>
      </trkpt>
      <trkpt lat="50.039087" lon="6.712816">
        <ele>419.373379</ele>
        <time>2026-08-08T15:09:53.974Z</time>
      </trkpt>
      <trkpt lat="50.039039" lon="6.713199">
        <ele>418.200504</ele>
        <time>2026-08-08T15:09:57.785Z</time>
      </trkpt>
      <trkpt lat="50.038786" lon="6.713847">
        <ele>416.073760</ele>
        <time>2026-08-08T15:10:05.272Z</time>
      </trkpt>
      <trkpt lat="50.038744" lon="6.713946">
        <ele>415.841597</ele>
        <time>2026-08-08T15:10:06.467Z</time>
      </trkpt>
      <trkpt lat="50.038212" lon="6.715203">
        <ele>412.895945</ele>
        <time>2026-08-08T15:10:22.301Z</time>
      </trkpt>
      <trkpt lat="50.038162" lon="6.715351">
        <ele>412.568723</ele>
        <time>2026-08-08T15:10:24.128Z</time>
      </trkpt>
      <trkpt lat="50.038119" lon="6.715632">
        <ele>412.003478</ele>
        <time>2026-08-08T15:10:27.291Z</time>
      </trkpt>
      <trkpt lat="50.038143" lon="6.716012">
        <ele>411.256317</ele>
        <time>2026-08-08T15:10:31.508Z</time>
      </trkpt>
      <trkpt lat="50.038609" lon="6.718611">
        <ele>407.261255</ele>
        <time>2026-08-08T15:11:01.743Z</time>
      </trkpt>
      <trkpt lat="50.038607" lon="6.718845">
        <ele>406.923366</ele>
        <time>2026-08-08T15:11:04.312Z</time>
      </trkpt>
      <trkpt lat="50.038576" lon="6.719032">
        <ele>406.537183</ele>
        <time>2026-08-08T15:11:06.432Z</time>
      </trkpt>
      <trkpt lat="50.038509" lon="6.719243">
        <ele>406.006007</ele>
        <time>2026-08-08T15:11:08.990Z</time>
      </trkpt>
      <trkpt lat="50.037936" lon="6.720209">
        <ele>403.038572</ele>
        <time>2026-08-08T15:11:22.854Z</time>
      </trkpt>
      <trkpt lat="50.037871" lon="6.720463">
        <ele>402.421542</ele>
        <time>2026-08-08T15:11:25.650Z</time>
      </trkpt>
      <trkpt lat="50.037864" lon="6.720744">
        <ele>401.786926</ele>
        <time>2026-08-08T15:11:28.496Z</time>
      </trkpt>
      <trkpt lat="50.037932" lon="6.721059">
        <ele>401.036981</ele>
        <time>2026-08-08T15:11:31.845Z</time>
      </trkpt>
      <trkpt lat="50.038960" lon="6.722969">
        <ele>392.233292</ele>
        <time>2026-08-08T15:11:55.676Z</time>
      </trkpt>
      <trkpt lat="50.039368" lon="6.723890">
        <ele>388.178869</ele>
        <time>2026-08-08T15:12:05.939Z</time>
      </trkpt>
      <trkpt lat="50.039454" lon="6.724201">
        <ele>386.964285</ele>
        <time>2026-08-08T15:12:09.073Z</time>
      </trkpt>
      <trkpt lat="50.039561" lon="6.724761">
        <ele>384.868526</ele>
        <time>2026-08-08T15:12:14.510Z</time>
      </trkpt>
      <trkpt lat="50.039590" lon="6.725298">
        <ele>382.935483</ele>
        <time>2026-08-08T15:12:19.657Z</time>
      </trkpt>
      <trkpt lat="50.039481" lon="6.727325">
        <ele>376.325546</ele>
        <time>2026-08-08T15:12:40.359Z</time>
      </trkpt>
      <trkpt lat="50.039358" lon="6.728512">
        <ele>372.660185</ele>
        <time>2026-08-08T15:12:52.192Z</time>
      </trkpt>
      <trkpt lat="50.039123" lon="6.729586">
        <ele>367.810528</ele>
        <time>2026-08-08T15:13:02.625Z</time>
      </trkpt>
      <trkpt lat="50.038437" lon="6.731801">
        <ele>356.881235</ele>
        <time>2026-08-08T15:13:24.717Z</time>
      </trkpt>
      <trkpt lat="50.038372" lon="6.731950">
        <ele>356.323876</ele>
        <time>2026-08-08T15:13:26.398Z</time>
      </trkpt>
      <trkpt lat="50.037347" lon="6.733114">
        <ele>350.211545</ele>
        <time>2026-08-08T15:13:46.101Z</time>
      </trkpt>
      <trkpt lat="50.036933" lon="6.733766">
        <ele>347.315429</ele>
        <time>2026-08-08T15:13:57.333Z</time>
      </trkpt>
      <trkpt lat="50.036235" lon="6.734374">
        <ele>343.362898</ele>
        <time>2026-08-08T15:14:09.676Z</time>
      </trkpt>
      <trkpt lat="50.036157" lon="6.734498">
        <ele>342.811995</ele>
        <time>2026-08-08T15:14:11.349Z</time>
      </trkpt>
      <trkpt lat="50.036141" lon="6.734655">
        <ele>342.307423</ele>
        <time>2026-08-08T15:14:12.869Z</time>
      </trkpt>
      <trkpt lat="50.036186" lon="6.734731">
        <ele>341.979327</ele>
        <time>2026-08-08T15:14:13.817Z</time>
      </trkpt>
      <trkpt lat="50.036253" lon="6.734729">
        <ele>341.648166</ele>
        <time>2026-08-08T15:14:14.792Z</time>
      </trkpt>
      <trkpt lat="50.037514" lon="6.733947">
        <ele>329.167763</ele>
        <time>2026-08-08T15:14:33.239Z</time>
      </trkpt>
      <trkpt lat="50.037893" lon="6.733786">
        <ele>325.307381</ele>
        <time>2026-08-08T15:14:38.527Z</time>
      </trkpt>
      <trkpt lat="50.038689" lon="6.733561">
        <ele>319.085887</ele>
        <time>2026-08-08T15:14:49.473Z</time>
      </trkpt>
      <trkpt lat="50.038848" lon="6.733615">
        <ele>317.967510</ele>
        <time>2026-08-08T15:14:51.713Z</time>
      </trkpt>
      <trkpt lat="50.039062" lon="6.733800">
        <ele>316.285373</ele>
        <time>2026-08-08T15:14:55.165Z</time>
      </trkpt>
      <trkpt lat="50.039151" lon="6.733911">
        <ele>315.501715</ele>
        <time>2026-08-08T15:14:56.800Z</time>
      </trkpt>
      <trkpt lat="50.039228" lon="6.734041">
        <ele>314.721172</ele>
        <time>2026-08-08T15:14:58.470Z</time>
      </trkpt>
      <trkpt lat="50.039310" lon="6.734269">
        <ele>313.567796</ele>
        <time>2026-08-08T15:15:01.005Z</time>
      </trkpt>
      <trkpt lat="50.039337" lon="6.734505">
        <ele>312.509751</ele>
        <time>2026-08-08T15:15:03.418Z</time>
      </trkpt>
      <trkpt lat="50.039318" lon="6.734837">
        <ele>311.038576</ele>
        <time>2026-08-08T15:15:06.966Z</time>
      </trkpt>
      <trkpt lat="50.039240" lon="6.735149">
        <ele>310.715666</ele>
        <time>2026-08-08T15:15:10.835Z</time>
      </trkpt>
      <trkpt lat="50.038936" lon="6.735694">
        <ele>310.635492</ele>
        <time>2026-08-08T15:15:20.468Z</time>
      </trkpt>
      <trkpt lat="50.038789" lon="6.735989">
        <ele>310.594022</ele>
        <time>2026-08-08T15:15:25.909Z</time>
      </trkpt>
      <trkpt lat="50.038701" lon="6.736399">
        <ele>310.546009</ele>
        <time>2026-08-08T15:15:32.206Z</time>
      </trkpt>
      <trkpt lat="50.038620" lon="6.737076">
        <ele>310.469521</ele>
        <time>2026-08-08T15:15:42.089Z</time>
      </trkpt>
      <trkpt lat="50.038492" lon="6.737532">
        <ele>310.294704</ele>
        <time>2026-08-08T15:15:48.731Z</time>
      </trkpt>
      <trkpt lat="50.038257" lon="6.738221">
        <ele>309.694922</ele>
        <time>2026-08-08T15:15:59.198Z</time>
      </trkpt>
      <trkpt lat="50.038030" lon="6.738787">
        <ele>309.181892</ele>
        <time>2026-08-08T15:16:07.187Z</time>
      </trkpt>
      <trkpt lat="50.037647" lon="6.739418">
        <ele>308.514398</ele>
        <time>2026-08-08T15:16:16.678Z</time>
      </trkpt>
      <trkpt lat="50.037599" lon="6.739496">
        <ele>308.431345</ele>
        <time>2026-08-08T15:16:17.852Z</time>
      </trkpt>
      <trkpt lat="50.037566" lon="6.739408">
        <ele>308.352999</ele>
        <time>2026-08-08T15:16:18.948Z</time>
      </trkpt>
      <trkpt lat="50.037592" lon="6.738983">
        <ele>308.281386</ele>
        <time>2026-08-08T15:16:23.730Z</time>
      </trkpt>
      <trkpt lat="50.037576" lon="6.738768">
        <ele>308.281386</ele>
        <time>2026-08-08T15:16:26.342Z</time>
      </trkpt>
      <trkpt lat="50.037513" lon="6.738623">
        <ele>308.281386</ele>
        <time>2026-08-08T15:16:28.504Z</time>
      </trkpt>
      <trkpt lat="50.037200" lon="6.738475">
        <ele>308.281386</ele>
        <time>2026-08-08T15:16:34.933Z</time>
      </trkpt>
      <trkpt lat="50.037115" lon="6.738426">
        <ele>308.281386</ele>
        <time>2026-08-08T15:16:36.665Z</time>
      </trkpt>
      <trkpt lat="50.037292" lon="6.737966">
        <ele>308.281386</ele>
        <time>2026-08-08T15:16:48.408Z</time>
      </trkpt>
      <trkpt lat="50.037048" lon="6.737952">
        <ele>308.281386</ele>
        <time>2026-08-08T15:16:55.136Z</time>
      </trkpt>
      <trkpt lat="50.036995" lon="6.737918">
        <ele>308.281386</ele>
        <time>2026-08-08T15:16:59.130Z</time>
      </trkpt>
      <trkpt lat="50.037011" lon="6.737819">
        <ele>308.281386</ele>
        <time>2026-08-08T15:17:03.662Z</time>
      </trkpt>
      <trkpt lat="50.036977" lon="6.737656">
        <ele>308.281386</ele>
        <time>2026-08-08T15:17:11.337Z</time>
      </trkpt>
    </trkseg>
  </trk>
</gpx>