<?xml version='1.0' encoding='UTF-8'?>
<gpx version="1.1" creator="https://www.komoot.de" xmlns="http://www.topografix.com/GPX/1/1" xmlns:xsi="http://www.w3.org/2001/XMLSchema-instance" xsi:schemaLocation="http://www.topografix.com/GPX/1/1 http://www.topografix.com/GPX/1/1/gpx.xsd">
  <metadata>
    <name>Ahrtal und Eifel - Tag 1 - von Koblenz nach Findling</name>
    <author>
      <link href="https://www.komoot.de">
        <text>komoot</text>
        <type>text/html</type>
      </link>
    </author>
  </metadata>
  <wpt lat="50.364997" lon="7.606475">
    <name>Deutsches Eck</name>
    <sym>Flag, Blue</sym>
  </wpt>
  <wpt lat="50.373908" lon="7.614662">
    <name>Blick auf Neuendorf und den Rhein</name>
    <sym>Flag, Blue</sym>
  </wpt>
  <wpt lat="50.423156" lon="7.543823">
    <name>Schloss Engers</name>
    <sym>Flag, Blue</sym>
  </wpt>
  <wpt lat="50.423420" lon="7.528403">
    <name>Eisenbahnbrücke Urmitz</name>
    <sym>Bridge</sym>
  </wpt>
  <wpt lat="50.421229" lon="7.506103">
    <name>Silbersee</name>
    <sym>Flag, Blue</sym>
  </wpt>
  <wpt lat="50.417489" lon="7.470714">
    <name>Dyckerhoff Zement-Mahlwerk</name>
    <sym>Flag, Blue</sym>
  </wpt>
  <wpt lat="50.428684" lon="7.453797">
    <name>Neuwieder Rheinpromenaden-Biergarten</name>
    <sym>Restaurant</sym>
  </wpt>
  <wpt lat="50.441288" lon="7.443850">
    <name>Mündung der Wied in den Rhein</name>
    <sym>Flag, Blue</sym>
  </wpt>
  <wpt lat="50.512374" lon="7.299438">
    <name>Schloss Arenfels</name>
    <sym>Flag, Blue</sym>
  </wpt>
  <wpt lat="50.513408" lon="7.298434">
    <name>Hotel Anker</name>
    <sym>Restaurant</sym>
  </wpt>
  <wpt lat="50.546381" lon="7.280055">
    <name>Picknickplatz mit Blick auf den Rhein</name>
    <sym>Flag, Blue</sym>
  </wpt>
  <wpt lat="50.548267" lon="7.269325">
    <name>Gedenkstein für das Kriegsgefangenenlager „Goldene Meile“</name>
    <sym>Flag, Blue</sym>
  </wpt>
  <wpt lat="50.550948" lon="7.241308">
    <name>Sinziger Mineralbrunnen</name>
    <sym>Flag, Blue</sym>
  </wpt>
  <wpt lat="50.553394" lon="7.223295">
    <name>Alte Kapelle am Ahr-Radweg</name>
    <sym>Flag, Blue</sym>
  </wpt>
  <wpt lat="50.546434" lon="7.189352">
    <name>Blick auf die Weinberge von Altenahr</name>
    <sym>Flag, Blue</sym>
  </wpt>
  <wpt lat="50.547303" lon="7.164335">
    <name>Behelfsbrücke Heimersheim und Reste der alten Brücke</name>
    <sym>Bridge</sym>
  </wpt>
  <wpt lat="50.546638" lon="7.162510">
    <name>Blick auf die Marienkapelle auf der Landskrone</name>
    <sym>Flag, Blue</sym>
  </wpt>
  <wpt lat="50.542903" lon="7.151611">
    <name>Kastanienallee</name>
    <sym>Flag, Blue</sym>
  </wpt>
  <wpt lat="50.542918" lon="7.136800">
    <name>Stadtzentrum Bad Neuenahr</name>
    <sym>Shopping Center</sym>
  </wpt>
  <trk>
    <name>Ahrtal und Eifel - Tag 1 - von Koblenz nach Findling</name>
    <type>e_touring_bicycle</type>
    <trkseg>
      <trkpt lat="50.273949" lon="7.645975">
        <ele>69.386223</ele>
        <time>2026-08-08T10:00:35.030Z</time>
      </trkpt>
      <trkpt lat="50.273882" lon="7.645894">
        <ele>69.386223</ele>
        <time>2026-08-08T10:00:36.553Z</time>
      </trkpt>
      <trkpt lat="50.273557" lon="7.645689">
        <ele>69.386223</ele>
        <time>2026-08-08T10:00:42.729Z</time>
      </trkpt>
      <trkpt lat="50.273458" lon="7.645604">
        <ele>69.386223</ele>
        <time>2026-08-08T10:00:44.674Z</time>
      </trkpt>
      <trkpt lat="50.273336" lon="7.645388">
        <ele>69.386223</ele>
        <time>2026-08-08T10:00:47.799Z</time>
      </trkpt>
      <trkpt lat="50.273245" lon="7.645269">
        <ele>69.386223</ele>
        <time>2026-08-08T10:00:49.812Z</time>
      </trkpt>
      <trkpt lat="50.273153" lon="7.645150">
        <ele>69.323812</ele>
        <time>2026-08-08T10:00:51.858Z</time>
      </trkpt>
      <trkpt lat="50.273012" lon="7.644959">
        <ele>69.159617</ele>
        <time>2026-08-08T10:00:55.067Z</time>
      </trkpt>
      <trkpt lat="50.272720" lon="7.644514">
        <ele>68.800748</ele>
        <time>2026-08-08T10:01:02.295Z</time>
      </trkpt>
      <trkpt lat="50.272680" lon="7.644344">
        <ele>68.698815</ele>
        <time>2026-08-08T10:01:04.427Z</time>
      </trkpt>
      <trkpt lat="50.272689" lon="7.644188">
        <ele>68.610678</ele>
        <time>2026-08-08T10:01:06.340Z</time>
      </trkpt>
      <trkpt lat="50.272750" lon="7.644029">
        <ele>68.506329</ele>
        <time>2026-08-08T10:01:08.664Z</time>
      </trkpt>
      <trkpt lat="50.272798" lon="7.643969">
        <ele>68.452240</ele>
        <time>2026-08-08T10:01:09.906Z</time>
      </trkpt>
      <trkpt lat="50.273626" lon="7.643137">
        <ele>67.792911</ele>
        <time>2026-08-08T10:01:31.177Z</time>
      </trkpt>
      <trkpt lat="50.273979" lon="7.642885">
        <ele>67.777482</ele>
        <time>2026-08-08T10:01:39.852Z</time>
      </trkpt>
      <trkpt lat="50.274259" lon="7.642714">
        <ele>67.765529</ele>
        <time>2026-08-08T10:01:46.300Z</time>
      </trkpt>
      <trkpt lat="50.274415" lon="7.642562">
        <ele>67.758221</ele>
        <time>2026-08-08T10:01:50.068Z</time>
      </trkpt>
      <trkpt lat="50.274484" lon="7.642399">
        <ele>67.753252</ele>
        <time>2026-08-08T10:01:52.622Z</time>
      </trkpt>
      <trkpt lat="50.274639" lon="7.642437">
        <ele>67.747013</ele>
        <time>2026-08-08T10:01:55.801Z</time>
      </trkpt>
      <trkpt lat="50.274660" lon="7.642341">
        <ele>67.744434</ele>
        <time>2026-08-08T10:01:57.527Z</time>
      </trkpt>
      <trkpt lat="50.274621" lon="7.641973">
        <ele>67.734953</ele>
        <time>2026-08-08T10:02:03.927Z</time>
      </trkpt>
      <trkpt lat="50.274498" lon="7.641797">
        <ele>67.679305</ele>
        <time>2026-08-08T10:02:07.187Z</time>
      </trkpt>
      <trkpt lat="50.274403" lon="7.641656">
        <ele>67.584643</ele>
        <time>2026-08-08T10:02:09.773Z</time>
      </trkpt>
      <trkpt lat="50.274395" lon="7.641645">
        <ele>67.576944</ele>
        <time>2026-08-08T10:02:09.974Z</time>
      </trkpt>
      <trkpt lat="50.274491" lon="7.641480">
        <ele>67.473849</ele>
        <time>2026-08-08T10:02:12.753Z</time>
      </trkpt>
      <trkpt lat="50.274467" lon="7.641415">
        <ele>67.439166</ele>
        <time>2026-08-08T10:02:13.677Z</time>
      </trkpt>
      <trkpt lat="50.274588" lon="7.641216">
        <ele>67.312258</ele>
        <time>2026-08-08T10:02:18.319Z</time>
      </trkpt>
      <trkpt lat="50.275319" lon="7.639891">
        <ele>66.503525</ele>
        <time>2026-08-08T10:02:40.452Z</time>
      </trkpt>
      <trkpt lat="50.275958" lon="7.638700">
        <ele>66.130498</ele>
        <time>2026-08-08T10:03:00.621Z</time>
      </trkpt>
      <trkpt lat="50.275962" lon="7.638693">
        <ele>66.128480</ele>
        <time>2026-08-08T10:03:00.740Z</time>
      </trkpt>
      <trkpt lat="50.276176" lon="7.638246">
        <ele>66.008461</ele>
        <time>2026-08-08T10:03:08.154Z</time>
      </trkpt>
      <trkpt lat="50.276761" lon="7.637237">
        <ele>65.715088</ele>
        <time>2026-08-08T10:03:26.292Z</time>
      </trkpt>
      <trkpt lat="50.276818" lon="7.637145">
        <ele>65.687398</ele>
        <time>2026-08-08T10:03:28.003Z</time>
      </trkpt>
      <trkpt lat="50.278534" lon="7.634039">
        <ele>65.046704</ele>
        <time>2026-08-08T10:04:21.340Z</time>
      </trkpt>
      <trkpt lat="50.280055" lon="7.631282">
        <ele>65.589103</ele>
        <time>2026-08-08T10:05:12.022Z</time>
      </trkpt>
      <trkpt lat="50.280063" lon="7.631268">
        <ele>65.593323</ele>
        <time>2026-08-08T10:05:12.286Z</time>
      </trkpt>
      <trkpt lat="50.280495" lon="7.630477">
        <ele>65.448792</ele>
        <time>2026-08-08T10:05:26.323Z</time>
      </trkpt>
      <trkpt lat="50.281373" lon="7.628863">
        <ele>65.218794</ele>
        <time>2026-08-08T10:05:53.726Z</time>
      </trkpt>
      <trkpt lat="50.281813" lon="7.628209">
        <ele>65.353739</ele>
        <time>2026-08-08T10:06:06.516Z</time>
      </trkpt>
      <trkpt lat="50.282066" lon="7.627899">
        <ele>65.425193</ele>
        <time>2026-08-08T10:06:13.567Z</time>
      </trkpt>
      <trkpt lat="50.282521" lon="7.627447">
        <ele>65.545038</ele>
        <time>2026-08-08T10:06:25.549Z</time>
      </trkpt>
      <trkpt lat="50.282854" lon="7.627183">
        <ele>65.587100</ele>
        <time>2026-08-08T10:06:33.696Z</time>
      </trkpt>
      <trkpt lat="50.282890" lon="7.627158">
        <ele>65.589143</ele>
        <time>2026-08-08T10:06:34.511Z</time>
      </trkpt>
      <trkpt lat="50.283008" lon="7.627081">
        <ele>65.595778</ele>
        <time>2026-08-08T10:06:37.284Z</time>
      </trkpt>
      <trkpt lat="50.283448" lon="7.626415">
        <ele>65.627544</ele>
        <time>2026-08-08T10:06:50.158Z</time>
      </trkpt>
      <trkpt lat="50.283535" lon="7.626184">
        <ele>65.636435</ele>
        <time>2026-08-08T10:06:53.692Z</time>
      </trkpt>
      <trkpt lat="50.283790" lon="7.625528">
        <ele>65.661896</ele>
        <time>2026-08-08T10:07:03.813Z</time>
      </trkpt>
      <trkpt lat="50.284085" lon="7.625015">
        <ele>65.739894</ele>
        <time>2026-08-08T10:07:13.016Z</time>
      </trkpt>
      <trkpt lat="50.284822" lon="7.623877">
        <ele>65.969788</ele>
        <time>2026-08-08T10:07:35.339Z</time>
      </trkpt>
      <trkpt lat="50.285199" lon="7.623171">
        <ele>66.123694</ele>
        <time>2026-08-08T10:07:48.109Z</time>
      </trkpt>
      <trkpt lat="50.285670" lon="7.622380">
        <ele>66.385790</ele>
        <time>2026-08-08T10:08:03.227Z</time>
      </trkpt>
      <trkpt lat="50.286028" lon="7.621838">
        <ele>66.574755</ele>
        <time>2026-08-08T10:08:14.160Z</time>
      </trkpt>
      <trkpt lat="50.287283" lon="7.619635">
        <ele>66.648411</ele>
        <time>2026-08-08T10:08:54.543Z</time>
      </trkpt>
      <trkpt lat="50.288076" lon="7.618159">
        <ele>65.795570</ele>
        <time>2026-08-08T10:09:18.810Z</time>
      </trkpt>
      <trkpt lat="50.288552" lon="7.617279">
        <ele>65.086283</ele>
        <time>2026-08-08T10:09:32.797Z</time>
      </trkpt>
      <trkpt lat="50.289036" lon="7.616300">
        <ele>64.479519</ele>
        <time>2026-08-08T10:09:47.982Z</time>
      </trkpt>
      <trkpt lat="50.289455" lon="7.615475">
        <ele>64.008654</ele>
        <time>2026-08-08T10:10:01.212Z</time>
      </trkpt>
      <trkpt lat="50.291047" lon="7.612605">
        <ele>63.300873</ele>
        <time>2026-08-08T10:10:51.686Z</time>
      </trkpt>
      <trkpt lat="50.291380" lon="7.612054">
        <ele>63.239221</ele>
        <time>2026-08-08T10:11:01.751Z</time>
      </trkpt>
      <trkpt lat="50.291435" lon="7.611911">
        <ele>63.225653</ele>
        <time>2026-08-08T10:11:03.957Z</time>
      </trkpt>
      <trkpt lat="50.291461" lon="7.611843">
        <ele>63.219211</ele>
        <time>2026-08-08T10:11:05.011Z</time>
      </trkpt>
      <trkpt lat="50.292635" lon="7.610302">
        <ele>63.182554</ele>
        <time>2026-08-08T10:11:36.864Z</time>
      </trkpt>
      <trkpt lat="50.293687" lon="7.609094">
        <ele>63.458920</ele>
        <time>2026-08-08T10:12:05.057Z</time>
      </trkpt>
      <trkpt lat="50.294327" lon="7.608458">
        <ele>63.832615</ele>
        <time>2026-08-08T10:12:21.778Z</time>
      </trkpt>
      <trkpt lat="50.294388" lon="7.608407">
        <ele>63.867425</ele>
        <time>2026-08-08T10:12:23.309Z</time>
      </trkpt>
      <trkpt lat="50.294402" lon="7.608330">
        <ele>63.893170</ele>
        <time>2026-08-08T10:12:24.432Z</time>
      </trkpt>
      <trkpt lat="50.294524" lon="7.608089">
        <ele>63.992051</ele>
        <time>2026-08-08T10:12:28.799Z</time>
      </trkpt>
      <trkpt lat="50.295096" lon="7.607460">
        <ele>64.343923</ele>
        <time>2026-08-08T10:12:44.142Z</time>
      </trkpt>
      <trkpt lat="50.295496" lon="7.606952">
        <ele>64.520122</ele>
        <time>2026-08-08T10:12:55.351Z</time>
      </trkpt>
      <trkpt lat="50.296139" lon="7.606253">
        <ele>64.773770</ele>
        <time>2026-08-08T10:13:11.960Z</time>
      </trkpt>
      <trkpt lat="50.296385" lon="7.606074">
        <ele>64.861667</ele>
        <time>2026-08-08T10:13:17.785Z</time>
      </trkpt>
      <trkpt lat="50.296444" lon="7.606057">
        <ele>64.881104</ele>
        <time>2026-08-08T10:13:19.092Z</time>
      </trkpt>
      <trkpt lat="50.296716" lon="7.605591">
        <ele>65.078849</ele>
        <time>2026-08-08T10:13:27.953Z</time>
      </trkpt>
      <trkpt lat="50.296882" lon="7.605366">
        <ele>65.230976</ele>
        <time>2026-08-08T10:13:32.820Z</time>
      </trkpt>
      <trkpt lat="50.297304" lon="7.604970">
        <ele>65.571850</ele>
        <time>2026-08-08T10:13:43.901Z</time>
      </trkpt>
      <trkpt lat="50.297376" lon="7.604868">
        <ele>65.639126</ele>
        <time>2026-08-08T10:13:46.097Z</time>
      </trkpt>
      <trkpt lat="50.297558" lon="7.604702">
        <ele>65.785060</ele>
        <time>2026-08-08T10:13:50.848Z</time>
      </trkpt>
      <trkpt lat="50.297606" lon="7.604756">
        <ele>65.826011</ele>
        <time>2026-08-08T10:13:52.211Z</time>
      </trkpt>
      <trkpt lat="50.297667" lon="7.604915">
        <ele>65.908095</ele>
        <time>2026-08-08T10:13:54.858Z</time>
      </trkpt>
      <trkpt lat="50.297737" lon="7.605107">
        <ele>66.005934</ele>
        <time>2026-08-08T10:13:58.026Z</time>
      </trkpt>
      <trkpt lat="50.297753" lon="7.605097">
        <ele>66.017870</ele>
        <time>2026-08-08T10:13:58.394Z</time>
      </trkpt>
      <trkpt lat="50.297894" lon="7.604982">
        <ele>66.128020</ele>
        <time>2026-08-08T10:14:01.911Z</time>
      </trkpt>
      <trkpt lat="50.298209" lon="7.604731">
        <ele>66.211726</ele>
        <time>2026-08-08T10:14:09.510Z</time>
      </trkpt>
      <trkpt lat="50.298610" lon="7.604347">
        <ele>66.235661</ele>
        <time>2026-08-08T10:14:19.173Z</time>
      </trkpt>
      <trkpt lat="50.298966" lon="7.604054">
        <ele>66.256141</ele>
        <time>2026-08-08T10:14:27.081Z</time>
      </trkpt>
      <trkpt lat="50.299093" lon="7.603914">
        <ele>66.264050</ele>
        <time>2026-08-08T10:14:30.072Z</time>
      </trkpt>
      <trkpt lat="50.300218" lon="7.602912">
        <ele>68.427064</ele>
        <time>2026-08-08T10:14:58.813Z</time>
      </trkpt>
      <trkpt lat="50.300390" lon="7.603436">
        <ele>69.465335</ele>
        <time>2026-08-08T10:15:08.372Z</time>
      </trkpt>
      <trkpt lat="50.300458" lon="7.603624">
        <ele>69.846089</ele>
        <time>2026-08-08T10:15:11.930Z</time>
      </trkpt>
      <trkpt lat="50.300548" lon="7.603867">
        <ele>70.341122</ele>
        <time>2026-08-08T10:15:16.593Z</time>
      </trkpt>
      <trkpt lat="50.300839" lon="7.604741">
        <ele>72.052327</ele>
        <time>2026-08-08T10:15:33.304Z</time>
      </trkpt>
      <trkpt lat="50.301020" lon="7.605426">
        <ele>73.317929</ele>
        <time>2026-08-08T10:15:45.397Z</time>
      </trkpt>
      <trkpt lat="50.301164" lon="7.605874">
        <ele>74.174170</ele>
        <time>2026-08-08T10:15:53.093Z</time>
      </trkpt>
      <trkpt lat="50.301369" lon="7.606449">
        <ele>75.298414</ele>
        <time>2026-08-08T10:16:02.618Z</time>
      </trkpt>
      <trkpt lat="50.301708" lon="7.607392">
        <ele>76.207241</ele>
        <time>2026-08-08T10:16:17.591Z</time>
      </trkpt>
      <trkpt lat="50.302074" lon="7.608459">
        <ele>76.486845</ele>
        <time>2026-08-08T10:16:34.167Z</time>
      </trkpt>
      <trkpt lat="50.302773" lon="7.610382">
        <ele>76.541356</ele>
        <time>2026-08-08T10:17:05.048Z</time>
      </trkpt>
      <trkpt lat="50.303942" lon="7.609331">
        <ele>76.150402</ele>
        <time>2026-08-08T10:17:31.674Z</time>
      </trkpt>
      <trkpt lat="50.304315" lon="7.609022">
        <ele>75.933076</ele>
        <time>2026-08-08T10:17:40.257Z</time>
      </trkpt>
      <trkpt lat="50.304539" lon="7.608837">
        <ele>75.802651</ele>
        <time>2026-08-08T10:17:45.383Z</time>
      </trkpt>
      <trkpt lat="50.304718" lon="7.608696">
        <ele>75.699458</ele>
        <time>2026-08-08T10:17:49.476Z</time>
      </trkpt>
      <trkpt lat="50.305206" lon="7.608314">
        <ele>75.418480</ele>
        <time>2026-08-08T10:18:00.622Z</time>
      </trkpt>
      <trkpt lat="50.305294" lon="7.608244">
        <ele>75.334465</ele>
        <time>2026-08-08T10:18:02.619Z</time>
      </trkpt>
      <trkpt lat="50.305698" lon="7.607911">
        <ele>74.866107</ele>
        <time>2026-08-08T10:18:11.844Z</time>
      </trkpt>
      <trkpt lat="50.305733" lon="7.607808">
        <ele>74.789665</ele>
        <time>2026-08-08T10:18:13.281Z</time>
      </trkpt>
      <trkpt lat="50.305038" lon="7.605876">
        <ele>73.254311</ele>
        <time>2026-08-08T10:18:40.020Z</time>
      </trkpt>
      <trkpt lat="50.304439" lon="7.604206">
        <ele>71.526649</ele>
        <time>2026-08-08T10:19:02.877Z</time>
      </trkpt>
      <trkpt lat="50.304393" lon="7.604027">
        <ele>71.352606</ele>
        <time>2026-08-08T10:19:05.112Z</time>
      </trkpt>
      <trkpt lat="50.304461" lon="7.603992">
        <ele>71.251515</ele>
        <time>2026-08-08T10:19:06.415Z</time>
      </trkpt>
      <trkpt lat="50.304480" lon="7.603921">
        <ele>71.182077</ele>
        <time>2026-08-08T10:19:07.308Z</time>
      </trkpt>
      <trkpt lat="50.304721" lon="7.603774">
        <ele>70.858397</ele>
        <time>2026-08-08T10:19:11.996Z</time>
      </trkpt>
      <trkpt lat="50.304790" lon="7.603759">
        <ele>70.780578</ele>
        <time>2026-08-08T10:19:13.262Z</time>
      </trkpt>
      <trkpt lat="50.305168" lon="7.603656">
        <ele>70.351968</ele>
        <time>2026-08-08T10:19:20.251Z</time>
      </trkpt>
      <trkpt lat="50.305243" lon="7.603644">
        <ele>70.267750</ele>
        <time>2026-08-08T10:19:21.629Z</time>
      </trkpt>
      <trkpt lat="50.305333" lon="7.603647">
        <ele>70.167188</ele>
        <time>2026-08-08T10:19:23.263Z</time>
      </trkpt>
      <trkpt lat="50.306286" lon="7.603905">
        <ele>69.086798</ele>
        <time>2026-08-08T10:19:42.222Z</time>
      </trkpt>
      <trkpt lat="50.306324" lon="7.603916">
        <ele>69.043629</ele>
        <time>2026-08-08T10:19:43.016Z</time>
      </trkpt>
      <trkpt lat="50.306515" lon="7.603969">
        <ele>68.777272</ele>
        <time>2026-08-08T10:19:47.012Z</time>
      </trkpt>
      <trkpt lat="50.306662" lon="7.604008">
        <ele>68.564664</ele>
        <time>2026-08-08T10:19:50.041Z</time>
      </trkpt>
      <trkpt lat="50.306908" lon="7.604074">
        <ele>68.208759</ele>
        <time>2026-08-08T10:19:54.939Z</time>
      </trkpt>
      <trkpt lat="50.306988" lon="7.604096">
        <ele>68.092934</ele>
        <time>2026-08-08T10:19:56.481Z</time>
      </trkpt>
      <trkpt lat="50.307084" lon="7.604123">
        <ele>67.953848</ele>
        <time>2026-08-08T10:19:58.266Z</time>
      </trkpt>
      <trkpt lat="50.307194" lon="7.604154">
        <ele>67.794469</ele>
        <time>2026-08-08T10:20:00.270Z</time>
      </trkpt>
      <trkpt lat="50.307315" lon="7.604176">
        <ele>67.620766</ele>
        <time>2026-08-08T10:20:02.390Z</time>
      </trkpt>
      <trkpt lat="50.307368" lon="7.604183">
        <ele>67.544920</ele>
        <time>2026-08-08T10:20:03.309Z</time>
      </trkpt>
      <trkpt lat="50.307506" lon="7.604172">
        <ele>67.347879</ele>
        <time>2026-08-08T10:20:05.652Z</time>
      </trkpt>
      <trkpt lat="50.307695" lon="7.604149">
        <ele>67.077555</ele>
        <time>2026-08-08T10:20:08.868Z</time>
      </trkpt>
      <trkpt lat="50.307898" lon="7.604126">
        <ele>66.787323</ele>
        <time>2026-08-08T10:20:12.627Z</time>
      </trkpt>
      <trkpt lat="50.308698" lon="7.604013">
        <ele>65.734679</ele>
        <time>2026-08-08T10:20:28.485Z</time>
      </trkpt>
      <trkpt lat="50.308914" lon="7.604029">
        <ele>65.462091</ele>
        <time>2026-08-08T10:20:32.070Z</time>
      </trkpt>
      <trkpt lat="50.308996" lon="7.604074">
        <ele>65.352559</ele>
        <time>2026-08-08T10:20:33.533Z</time>
      </trkpt>
      <trkpt lat="50.309081" lon="7.604115">
        <ele>65.240442</ele>
        <time>2026-08-08T10:20:35.084Z</time>
      </trkpt>
      <trkpt lat="50.309190" lon="7.604201">
        <ele>65.086582</ele>
        <time>2026-08-08T10:20:37.260Z</time>
      </trkpt>
      <trkpt lat="50.309219" lon="7.604110">
        <ele>65.004707</ele>
        <time>2026-08-08T10:20:38.822Z</time>
      </trkpt>
      <trkpt lat="50.309078" lon="7.603974">
        <ele>64.795950</ele>
        <time>2026-08-08T10:20:43.078Z</time>
      </trkpt>
      <trkpt lat="50.309040" lon="7.603976">
        <ele>64.748021</ele>
        <time>2026-08-08T10:20:44.126Z</time>
      </trkpt>
      <trkpt lat="50.308984" lon="7.603940">
        <ele>64.671711</ele>
        <time>2026-08-08T10:20:45.775Z</time>
      </trkpt>
      <trkpt lat="50.308934" lon="7.603876">
        <ele>64.590303</ele>
        <time>2026-08-08T10:20:47.530Z</time>
      </trkpt>
      <trkpt lat="50.308654" lon="7.603837">
        <ele>64.235948</ele>
        <time>2026-08-08T10:20:55.400Z</time>
      </trkpt>
      <trkpt lat="50.308646" lon="7.602952">
        <ele>64.137217</ele>
        <time>2026-08-08T10:21:06.891Z</time>
      </trkpt>
      <trkpt lat="50.308695" lon="7.602873">
        <ele>64.132154</ele>
        <time>2026-08-08T10:21:08.242Z</time>
      </trkpt>
      <trkpt lat="50.308712" lon="7.602745">
        <ele>64.126143</ele>
        <time>2026-08-08T10:21:09.865Z</time>
      </trkpt>
      <trkpt lat="50.308705" lon="7.602354">
        <ele>64.108159</ele>
        <time>2026-08-08T10:21:14.898Z</time>
      </trkpt>
      <trkpt lat="50.308698" lon="7.601889">
        <ele>64.086774</ele>
        <time>2026-08-08T10:21:22.100Z</time>
      </trkpt>
      <trkpt lat="50.308677" lon="7.601569">
        <ele>64.071984</ele>
        <time>2026-08-08T10:21:27.081Z</time>
      </trkpt>
      <trkpt lat="50.308660" lon="7.601300">
        <ele>64.059556</ele>
        <time>2026-08-08T10:21:31.886Z</time>
      </trkpt>
      <trkpt lat="50.308578" lon="7.600669">
        <ele>63.951311</ele>
        <time>2026-08-08T10:21:41.493Z</time>
      </trkpt>
      <trkpt lat="50.308450" lon="7.599635">
        <ele>63.648343</ele>
        <time>2026-08-08T10:21:56.550Z</time>
      </trkpt>
      <trkpt lat="50.308503" lon="7.599382">
        <ele>63.571752</ele>
        <time>2026-08-08T10:21:59.911Z</time>
      </trkpt>
      <trkpt lat="50.308524" lon="7.599308">
        <ele>63.548459</ele>
        <time>2026-08-08T10:22:00.950Z</time>
      </trkpt>
      <trkpt lat="50.308563" lon="7.599172">
        <ele>63.505575</ele>
        <time>2026-08-08T10:22:02.816Z</time>
      </trkpt>
      <trkpt lat="50.308591" lon="7.599087">
        <ele>63.478064</ele>
        <time>2026-08-08T10:22:04.020Z</time>
      </trkpt>
      <trkpt lat="50.308681" lon="7.598454">
        <ele>63.291523</ele>
        <time>2026-08-08T10:22:12.184Z</time>
      </trkpt>
      <trkpt lat="50.308716" lon="7.597823">
        <ele>63.170899</ele>
        <time>2026-08-08T10:22:20.381Z</time>
      </trkpt>
      <trkpt lat="50.308745" lon="7.597618">
        <ele>63.140140</ele>
        <time>2026-08-08T10:22:23.186Z</time>
      </trkpt>
      <trkpt lat="50.308713" lon="7.597379">
        <ele>63.104367</ele>
        <time>2026-08-08T10:22:26.457Z</time>
      </trkpt>
      <trkpt lat="50.308741" lon="7.596789">
        <ele>63.017697</ele>
        <time>2026-08-08T10:22:34.463Z</time>
      </trkpt>
      <trkpt lat="50.309142" lon="7.595820">
        <ele>62.848549</ele>
        <time>2026-08-08T10:22:49.585Z</time>
      </trkpt>
      <trkpt lat="50.309290" lon="7.595559">
        <ele>62.813202</ele>
        <time>2026-08-08T10:22:54.290Z</time>
      </trkpt>
      <trkpt lat="50.309370" lon="7.595492">
        <ele>62.805635</ele>
        <time>2026-08-08T10:22:56.212Z</time>
      </trkpt>
      <trkpt lat="50.309738" lon="7.594880">
        <ele>62.760861</ele>
        <time>2026-08-08T10:23:07.438Z</time>
      </trkpt>
      <trkpt lat="50.309973" lon="7.594623">
        <ele>62.736953</ele>
        <time>2026-08-08T10:23:13.481Z</time>
      </trkpt>
      <trkpt lat="50.309990" lon="7.594604">
        <ele>62.735211</ele>
        <time>2026-08-08T10:23:13.925Z</time>
      </trkpt>
      <trkpt lat="50.310703" lon="7.593895">
        <ele>62.674032</ele>
        <time>2026-08-08T10:23:31.498Z</time>
      </trkpt>
      <trkpt lat="50.310723" lon="7.593966">
        <ele>62.675048</ele>
        <time>2026-08-08T10:23:32.580Z</time>
      </trkpt>
      <trkpt lat="50.310767" lon="7.594021">
        <ele>62.676203</ele>
        <time>2026-08-08T10:23:33.800Z</time>
      </trkpt>
      <trkpt lat="50.311951" lon="7.593155">
        <ele>62.702999</ele>
        <time>2026-08-08T10:24:01.379Z</time>
      </trkpt>
      <trkpt lat="50.312784" lon="7.592745">
        <ele>62.851797</ele>
        <time>2026-08-08T10:24:19.896Z</time>
      </trkpt>
      <trkpt lat="50.312811" lon="7.592641">
        <ele>62.869548</ele>
        <time>2026-08-08T10:24:21.408Z</time>
      </trkpt>
      <trkpt lat="50.312979" lon="7.592560">
        <ele>62.913072</ele>
        <time>2026-08-08T10:24:25.166Z</time>
      </trkpt>
      <trkpt lat="50.313175" lon="7.592537">
        <ele>62.961737</ele>
        <time>2026-08-08T10:24:29.400Z</time>
      </trkpt>
      <trkpt lat="50.313423" lon="7.592409">
        <ele>63.026392</ele>
        <time>2026-08-08T10:24:35.039Z</time>
      </trkpt>
      <trkpt lat="50.313474" lon="7.592394">
        <ele>63.039240</ele>
        <time>2026-08-08T10:24:36.195Z</time>
      </trkpt>
      <trkpt lat="50.314817" lon="7.592181">
        <ele>63.619497</ele>
        <time>2026-08-08T10:25:05.760Z</time>
      </trkpt>
      <trkpt lat="50.316816" lon="7.591840">
        <ele>64.234598</ele>
        <time>2026-08-08T10:25:49.917Z</time>
      </trkpt>
      <trkpt lat="50.317390" lon="7.591690">
        <ele>64.306013</ele>
        <time>2026-08-08T10:26:01.950Z</time>
      </trkpt>
      <trkpt lat="50.317899" lon="7.591605">
        <ele>64.069488</ele>
        <time>2026-08-08T10:26:12.039Z</time>
      </trkpt>
      <trkpt lat="50.319003" lon="7.591400">
        <ele>63.356972</ele>
        <time>2026-08-08T10:26:33.792Z</time>
      </trkpt>
      <trkpt lat="50.319883" lon="7.591242">
        <ele>63.296392</ele>
        <time>2026-08-08T10:26:52.029Z</time>
      </trkpt>
      <trkpt lat="50.319946" lon="7.591157">
        <ele>63.314467</ele>
        <time>2026-08-08T10:26:53.811Z</time>
      </trkpt>
      <trkpt lat="50.320046" lon="7.591137">
        <ele>63.336379</ele>
        <time>2026-08-08T10:26:56.007Z</time>
      </trkpt>
      <trkpt lat="50.320365" lon="7.591085">
        <ele>63.406092</ele>
        <time>2026-08-08T10:27:03.025Z</time>
      </trkpt>
      <trkpt lat="50.321599" lon="7.590882">
        <ele>63.924694</ele>
        <time>2026-08-08T10:27:30.442Z</time>
      </trkpt>
      <trkpt lat="50.323549" lon="7.591568">
        <ele>65.273640</ele>
        <time>2026-08-08T10:28:14.705Z</time>
      </trkpt>
      <trkpt lat="50.324535" lon="7.591966">
        <ele>65.951620</ele>
        <time>2026-08-08T10:28:37.184Z</time>
      </trkpt>
      <trkpt lat="50.325203" lon="7.592455">
        <ele>66.496315</ele>
        <time>2026-08-08T10:29:02.361Z</time>
      </trkpt>
      <trkpt lat="50.326653" lon="7.593333">
        <ele>67.827129</ele>
        <time>2026-08-08T10:29:36.924Z</time>
      </trkpt>
      <trkpt lat="50.327329" lon="7.593693">
        <ele>68.635852</ele>
        <time>2026-08-08T10:29:52.274Z</time>
      </trkpt>
      <trkpt lat="50.328460" lon="7.594138">
        <ele>71.188555</ele>
        <time>2026-08-08T10:30:19.759Z</time>
      </trkpt>
      <trkpt lat="50.328414" lon="7.594403">
        <ele>71.793096</ele>
        <time>2026-08-08T10:30:24.100Z</time>
      </trkpt>
      <trkpt lat="50.328352" lon="7.594551">
        <ele>72.182782</ele>
        <time>2026-08-08T10:30:27.405Z</time>
      </trkpt>
      <trkpt lat="50.328301" lon="7.594642">
        <ele>72.449349</ele>
        <time>2026-08-08T10:30:29.677Z</time>
      </trkpt>
      <trkpt lat="50.328203" lon="7.594727">
        <ele>72.835629</ele>
        <time>2026-08-08T10:30:32.995Z</time>
      </trkpt>
      <trkpt lat="50.328275" lon="7.594760">
        <ele>73.094318</ele>
        <time>2026-08-08T10:30:42.225Z</time>
      </trkpt>
      <trkpt lat="50.328297" lon="7.594806">
        <ele>73.220846</ele>
        <time>2026-08-08T10:30:44.776Z</time>
      </trkpt>
      <trkpt lat="50.328353" lon="7.594853">
        <ele>73.439923</ele>
        <time>2026-08-08T10:30:49.209Z</time>
      </trkpt>
      <trkpt lat="50.328353" lon="7.594931">
        <ele>73.611629</ele>
        <time>2026-08-08T10:30:52.699Z</time>
      </trkpt>
      <trkpt lat="50.328343" lon="7.596211">
        <ele>75.991228</ele>
        <time>2026-08-08T10:31:14.099Z</time>
      </trkpt>
      <trkpt lat="50.328335" lon="7.597097">
        <ele>76.962544</ele>
        <time>2026-08-08T10:31:27.464Z</time>
      </trkpt>
      <trkpt lat="50.328348" lon="7.597096">
        <ele>76.984894</ele>
        <time>2026-08-08T10:31:27.751Z</time>
      </trkpt>
      <trkpt lat="50.328769" lon="7.597123">
        <ele>77.708405</ele>
        <time>2026-08-08T10:31:37.396Z</time>
      </trkpt>
      <trkpt lat="50.328915" lon="7.597097">
        <ele>77.960719</ele>
        <time>2026-08-08T10:31:40.634Z</time>
      </trkpt>
      <trkpt lat="50.329116" lon="7.597053">
        <ele>78.309213</ele>
        <time>2026-08-08T10:31:44.899Z</time>
      </trkpt>
      <trkpt lat="50.329311" lon="7.597073">
        <ele>78.644767</ele>
        <time>2026-08-08T10:31:48.787Z</time>
      </trkpt>
      <trkpt lat="50.329435" lon="7.597095">
        <ele>78.677498</ele>
        <time>2026-08-08T10:31:51.221Z</time>
      </trkpt>
      <trkpt lat="50.329595" lon="7.597124">
        <ele>78.719579</ele>
        <time>2026-08-08T10:31:55.390Z</time>
      </trkpt>
      <trkpt lat="50.329744" lon="7.597154">
        <ele>78.758828</ele>
        <time>2026-08-08T10:31:59.351Z</time>
      </trkpt>
      <trkpt lat="50.329853" lon="7.597169">
        <ele>78.787416</ele>
        <time>2026-08-08T10:32:02.281Z</time>
      </trkpt>
      <trkpt lat="50.330074" lon="7.597229">
        <ele>78.846017</ele>
        <time>2026-08-08T10:32:08.320Z</time>
      </trkpt>
      <trkpt lat="50.330404" lon="7.597331">
        <ele>78.933897</ele>
        <time>2026-08-08T10:32:15.601Z</time>
      </trkpt>
      <trkpt lat="50.330671" lon="7.597462">
        <ele>79.006996</ele>
        <time>2026-08-08T10:32:21.813Z</time>
      </trkpt>
      <trkpt lat="50.330739" lon="7.597493">
        <ele>79.025500</ele>
        <time>2026-08-08T10:32:23.415Z</time>
      </trkpt>
      <trkpt lat="50.330813" lon="7.597528">
        <ele>79.045695</ele>
        <time>2026-08-08T10:32:25.151Z</time>
      </trkpt>
      <trkpt lat="50.331943" lon="7.597945">
        <ele>79.860419</ele>
        <time>2026-08-08T10:32:51.671Z</time>
      </trkpt>
      <trkpt lat="50.332312" lon="7.598082">
        <ele>80.175880</ele>
        <time>2026-08-08T10:33:00.134Z</time>
      </trkpt>
      <trkpt lat="50.332651" lon="7.598205">
        <ele>80.465347</ele>
        <time>2026-08-08T10:33:07.712Z</time>
      </trkpt>
      <trkpt lat="50.332669" lon="7.598211">
        <ele>80.480656</ele>
        <time>2026-08-08T10:33:08.095Z</time>
      </trkpt>
      <trkpt lat="50.333501" lon="7.598521">
        <ele>80.911887</ele>
        <time>2026-08-08T10:33:25.971Z</time>
      </trkpt>
      <trkpt lat="50.334499" lon="7.598833">
        <ele>81.350202</ele>
        <time>2026-08-08T10:33:48.508Z</time>
      </trkpt>
      <trkpt lat="50.335863" lon="7.599181">
        <ele>81.237678</ele>
        <time>2026-08-08T10:34:19.298Z</time>
      </trkpt>
      <trkpt lat="50.336051" lon="7.599213">
        <ele>81.216129</ele>
        <time>2026-08-08T10:34:22.822Z</time>
      </trkpt>
      <trkpt lat="50.336288" lon="7.599236">
        <ele>81.189071</ele>
        <time>2026-08-08T10:34:26.979Z</time>
      </trkpt>
      <trkpt lat="50.336574" lon="7.599197">
        <ele>80.364398</ele>
        <time>2026-08-08T10:34:31.844Z</time>
      </trkpt>
      <trkpt lat="50.336742" lon="7.599140">
        <ele>79.709963</ele>
        <time>2026-08-08T10:34:34.715Z</time>
      </trkpt>
      <trkpt lat="50.336988" lon="7.598992">
        <ele>78.706714</ele>
        <time>2026-08-08T10:34:39.051Z</time>
      </trkpt>
      <trkpt lat="50.337320" lon="7.598821">
        <ele>77.376174</ele>
        <time>2026-08-08T10:34:44.617Z</time>
      </trkpt>
      <trkpt lat="50.337387" lon="7.598827">
        <ele>77.120676</ele>
        <time>2026-08-08T10:34:45.611Z</time>
      </trkpt>
      <trkpt lat="50.338120" lon="7.599178">
        <ele>74.196635</ele>
        <time>2026-08-08T10:34:57.110Z</time>
      </trkpt>
      <trkpt lat="50.338217" lon="7.599186">
        <ele>73.810003</ele>
        <time>2026-08-08T10:34:58.586Z</time>
      </trkpt>
      <trkpt lat="50.338326" lon="7.599096">
        <ele>73.319579</ele>
        <time>2026-08-08T10:35:00.482Z</time>
      </trkpt>
      <trkpt lat="50.338432" lon="7.598900">
        <ele>72.666925</ele>
        <time>2026-08-08T10:35:03.019Z</time>
      </trkpt>
      <trkpt lat="50.338499" lon="7.598808">
        <ele>72.312314</ele>
        <time>2026-08-08T10:35:04.386Z</time>
      </trkpt>
      <trkpt lat="50.338637" lon="7.598710">
        <ele>71.709232</ele>
        <time>2026-08-08T10:35:06.711Z</time>
      </trkpt>
      <trkpt lat="50.339129" lon="7.598758">
        <ele>69.747088</ele>
        <time>2026-08-08T10:35:14.238Z</time>
      </trkpt>
      <trkpt lat="50.339711" lon="7.598835">
        <ele>67.422258</ele>
        <time>2026-08-08T10:35:23.575Z</time>
      </trkpt>
      <trkpt lat="50.340745" lon="7.599043">
        <ele>66.144625</ele>
        <time>2026-08-08T10:35:43.119Z</time>
      </trkpt>
      <trkpt lat="50.341296" lon="7.599281">
        <ele>65.544473</ele>
        <time>2026-08-08T10:35:54.866Z</time>
      </trkpt>
      <trkpt lat="50.342958" lon="7.600113">
        <ele>65.394865</ele>
        <time>2026-08-08T10:36:31.939Z</time>
      </trkpt>
      <trkpt lat="50.343083" lon="7.600188">
        <ele>65.404678</ele>
        <time>2026-08-08T10:36:34.829Z</time>
      </trkpt>
      <trkpt lat="50.343114" lon="7.600151">
        <ele>65.407535</ele>
        <time>2026-08-08T10:36:35.886Z</time>
      </trkpt>
      <trkpt lat="50.343206" lon="7.600153">
        <ele>65.414280</ele>
        <time>2026-08-08T10:36:38.435Z</time>
      </trkpt>
      <trkpt lat="50.343333" lon="7.600213">
        <ele>65.436763</ele>
        <time>2026-08-08T10:36:42.101Z</time>
      </trkpt>
      <trkpt lat="50.343939" lon="7.600581">
        <ele>65.570294</ele>
        <time>2026-08-08T10:37:00.086Z</time>
      </trkpt>
      <trkpt lat="50.345907" lon="7.602135">
        <ele>66.170377</ele>
        <time>2026-08-08T10:38:01.200Z</time>
      </trkpt>
      <trkpt lat="50.347067" lon="7.603172">
        <ele>66.760750</ele>
        <time>2026-08-08T10:38:38.403Z</time>
      </trkpt>
      <trkpt lat="50.347565" lon="7.603582">
        <ele>67.066906</ele>
        <time>2026-08-08T10:38:53.750Z</time>
      </trkpt>
      <trkpt lat="50.347883" lon="7.603768">
        <ele>67.251635</ele>
        <time>2026-08-08T10:39:03.303Z</time>
      </trkpt>
      <trkpt lat="50.348439" lon="7.604045">
        <ele>67.766728</ele>
        <time>2026-08-08T10:39:19.666Z</time>
      </trkpt>
      <trkpt lat="50.348371" lon="7.604455">
        <ele>68.056210</ele>
        <time>2026-08-08T10:39:25.734Z</time>
      </trkpt>
      <trkpt lat="50.348333" lon="7.604715">
        <ele>68.238481</ele>
        <time>2026-08-08T10:39:29.597Z</time>
      </trkpt>
      <trkpt lat="50.348405" lon="7.604743">
        <ele>68.317923</ele>
        <time>2026-08-08T10:39:31.303Z</time>
      </trkpt>
      <trkpt lat="50.348599" lon="7.604867">
        <ele>68.542290</ele>
        <time>2026-08-08T10:39:36.117Z</time>
      </trkpt>
      <trkpt lat="50.348703" lon="7.604938">
        <ele>68.663771</ele>
        <time>2026-08-08T10:39:38.744Z</time>
      </trkpt>
      <trkpt lat="50.348865" lon="7.605015">
        <ele>68.845057</ele>
        <time>2026-08-08T10:39:42.671Z</time>
      </trkpt>
      <trkpt lat="50.349060" lon="7.605174">
        <ele>69.080454</ele>
        <time>2026-08-08T10:39:47.735Z</time>
      </trkpt>
      <trkpt lat="50.349354" lon="7.605404">
        <ele>69.380737</ele>
        <time>2026-08-08T10:39:54.652Z</time>
      </trkpt>
      <trkpt lat="50.349444" lon="7.605468">
        <ele>69.447902</ele>
        <time>2026-08-08T10:39:56.592Z</time>
      </trkpt>
      <trkpt lat="50.349666" lon="7.605593">
        <ele>69.608213</ele>
        <time>2026-08-08T10:40:01.439Z</time>
      </trkpt>
      <trkpt lat="50.349967" lon="7.605862">
        <ele>69.843692</ele>
        <time>2026-08-08T10:40:09.087Z</time>
      </trkpt>
      <trkpt lat="50.350035" lon="7.605922">
        <ele>69.896725</ele>
        <time>2026-08-08T10:40:10.854Z</time>
      </trkpt>
      <trkpt lat="50.350078" lon="7.605960">
        <ele>69.930273</ele>
        <time>2026-08-08T10:40:11.977Z</time>
      </trkpt>
      <trkpt lat="50.350201" lon="7.606059">
        <ele>70.024243</ele>
        <time>2026-08-08T10:40:15.117Z</time>
      </trkpt>
      <trkpt lat="50.350801" lon="7.606534">
        <ele>70.481068</ele>
        <time>2026-08-08T10:40:30.419Z</time>
      </trkpt>
      <trkpt lat="50.350863" lon="7.606612">
        <ele>70.522035</ele>
        <time>2026-08-08T10:40:32.290Z</time>
      </trkpt>
      <trkpt lat="50.350881" lon="7.606599">
        <ele>70.527378</ele>
        <time>2026-08-08T10:40:32.851Z</time>
      </trkpt>
      <trkpt lat="50.351038" lon="7.606569">
        <ele>70.570015</ele>
        <time>2026-08-08T10:40:37.294Z</time>
      </trkpt>
      <trkpt lat="50.351196" lon="7.606663">
        <ele>70.615573</ele>
        <time>2026-08-08T10:40:42.062Z</time>
      </trkpt>
      <trkpt lat="50.351462" lon="7.606917">
        <ele>70.699541</ele>
        <time>2026-08-08T10:40:50.791Z</time>
      </trkpt>
      <trkpt lat="50.351499" lon="7.606947">
        <ele>70.710771</ele>
        <time>2026-08-08T10:40:51.921Z</time>
      </trkpt>
      <trkpt lat="50.351760" lon="7.607162">
        <ele>70.790257</ele>
        <time>2026-08-08T10:40:58.136Z</time>
      </trkpt>
      <trkpt lat="50.351859" lon="7.607190">
        <ele>70.817376</ele>
        <time>2026-08-08T10:41:00.202Z</time>
      </trkpt>
      <trkpt lat="50.351949" lon="7.607191">
        <ele>70.841638</ele>
        <time>2026-08-08T10:41:02.594Z</time>
      </trkpt>
      <trkpt lat="50.352109" lon="7.607132">
        <ele>70.885948</ele>
        <time>2026-08-08T10:41:06.983Z</time>
      </trkpt>
      <trkpt lat="50.352202" lon="7.607056">
        <ele>70.914222</ele>
        <time>2026-08-08T10:41:09.720Z</time>
      </trkpt>
      <trkpt lat="50.352343" lon="7.606866">
        <ele>70.964350</ele>
        <time>2026-08-08T10:41:13.405Z</time>
      </trkpt>
      <trkpt lat="50.352402" lon="7.606679">
        <ele>70.999306</ele>
        <time>2026-08-08T10:41:16.071Z</time>
      </trkpt>
      <trkpt lat="50.353801" lon="7.602184">
        <ele>72.143464</ele>
        <time>2026-08-08T10:42:24.826Z</time>
      </trkpt>
      <trkpt lat="50.353880" lon="7.601767">
        <ele>72.320818</ele>
        <time>2026-08-08T10:42:32.676Z</time>
      </trkpt>
      <trkpt lat="50.353970" lon="7.601093">
        <ele>72.493195</ele>
        <time>2026-08-08T10:42:45.032Z</time>
      </trkpt>
      <trkpt lat="50.353979" lon="7.600835">
        <ele>72.542322</ele>
        <time>2026-08-08T10:42:49.651Z</time>
      </trkpt>
      <trkpt lat="50.353931" lon="7.600728">
        <ele>72.567191</ele>
        <time>2026-08-08T10:42:52.007Z</time>
      </trkpt>
      <trkpt lat="50.353905" lon="7.600673">
        <ele>72.580206</ele>
        <time>2026-08-08T10:42:53.236Z</time>
      </trkpt>
      <trkpt lat="50.353911" lon="7.600388">
        <ele>72.634423</ele>
        <time>2026-08-08T10:42:58.332Z</time>
      </trkpt>
      <trkpt lat="50.353904" lon="7.600062">
        <ele>72.696441</ele>
        <time>2026-08-08T10:43:04.120Z</time>
      </trkpt>
      <trkpt lat="50.353869" lon="7.599749">
        <ele>72.756859</ele>
        <time>2026-08-08T10:43:08.325Z</time>
      </trkpt>
      <trkpt lat="50.353851" lon="7.599677">
        <ele>72.771562</ele>
        <time>2026-08-08T10:43:09.307Z</time>
      </trkpt>
      <trkpt lat="50.353812" lon="7.599645">
        <ele>72.784680</ele>
        <time>2026-08-08T10:43:10.162Z</time>
      </trkpt>
      <trkpt lat="50.353587" lon="7.599479">
        <ele>72.858785</ele>
        <time>2026-08-08T10:43:14.894Z</time>
      </trkpt>
      <trkpt lat="50.353583" lon="7.599476">
        <ele>72.860107</ele>
        <time>2026-08-08T10:43:15.004Z</time>
      </trkpt>
      <trkpt lat="50.353456" lon="7.599383">
        <ele>72.901879</ele>
        <time>2026-08-08T10:43:18.549Z</time>
      </trkpt>
      <trkpt lat="50.353490" lon="7.598881">
        <ele>72.879370</ele>
        <time>2026-08-08T10:43:26.731Z</time>
      </trkpt>
      <trkpt lat="50.353504" lon="7.598725">
        <ele>72.853333</ele>
        <time>2026-08-08T10:43:29.413Z</time>
      </trkpt>
      <trkpt lat="50.353509" lon="7.598648">
        <ele>72.840541</ele>
        <time>2026-08-08T10:43:30.746Z</time>
      </trkpt>
      <trkpt lat="50.353503" lon="7.598569">
        <ele>72.827392</ele>
        <time>2026-08-08T10:43:32.102Z</time>
      </trkpt>
      <trkpt lat="50.353439" lon="7.598444">
        <ele>72.800903</ele>
        <time>2026-08-08T10:43:34.893Z</time>
      </trkpt>
      <trkpt lat="50.353507" lon="7.598232">
        <ele>72.761687</ele>
        <time>2026-08-08T10:43:38.085Z</time>
      </trkpt>
      <trkpt lat="50.354489" lon="7.598627">
        <ele>72.499073</ele>
        <time>2026-08-08T10:43:59.783Z</time>
      </trkpt>
      <trkpt lat="50.354904" lon="7.598788">
        <ele>72.406597</ele>
        <time>2026-08-08T10:44:08.659Z</time>
      </trkpt>
      <trkpt lat="50.355959" lon="7.599206">
        <ele>72.188894</ele>
        <time>2026-08-08T10:44:30.459Z</time>
      </trkpt>
      <trkpt lat="50.356067" lon="7.599244">
        <ele>72.166749</ele>
        <time>2026-08-08T10:44:32.766Z</time>
      </trkpt>
      <trkpt lat="50.356060" lon="7.599287">
        <ele>72.161085</ele>
        <time>2026-08-08T10:44:33.556Z</time>
      </trkpt>
      <trkpt lat="50.356053" lon="7.599341">
        <ele>72.154051</ele>
        <time>2026-08-08T10:44:34.529Z</time>
      </trkpt>
      <trkpt lat="50.356510" lon="7.599504">
        <ele>72.288824</ele>
        <time>2026-08-08T10:44:47.586Z</time>
      </trkpt>
      <trkpt lat="50.356682" lon="7.599572">
        <ele>72.420764</ele>
        <time>2026-08-08T10:44:52.556Z</time>
      </trkpt>
      <trkpt lat="50.356729" lon="7.599594">
        <ele>72.457248</ele>
        <time>2026-08-08T10:44:53.928Z</time>
      </trkpt>
      <trkpt lat="50.357185" lon="7.599783">
        <ele>72.808075</ele>
        <time>2026-08-08T10:45:07.104Z</time>
      </trkpt>
      <trkpt lat="50.357246" lon="7.599809">
        <ele>72.855094</ele>
        <time>2026-08-08T10:45:08.881Z</time>
      </trkpt>
      <trkpt lat="50.357438" lon="7.599879">
        <ele>73.001715</ele>
        <time>2026-08-08T10:45:14.417Z</time>
      </trkpt>
      <trkpt lat="50.357566" lon="7.599927">
        <ele>73.099607</ele>
        <time>2026-08-08T10:45:18.116Z</time>
      </trkpt>
      <trkpt lat="50.357776" lon="7.600009">
        <ele>73.260577</ele>
        <time>2026-08-08T10:45:24.169Z</time>
      </trkpt>
      <trkpt lat="50.357809" lon="7.600025">
        <ele>73.286270</ele>
        <time>2026-08-08T10:45:25.135Z</time>
      </trkpt>
      <trkpt lat="50.357854" lon="7.600042">
        <ele>73.320699</ele>
        <time>2026-08-08T10:45:26.438Z</time>
      </trkpt>
      <trkpt lat="50.357808" lon="7.600342">
        <ele>73.432371</ele>
        <time>2026-08-08T10:45:30.832Z</time>
      </trkpt>
      <trkpt lat="50.357703" lon="7.601037">
        <ele>73.198790</ele>
        <time>2026-08-08T10:45:40.836Z</time>
      </trkpt>
      <trkpt lat="50.357567" lon="7.601875">
        <ele>72.915999</ele>
        <time>2026-08-08T10:45:52.248Z</time>
      </trkpt>
      <trkpt lat="50.357408" lon="7.602860">
        <ele>72.583709</ele>
        <time>2026-08-08T10:46:04.647Z</time>
      </trkpt>
      <trkpt lat="50.357289" lon="7.603612">
        <ele>71.568385</ele>
        <time>2026-08-08T10:46:13.298Z</time>
      </trkpt>
      <trkpt lat="50.357269" lon="7.603747">
        <ele>71.345243</ele>
        <time>2026-08-08T10:46:14.785Z</time>
      </trkpt>
      <trkpt lat="50.357283" lon="7.603824">
        <ele>71.216332</ele>
        <time>2026-08-08T10:46:15.621Z</time>
      </trkpt>
      <trkpt lat="50.357323" lon="7.603867">
        <ele>71.093926</ele>
        <time>2026-08-08T10:46:16.428Z</time>
      </trkpt>
      <trkpt lat="50.357806" lon="7.603995">
        <ele>69.857717</ele>
        <time>2026-08-08T10:46:24.464Z</time>
      </trkpt>
      <trkpt lat="50.358439" lon="7.604185">
        <ele>68.231237</ele>
        <time>2026-08-08T10:46:35.172Z</time>
      </trkpt>
      <trkpt lat="50.358782" lon="7.604287">
        <ele>67.635752</ele>
        <time>2026-08-08T10:46:41.000Z</time>
      </trkpt>
      <trkpt lat="50.359682" lon="7.604538">
        <ele>66.365842</ele>
        <time>2026-08-08T10:46:57.215Z</time>
      </trkpt>
      <trkpt lat="50.359715" lon="7.604548">
        <ele>66.319150</ele>
        <time>2026-08-08T10:46:58.073Z</time>
      </trkpt>
      <trkpt lat="50.360007" lon="7.604631">
        <ele>65.906889</ele>
        <time>2026-08-08T10:47:06.031Z</time>
      </trkpt>
      <trkpt lat="50.360769" lon="7.604839">
        <ele>65.804414</ele>
        <time>2026-08-08T10:47:27.574Z</time>
      </trkpt>
      <trkpt lat="50.361249" lon="7.605014">
        <ele>66.136726</ele>
        <time>2026-08-08T10:47:41.403Z</time>
      </trkpt>
      <trkpt lat="50.361592" lon="7.605143">
        <ele>66.374580</ele>
        <time>2026-08-08T10:47:51.272Z</time>
      </trkpt>
      <trkpt lat="50.361682" lon="7.605183">
        <ele>66.437661</ele>
        <time>2026-08-08T10:47:53.890Z</time>
      </trkpt>
      <trkpt lat="50.361848" lon="7.605266">
        <ele>66.555154</ele>
        <time>2026-08-08T10:47:58.758Z</time>
      </trkpt>
      <trkpt lat="50.362374" lon="7.605457">
        <ele>66.688272</ele>
        <time>2026-08-08T10:48:13.778Z</time>
      </trkpt>
      <trkpt lat="50.362464" lon="7.605490">
        <ele>66.685048</ele>
        <time>2026-08-08T10:48:16.310Z</time>
      </trkpt>
      <trkpt lat="50.362982" lon="7.605699">
        <ele>66.666392</ele>
        <time>2026-08-08T10:48:30.985Z</time>
      </trkpt>
      <trkpt lat="50.363424" lon="7.605235">
        <ele>66.647837</ele>
        <time>2026-08-08T10:48:42.204Z</time>
      </trkpt>
      <trkpt lat="50.363634" lon="7.605977">
        <ele>66.433293</ele>
        <time>2026-08-08T10:49:18.216Z</time>
      </trkpt>
      <trkpt lat="50.363755" lon="7.606023">
        <ele>66.309102</ele>
        <time>2026-08-08T10:49:26.842Z</time>
      </trkpt>
      <trkpt lat="50.363802" lon="7.606041">
        <ele>66.260843</ele>
        <time>2026-08-08T10:49:30.197Z</time>
      </trkpt>
      <trkpt lat="50.363729" lon="7.605663">
        <ele>66.009545</ele>
        <time>2026-08-08T10:49:35.214Z</time>
      </trkpt>
      <trkpt lat="50.363726" lon="7.605547">
        <ele>65.935675</ele>
        <time>2026-08-08T10:49:36.694Z</time>
      </trkpt>
      <trkpt lat="50.363746" lon="7.605396">
        <ele>65.837546</ele>
        <time>2026-08-08T10:49:38.643Z</time>
      </trkpt>
      <trkpt lat="50.363811" lon="7.605224">
        <ele>65.710342</ele>
        <time>2026-08-08T10:49:41.092Z</time>
      </trkpt>
      <trkpt lat="50.363883" lon="7.605127">
        <ele>65.615647</ele>
        <time>2026-08-08T10:49:42.918Z</time>
      </trkpt>
      <trkpt lat="50.363974" lon="7.605063">
        <ele>65.516162</ele>
        <time>2026-08-08T10:49:44.809Z</time>
      </trkpt>
      <trkpt lat="50.364247" lon="7.605021">
        <ele>65.242548</ele>
        <time>2026-08-08T10:49:50.117Z</time>
      </trkpt>
      <trkpt lat="50.364543" lon="7.605615">
        <ele>64.892186</ele>
        <time>2026-08-08T10:50:23.566Z</time>
      </trkpt>
      <trkpt lat="50.364595" lon="7.605542">
        <ele>64.935211</ele>
        <time>2026-08-08T10:50:28.451Z</time>
      </trkpt>
      <trkpt lat="50.364627" lon="7.605499">
        <ele>64.961189</ele>
        <time>2026-08-08T10:50:33.606Z</time>
      </trkpt>
      <trkpt lat="50.364636" lon="7.605487">
        <ele>64.968472</ele>
        <time>2026-08-08T10:50:34.470Z</time>
      </trkpt>
      <trkpt lat="50.364713" lon="7.605629">
        <ele>65.041750</ele>
        <time>2026-08-08T10:50:42.746Z</time>
      </trkpt>
      <trkpt lat="50.364721" lon="7.605724">
        <ele>65.079427</ele>
        <time>2026-08-08T10:50:46.966Z</time>
      </trkpt>
      <trkpt lat="50.364713" lon="7.605629">
        <ele>65.117104</ele>
        <time>2026-08-08T10:50:51.186Z</time>
      </trkpt>
      <trkpt lat="50.364636" lon="7.605487">
        <ele>65.190382</ele>
        <time>2026-08-08T10:50:59.462Z</time>
      </trkpt>
      <trkpt lat="50.364627" lon="7.605499">
        <ele>65.197665</ele>
        <time>2026-08-08T10:51:00.326Z</time>
      </trkpt>
      <trkpt lat="50.364595" lon="7.605542">
        <ele>65.223643</ele>
        <time>2026-08-08T10:51:05.480Z</time>
      </trkpt>
      <trkpt lat="50.364543" lon="7.605615">
        <ele>65.266668</ele>
        <time>2026-08-08T10:51:10.366Z</time>
      </trkpt>
      <trkpt lat="50.364247" lon="7.605021">
        <ele>65.563036</ele>
        <time>2026-08-08T10:51:43.815Z</time>
      </trkpt>
      <trkpt lat="50.363974" lon="7.605063">
        <ele>65.732115</ele>
        <time>2026-08-08T10:51:50.293Z</time>
      </trkpt>
      <trkpt lat="50.363883" lon="7.605127">
        <ele>65.793591</ele>
        <time>2026-08-08T10:51:52.638Z</time>
      </trkpt>
      <trkpt lat="50.363811" lon="7.605224">
        <ele>65.852107</ele>
        <time>2026-08-08T10:51:54.886Z</time>
      </trkpt>
      <trkpt lat="50.363746" lon="7.605396">
        <ele>65.930713</ele>
        <time>2026-08-08T10:51:57.910Z</time>
      </trkpt>
      <trkpt lat="50.363726" lon="7.605547">
        <ele>65.985076</ele>
        <time>2026-08-08T10:52:00.217Z</time>
      </trkpt>
      <trkpt lat="50.363729" lon="7.605663">
        <ele>66.023541</ele>
        <time>2026-08-08T10:52:01.950Z</time>
      </trkpt>
      <trkpt lat="50.363802" lon="7.606041">
        <ele>66.154398</ele>
        <time>2026-08-08T10:52:07.853Z</time>
      </trkpt>
      <trkpt lat="50.363755" lon="7.606023">
        <ele>66.179528</ele>
        <time>2026-08-08T10:52:11.207Z</time>
      </trkpt>
      <trkpt lat="50.363634" lon="7.605977">
        <ele>66.244197</ele>
        <time>2026-08-08T10:52:19.834Z</time>
      </trkpt>
      <trkpt lat="50.363424" lon="7.605235">
        <ele>66.513155</ele>
        <time>2026-08-08T10:52:55.846Z</time>
      </trkpt>
      <trkpt lat="50.362982" lon="7.605699">
        <ele>66.789452</ele>
        <time>2026-08-08T10:53:07.047Z</time>
      </trkpt>
      <trkpt lat="50.362464" lon="7.605490">
        <ele>66.700084</ele>
        <time>2026-08-08T10:53:21.813Z</time>
      </trkpt>
      <trkpt lat="50.362374" lon="7.605457">
        <ele>66.651018</ele>
        <time>2026-08-08T10:53:24.363Z</time>
      </trkpt>
      <trkpt lat="50.361848" lon="7.605266">
        <ele>66.364401</ele>
        <time>2026-08-08T10:53:39.065Z</time>
      </trkpt>
      <trkpt lat="50.361682" lon="7.605183">
        <ele>66.271907</ele>
        <time>2026-08-08T10:53:43.694Z</time>
      </trkpt>
      <trkpt lat="50.361592" lon="7.605143">
        <ele>66.222248</ele>
        <time>2026-08-08T10:53:46.164Z</time>
      </trkpt>
      <trkpt lat="50.361249" lon="7.605014">
        <ele>66.035002</ele>
        <time>2026-08-08T10:53:55.232Z</time>
      </trkpt>
      <trkpt lat="50.360769" lon="7.604839">
        <ele>65.994089</ele>
        <time>2026-08-08T10:54:07.806Z</time>
      </trkpt>
      <trkpt lat="50.360007" lon="7.604631">
        <ele>66.158882</ele>
        <time>2026-08-08T10:54:28.793Z</time>
      </trkpt>
      <trkpt lat="50.359715" lon="7.604548">
        <ele>66.222110</ele>
        <time>2026-08-08T10:54:37.058Z</time>
      </trkpt>
      <trkpt lat="50.359682" lon="7.604538">
        <ele>66.229271</ele>
        <time>2026-08-08T10:54:38.002Z</time>
      </trkpt>
      <trkpt lat="50.358782" lon="7.604287">
        <ele>67.594651</ele>
        <time>2026-08-08T10:54:59.303Z</time>
      </trkpt>
      <trkpt lat="50.358439" lon="7.604185">
        <ele>68.461055</ele>
        <time>2026-08-08T10:55:07.683Z</time>
      </trkpt>
      <trkpt lat="50.357806" lon="7.603995">
        <ele>70.060510</ele>
        <time>2026-08-08T10:55:23.225Z</time>
      </trkpt>
      <trkpt lat="50.357323" lon="7.603867">
        <ele>71.094125</ele>
        <time>2026-08-08T10:55:35.125Z</time>
      </trkpt>
      <trkpt lat="50.357283" lon="7.603824">
        <ele>71.170527</ele>
        <time>2026-08-08T10:55:36.318Z</time>
      </trkpt>
      <trkpt lat="50.357269" lon="7.603747">
        <ele>71.250991</ele>
        <time>2026-08-08T10:55:37.542Z</time>
      </trkpt>
      <trkpt lat="50.357289" lon="7.603612">
        <ele>71.390271</ele>
        <time>2026-08-08T10:55:39.664Z</time>
      </trkpt>
      <trkpt lat="50.357408" lon="7.602860">
        <ele>72.168907</ele>
        <time>2026-08-08T10:55:51.243Z</time>
      </trkpt>
      <trkpt lat="50.357567" lon="7.601875">
        <ele>73.189989</ele>
        <time>2026-08-08T10:56:05.931Z</time>
      </trkpt>
      <trkpt lat="50.357703" lon="7.601037">
        <ele>73.445985</ele>
        <time>2026-08-08T10:56:17.768Z</time>
      </trkpt>
      <trkpt lat="50.357808" lon="7.600342">
        <ele>73.181629</ele>
        <time>2026-08-08T10:56:26.959Z</time>
      </trkpt>
      <trkpt lat="50.357854" lon="7.600042">
        <ele>73.067427</ele>
        <time>2026-08-08T10:56:30.810Z</time>
      </trkpt>
      <trkpt lat="50.357809" lon="7.600025">
        <ele>73.040573</ele>
        <time>2026-08-08T10:56:32.016Z</time>
      </trkpt>
      <trkpt lat="50.357776" lon="7.600009">
        <ele>73.020533</ele>
        <time>2026-08-08T10:56:32.909Z</time>
      </trkpt>
      <trkpt lat="50.357566" lon="7.599927">
        <ele>72.894977</ele>
        <time>2026-08-08T10:56:38.397Z</time>
      </trkpt>
      <trkpt lat="50.357438" lon="7.599879">
        <ele>72.818622</ele>
        <time>2026-08-08T10:56:41.747Z</time>
      </trkpt>
      <trkpt lat="50.357246" lon="7.599809">
        <ele>72.704259</ele>
        <time>2026-08-08T10:56:46.809Z</time>
      </trkpt>
      <trkpt lat="50.357185" lon="7.599783">
        <ele>72.667585</ele>
        <time>2026-08-08T10:56:48.468Z</time>
      </trkpt>
      <trkpt lat="50.356729" lon="7.599594">
        <ele>72.510019</ele>
        <time>2026-08-08T10:57:00.947Z</time>
      </trkpt>
      <trkpt lat="50.356682" lon="7.599572">
        <ele>72.500595</ele>
        <time>2026-08-08T10:57:02.257Z</time>
      </trkpt>
      <trkpt lat="50.356510" lon="7.599504">
        <ele>72.466513</ele>
        <time>2026-08-08T10:57:07.036Z</time>
      </trkpt>
      <trkpt lat="50.356053" lon="7.599341">
        <ele>72.376465</ele>
        <time>2026-08-08T10:57:19.828Z</time>
      </trkpt>
      <trkpt lat="50.356060" lon="7.599287">
        <ele>72.369710</ele>
        <time>2026-08-08T10:57:20.798Z</time>
      </trkpt>
      <trkpt lat="50.356067" lon="7.599244">
        <ele>72.364270</ele>
        <time>2026-08-08T10:57:21.582Z</time>
      </trkpt>
      <trkpt lat="50.356076" lon="7.599188">
        <ele>72.357191</ele>
        <time>2026-08-08T10:57:22.591Z</time>
      </trkpt>
      <trkpt lat="50.356120" lon="7.598916">
        <ele>72.322794</ele>
        <time>2026-08-08T10:57:27.517Z</time>
      </trkpt>
      <trkpt lat="50.356126" lon="7.598882">
        <ele>72.318470</ele>
        <time>2026-08-08T10:57:28.128Z</time>
      </trkpt>
      <trkpt lat="50.355452" lon="7.598617">
        <ele>72.245167</ele>
        <time>2026-08-08T10:57:43.414Z</time>
      </trkpt>
      <trkpt lat="50.355033" lon="7.598450">
        <ele>72.297412</ele>
        <time>2026-08-08T10:57:52.869Z</time>
      </trkpt>
      <trkpt lat="50.354878" lon="7.598405">
        <ele>72.316462</ele>
        <time>2026-08-08T10:57:56.285Z</time>
      </trkpt>
      <trkpt lat="50.354703" lon="7.598410">
        <ele>72.337613</ele>
        <time>2026-08-08T10:58:00.059Z</time>
      </trkpt>
      <trkpt lat="50.354300" lon="7.598407">
        <ele>72.386314</ele>
        <time>2026-08-08T10:58:08.361Z</time>
      </trkpt>
      <trkpt lat="50.353918" lon="7.598263">
        <ele>72.433793</ele>
        <time>2026-08-08T10:58:16.291Z</time>
      </trkpt>
      <trkpt lat="50.353759" lon="7.598201">
        <ele>72.489776</ele>
        <time>2026-08-08T10:58:19.776Z</time>
      </trkpt>
      <trkpt lat="50.353523" lon="7.598112">
        <ele>72.593248</ele>
        <time>2026-08-08T10:58:24.957Z</time>
      </trkpt>
      <trkpt lat="50.353443" lon="7.598084">
        <ele>72.628190</ele>
        <time>2026-08-08T10:58:26.695Z</time>
      </trkpt>
      <trkpt lat="50.353423" lon="7.598195">
        <ele>72.659560</ele>
        <time>2026-08-08T10:58:28.250Z</time>
      </trkpt>
      <trkpt lat="50.353389" lon="7.598379">
        <ele>72.711662</ele>
        <time>2026-08-08T10:58:30.832Z</time>
      </trkpt>
      <trkpt lat="50.353439" lon="7.598444">
        <ele>72.739353</ele>
        <time>2026-08-08T10:58:32.217Z</time>
      </trkpt>
      <trkpt lat="50.353503" lon="7.598569">
        <ele>72.782944</ele>
        <time>2026-08-08T10:58:35.064Z</time>
      </trkpt>
      <trkpt lat="50.353509" lon="7.598648">
        <ele>72.804582</ele>
        <time>2026-08-08T10:58:36.473Z</time>
      </trkpt>
      <trkpt lat="50.353504" lon="7.598725">
        <ele>72.825633</ele>
        <time>2026-08-08T10:58:37.867Z</time>
      </trkpt>
      <trkpt lat="50.353490" lon="7.598881">
        <ele>72.868480</ele>
        <time>2026-08-08T10:58:40.682Z</time>
      </trkpt>
      <trkpt lat="50.353456" lon="7.599383">
        <ele>73.005782</ele>
        <time>2026-08-08T10:58:49.718Z</time>
      </trkpt>
      <trkpt lat="50.353583" lon="7.599476">
        <ele>73.065536</ele>
        <time>2026-08-08T10:58:53.661Z</time>
      </trkpt>
      <trkpt lat="50.353587" lon="7.599479">
        <ele>73.067427</ele>
        <time>2026-08-08T10:58:53.790Z</time>
      </trkpt>
      <trkpt lat="50.353812" lon="7.599645">
        <ele>73.173433</ele>
        <time>2026-08-08T10:58:59.430Z</time>
      </trkpt>
      <trkpt lat="50.353851" lon="7.599677">
        <ele>73.192198</ele>
        <time>2026-08-08T10:59:00.415Z</time>
      </trkpt>
      <trkpt lat="50.353869" lon="7.599749">
        <ele>73.192699</ele>
        <time>2026-08-08T10:59:01.516Z</time>
      </trkpt>
      <trkpt lat="50.353904" lon="7.600062">
        <ele>73.034092</ele>
        <time>2026-08-08T10:59:05.853Z</time>
      </trkpt>
      <trkpt lat="50.353911" lon="7.600388">
        <ele>72.871286</ele>
        <time>2026-08-08T10:59:11.499Z</time>
      </trkpt>
      <trkpt lat="50.353905" lon="7.600673">
        <ele>72.728959</ele>
        <time>2026-08-08T10:59:16.168Z</time>
      </trkpt>
      <trkpt lat="50.353931" lon="7.600728">
        <ele>72.694794</ele>
        <time>2026-08-08T10:59:17.235Z</time>
      </trkpt>
      <trkpt lat="50.353979" lon="7.600835">
        <ele>72.629509</ele>
        <time>2026-08-08T10:59:19.341Z</time>
      </trkpt>
      <trkpt lat="50.353970" lon="7.601093">
        <ele>72.500543</ele>
        <time>2026-08-08T10:59:23.505Z</time>
      </trkpt>
      <trkpt lat="50.353880" lon="7.601767">
        <ele>72.156847</ele>
        <time>2026-08-08T10:59:34.460Z</time>
      </trkpt>
      <trkpt lat="50.353801" lon="7.602184">
        <ele>71.939731</ele>
        <time>2026-08-08T10:59:41.019Z</time>
      </trkpt>
      <trkpt lat="50.352402" lon="7.606679">
        <ele>71.230414</ele>
        <time>2026-08-08T11:00:46.754Z</time>
      </trkpt>
      <trkpt lat="50.352343" lon="7.606866">
        <ele>71.244295</ele>
        <time>2026-08-08T11:00:49.701Z</time>
      </trkpt>
      <trkpt lat="50.352202" lon="7.607056">
        <ele>71.263687</ele>
        <time>2026-08-08T11:00:53.838Z</time>
      </trkpt>
      <trkpt lat="50.352109" lon="7.607132">
        <ele>71.274625</ele>
        <time>2026-08-08T11:00:56.763Z</time>
      </trkpt>
      <trkpt lat="50.351949" lon="7.607191">
        <ele>71.293563</ele>
        <time>2026-08-08T11:01:01.356Z</time>
      </trkpt>
      <trkpt lat="50.351859" lon="7.607190">
        <ele>71.378138</ele>
        <time>2026-08-08T11:01:03.892Z</time>
      </trkpt>
      <trkpt lat="50.351760" lon="7.607162">
        <ele>71.472670</ele>
        <time>2026-08-08T11:01:06.128Z</time>
      </trkpt>
      <trkpt lat="50.351499" lon="7.606947">
        <ele>71.749746</ele>
        <time>2026-08-08T11:01:12.828Z</time>
      </trkpt>
      <trkpt lat="50.351462" lon="7.606917">
        <ele>71.788892</ele>
        <time>2026-08-08T11:01:13.995Z</time>
      </trkpt>
      <trkpt lat="50.351196" lon="7.606663">
        <ele>72.081594</ele>
        <time>2026-08-08T11:01:22.705Z</time>
      </trkpt>
      <trkpt lat="50.351038" lon="7.606569">
        <ele>72.240403</ele>
        <time>2026-08-08T11:01:27.352Z</time>
      </trkpt>
      <trkpt lat="50.350881" lon="7.606599">
        <ele>72.389028</ele>
        <time>2026-08-08T11:01:31.710Z</time>
      </trkpt>
      <trkpt lat="50.350863" lon="7.606612">
        <ele>72.407652</ele>
        <time>2026-08-08T11:01:32.263Z</time>
      </trkpt>
      <trkpt lat="50.350931" lon="7.606746">
        <ele>72.510310</ele>
        <time>2026-08-08T11:01:34.670Z</time>
      </trkpt>
      <trkpt lat="50.350949" lon="7.606825">
        <ele>72.560608</ele>
        <time>2026-08-08T11:01:35.874Z</time>
      </trkpt>
      <trkpt lat="50.350991" lon="7.606866">
        <ele>72.607106</ele>
        <time>2026-08-08T11:01:36.986Z</time>
      </trkpt>
      <trkpt lat="50.351053" lon="7.606849">
        <ele>72.666252</ele>
        <time>2026-08-08T11:01:38.450Z</time>
      </trkpt>
      <trkpt lat="50.351205" lon="7.607097">
        <ele>72.872440</ele>
        <time>2026-08-08T11:01:43.653Z</time>
      </trkpt>
      <trkpt lat="50.351573" lon="7.607316">
        <ele>73.020397</ele>
        <time>2026-08-08T11:01:52.898Z</time>
      </trkpt>
      <trkpt lat="50.351713" lon="7.607463">
        <ele>73.043900</ele>
        <time>2026-08-08T11:01:56.691Z</time>
      </trkpt>
      <trkpt lat="50.352091" lon="7.608133">
        <ele>73.123490</ele>
        <time>2026-08-08T11:02:09.554Z</time>
      </trkpt>
      <trkpt lat="50.352185" lon="7.608251">
        <ele>73.140287</ele>
        <time>2026-08-08T11:02:12.210Z</time>
      </trkpt>
      <trkpt lat="50.352533" lon="7.608530">
        <ele>73.194805</ele>
        <time>2026-08-08T11:02:20.358Z</time>
      </trkpt>
      <trkpt lat="50.353658" lon="7.609355">
        <ele>71.349857</ele>
        <time>2026-08-08T11:02:42.216Z</time>
      </trkpt>
      <trkpt lat="50.354057" lon="7.609631">
        <ele>70.504449</ele>
        <time>2026-08-08T11:02:49.959Z</time>
      </trkpt>
      <trkpt lat="50.355196" lon="7.610194">
        <ele>68.067340</ele>
        <time>2026-08-08T11:03:10.425Z</time>
      </trkpt>
      <trkpt lat="50.355600" lon="7.610180">
        <ele>67.222610</ele>
        <time>2026-08-08T11:03:17.303Z</time>
      </trkpt>
      <trkpt lat="50.355716" lon="7.610262">
        <ele>66.956601</ele>
        <time>2026-08-08T11:03:19.537Z</time>
      </trkpt>
      <trkpt lat="50.355797" lon="7.610171">
        <ele>66.748273</ele>
        <time>2026-08-08T11:03:21.267Z</time>
      </trkpt>
      <trkpt lat="50.355863" lon="7.610146">
        <ele>66.606335</ele>
        <time>2026-08-08T11:03:22.462Z</time>
      </trkpt>
      <trkpt lat="50.356174" lon="7.610065">
        <ele>65.972663</ele>
        <time>2026-08-08T11:03:28.290Z</time>
      </trkpt>
      <trkpt lat="50.356377" lon="7.610090">
        <ele>65.824809</ele>
        <time>2026-08-08T11:03:32.157Z</time>
      </trkpt>
      <trkpt lat="50.356547" lon="7.610045">
        <ele>65.699623</ele>
        <time>2026-08-08T11:03:35.418Z</time>
      </trkpt>
      <trkpt lat="50.356938" lon="7.609903">
        <ele>65.408193</ele>
        <time>2026-08-08T11:03:43.118Z</time>
      </trkpt>
      <trkpt lat="50.357210" lon="7.609770">
        <ele>65.201304</ele>
        <time>2026-08-08T11:03:48.948Z</time>
      </trkpt>
      <trkpt lat="50.357613" lon="7.609616">
        <ele>64.900112</ele>
        <time>2026-08-08T11:03:57.735Z</time>
      </trkpt>
      <trkpt lat="50.357931" lon="7.609512">
        <ele>64.673304</ele>
        <time>2026-08-08T11:04:04.447Z</time>
      </trkpt>
      <trkpt lat="50.358232" lon="7.609465">
        <ele>64.578811</ele>
        <time>2026-08-08T11:04:10.602Z</time>
      </trkpt>
      <trkpt lat="50.358882" lon="7.609401">
        <ele>64.375361</ele>
        <time>2026-08-08T11:04:23.667Z</time>
      </trkpt>
      <trkpt lat="50.359085" lon="7.609343">
        <ele>64.310902</ele>
        <time>2026-08-08T11:04:27.965Z</time>
      </trkpt>
      <trkpt lat="50.359636" lon="7.609272">
        <ele>64.138197</ele>
        <time>2026-08-08T11:04:43.139Z</time>
      </trkpt>
      <trkpt lat="50.359895" lon="7.609273">
        <ele>64.072851</ele>
        <time>2026-08-08T11:04:48.473Z</time>
      </trkpt>
      <trkpt lat="50.360141" lon="7.609272">
        <ele>64.015610</ele>
        <time>2026-08-08T11:04:53.501Z</time>
      </trkpt>
      <trkpt lat="50.360564" lon="7.609337">
        <ele>63.916712</ele>
        <time>2026-08-08T11:05:02.183Z</time>
      </trkpt>
      <trkpt lat="50.360769" lon="7.609388">
        <ele>63.868414</ele>
        <time>2026-08-08T11:05:07.848Z</time>
      </trkpt>
      <trkpt lat="50.360798" lon="7.609393">
        <ele>63.861626</ele>
        <time>2026-08-08T11:05:08.440Z</time>
      </trkpt>
      <trkpt lat="50.361320" lon="7.609491">
        <ele>63.739296</ele>
        <time>2026-08-08T11:05:19.330Z</time>
      </trkpt>
      <trkpt lat="50.361533" lon="7.609574">
        <ele>63.691611</ele>
        <time>2026-08-08T11:05:23.856Z</time>
      </trkpt>
      <trkpt lat="50.362178" lon="7.609841">
        <ele>63.581932</ele>
        <time>2026-08-08T11:05:37.703Z</time>
      </trkpt>
      <trkpt lat="50.368500" lon="7.612448">
        <ele>62.621410</ele>
        <time>2026-08-08T11:07:53.485Z</time>
      </trkpt>
      <trkpt lat="50.370601" lon="7.613426">
        <ele>63.444936</ele>
        <time>2026-08-08T11:08:40.880Z</time>
      </trkpt>
      <trkpt lat="50.371525" lon="7.613770">
        <ele>64.201623</ele>
        <time>2026-08-08T11:09:02.148Z</time>
      </trkpt>
      <trkpt lat="50.372495" lon="7.614047">
        <ele>65.315140</ele>
        <time>2026-08-08T11:09:24.543Z</time>
      </trkpt>
      <trkpt lat="50.373140" lon="7.614182">
        <ele>66.195792</ele>
        <time>2026-08-08T11:09:39.440Z</time>
      </trkpt>
      <trkpt lat="50.373921" lon="7.614604">
        <ele>67.045898</ele>
        <time>2026-08-08T11:09:58.429Z</time>
      </trkpt>
      <trkpt lat="50.374397" lon="7.614861">
        <ele>67.222836</ele>
        <time>2026-08-08T11:10:09.799Z</time>
      </trkpt>
      <trkpt lat="50.376191" lon="7.616068">
        <ele>66.561567</ele>
        <time>2026-08-08T11:10:49.721Z</time>
      </trkpt>
      <trkpt lat="50.376978" lon="7.616501">
        <ele>65.638910</ele>
        <time>2026-08-08T11:11:04.494Z</time>
      </trkpt>
      <trkpt lat="50.377803" lon="7.617001">
        <ele>64.547290</ele>
        <time>2026-08-08T11:11:20.047Z</time>
      </trkpt>
      <trkpt lat="50.377871" lon="7.616962">
        <ele>64.457486</ele>
        <time>2026-08-08T11:11:21.402Z</time>
      </trkpt>
      <trkpt lat="50.378711" lon="7.617247">
        <ele>63.391522</ele>
        <time>2026-08-08T11:11:38.479Z</time>
      </trkpt>
      <trkpt lat="50.378827" lon="7.617232">
        <ele>63.395249</ele>
        <time>2026-08-08T11:11:40.854Z</time>
      </trkpt>
      <trkpt lat="50.378946" lon="7.617285">
        <ele>63.437157</ele>
        <time>2026-08-08T11:11:43.420Z</time>
      </trkpt>
      <trkpt lat="50.379293" lon="7.617504">
        <ele>63.563874</ele>
        <time>2026-08-08T11:11:51.310Z</time>
      </trkpt>
      <trkpt lat="50.379958" lon="7.618010">
        <ele>63.814276</ele>
        <time>2026-08-08T11:12:07.546Z</time>
      </trkpt>
      <trkpt lat="50.380429" lon="7.618512">
        <ele>64.029304</ele>
        <time>2026-08-08T11:12:20.246Z</time>
      </trkpt>
      <trkpt lat="50.380546" lon="7.618679">
        <ele>64.117339</ele>
        <time>2026-08-08T11:12:23.775Z</time>
      </trkpt>
      <trkpt lat="50.380640" lon="7.618707">
        <ele>64.170580</ele>
        <time>2026-08-08T11:12:25.921Z</time>
      </trkpt>
      <trkpt lat="50.380876" lon="7.618857">
        <ele>64.312278</ele>
        <time>2026-08-08T11:12:31.620Z</time>
      </trkpt>
      <trkpt lat="50.381468" lon="7.619302">
        <ele>64.677584</ele>
        <time>2026-08-08T11:12:46.238Z</time>
      </trkpt>
      <trkpt lat="50.382076" lon="7.619704">
        <ele>64.944733</ele>
        <time>2026-08-08T11:13:00.328Z</time>
      </trkpt>
      <trkpt lat="50.382867" lon="7.620152">
        <ele>64.754346</ele>
        <time>2026-08-08T11:13:17.622Z</time>
      </trkpt>
      <trkpt lat="50.383243" lon="7.620309">
        <ele>64.666262</ele>
        <time>2026-08-08T11:13:25.531Z</time>
      </trkpt>
      <trkpt lat="50.383624" lon="7.620424">
        <ele>64.578428</ele>
        <time>2026-08-08T11:13:33.454Z</time>
      </trkpt>
      <trkpt lat="50.383888" lon="7.620461">
        <ele>64.543187</ele>
        <time>2026-08-08T11:13:38.943Z</time>
      </trkpt>
      <trkpt lat="50.384498" lon="7.620475">
        <ele>64.476250</ele>
        <time>2026-08-08T11:13:51.629Z</time>
      </trkpt>
      <trkpt lat="50.384779" lon="7.620437">
        <ele>64.445303</ele>
        <time>2026-08-08T11:13:57.521Z</time>
      </trkpt>
      <trkpt lat="50.385313" lon="7.620265">
        <ele>64.385489</ele>
        <time>2026-08-08T11:14:08.923Z</time>
      </trkpt>
      <trkpt lat="50.386695" lon="7.619655">
        <ele>64.402779</ele>
        <time>2026-08-08T11:14:39.472Z</time>
      </trkpt>
      <trkpt lat="50.390032" lon="7.617761">
        <ele>63.511317</ele>
        <time>2026-08-08T11:15:53.401Z</time>
      </trkpt>
      <trkpt lat="50.390761" lon="7.617395">
        <ele>62.997521</ele>
        <time>2026-08-08T11:16:07.772Z</time>
      </trkpt>
      <trkpt lat="50.390805" lon="7.617247">
        <ele>62.888992</ele>
        <time>2026-08-08T11:16:10.351Z</time>
      </trkpt>
      <trkpt lat="50.390772" lon="7.616984">
        <ele>62.710850</ele>
        <time>2026-08-08T11:16:14.625Z</time>
      </trkpt>
      <trkpt lat="50.390813" lon="7.616914">
        <ele>62.647676</ele>
        <time>2026-08-08T11:16:16.139Z</time>
      </trkpt>
      <trkpt lat="50.391973" lon="7.616537">
        <ele>61.412776</ele>
        <time>2026-08-08T11:16:46.443Z</time>
      </trkpt>
      <trkpt lat="50.392131" lon="7.616499">
        <ele>61.362393</ele>
        <time>2026-08-08T11:16:50.810Z</time>
      </trkpt>
      <trkpt lat="50.392707" lon="7.616302">
        <ele>61.542025</ele>
        <time>2026-08-08T11:17:03.749Z</time>
      </trkpt>
      <trkpt lat="50.392823" lon="7.616234">
        <ele>61.579758</ele>
        <time>2026-08-08T11:17:06.519Z</time>
      </trkpt>
      <trkpt lat="50.392853" lon="7.616182">
        <ele>61.593382</ele>
        <time>2026-08-08T11:17:07.527Z</time>
      </trkpt>
      <trkpt lat="50.393226" lon="7.616027">
        <ele>61.710956</ele>
        <time>2026-08-08T11:17:16.096Z</time>
      </trkpt>
      <trkpt lat="50.393312" lon="7.616029">
        <ele>61.737164</ele>
        <time>2026-08-08T11:17:17.993Z</time>
      </trkpt>
      <trkpt lat="50.393717" lon="7.615850">
        <ele>61.865373</ele>
        <time>2026-08-08T11:17:27.199Z</time>
      </trkpt>
      <trkpt lat="50.394197" lon="7.615629">
        <ele>61.733660</ele>
        <time>2026-08-08T11:17:37.863Z</time>
      </trkpt>
      <trkpt lat="50.394552" lon="7.615448">
        <ele>61.605587</ele>
        <time>2026-08-08T11:17:45.658Z</time>
      </trkpt>
      <trkpt lat="50.395157" lon="7.615089">
        <ele>61.383656</ele>
        <time>2026-08-08T11:17:58.362Z</time>
      </trkpt>
      <trkpt lat="50.395626" lon="7.614780">
        <ele>61.306711</ele>
        <time>2026-08-08T11:18:08.332Z</time>
      </trkpt>
      <trkpt lat="50.395694" lon="7.614797">
        <ele>61.322896</ele>
        <time>2026-08-08T11:18:09.696Z</time>
      </trkpt>
      <trkpt lat="50.395974" lon="7.614577">
        <ele>61.396505</ele>
        <time>2026-08-08T11:18:18.237Z</time>
      </trkpt>
      <trkpt lat="50.396006" lon="7.614590">
        <ele>61.404274</ele>
        <time>2026-08-08T11:18:19.162Z</time>
      </trkpt>
      <trkpt lat="50.396137" lon="7.614468">
        <ele>61.440084</ele>
        <time>2026-08-08T11:18:23.349Z</time>
      </trkpt>
      <trkpt lat="50.396489" lon="7.614033">
        <ele>61.545412</ele>
        <time>2026-08-08T11:18:35.777Z</time>
      </trkpt>
      <trkpt lat="50.396535" lon="7.614128">
        <ele>61.563288</ele>
        <time>2026-08-08T11:18:37.489Z</time>
      </trkpt>
      <trkpt lat="50.396783" lon="7.613854">
        <ele>61.634587</ele>
        <time>2026-08-08T11:18:45.944Z</time>
      </trkpt>
      <trkpt lat="50.397327" lon="7.613249">
        <ele>62.254434</ele>
        <time>2026-08-08T11:19:04.686Z</time>
      </trkpt>
      <trkpt lat="50.397407" lon="7.613163">
        <ele>62.381219</ele>
        <time>2026-08-08T11:19:07.407Z</time>
      </trkpt>
      <trkpt lat="50.397486" lon="7.613083">
        <ele>62.504146</ele>
        <time>2026-08-08T11:19:10.068Z</time>
      </trkpt>
      <trkpt lat="50.397527" lon="7.613036">
        <ele>62.570531</ele>
        <time>2026-08-08T11:19:11.477Z</time>
      </trkpt>
      <trkpt lat="50.397545" lon="7.613108">
        <ele>62.634982</ele>
        <time>2026-08-08T11:19:12.602Z</time>
      </trkpt>
      <trkpt lat="50.397623" lon="7.613255">
        <ele>62.794371</ele>
        <time>2026-08-08T11:19:15.396Z</time>
      </trkpt>
      <trkpt lat="50.397649" lon="7.613307">
        <ele>62.849446</ele>
        <time>2026-08-08T11:19:16.360Z</time>
      </trkpt>
      <trkpt lat="50.397609" lon="7.613524">
        <ele>63.037692</ele>
        <time>2026-08-08T11:19:19.651Z</time>
      </trkpt>
      <trkpt lat="50.397744" lon="7.613356">
        <ele>63.262967</ele>
        <time>2026-08-08T11:19:23.599Z</time>
      </trkpt>
      <trkpt lat="50.397814" lon="7.613271">
        <ele>63.378690</ele>
        <time>2026-08-08T11:19:25.616Z</time>
      </trkpt>
      <trkpt lat="50.398048" lon="7.612964">
        <ele>63.777482</ele>
        <time>2026-08-08T11:19:32.574Z</time>
      </trkpt>
      <trkpt lat="50.398312" lon="7.612617">
        <ele>64.197160</ele>
        <time>2026-08-08T11:19:40.372Z</time>
      </trkpt>
      <trkpt lat="50.398421" lon="7.612475">
        <ele>64.352020</ele>
        <time>2026-08-08T11:19:43.502Z</time>
      </trkpt>
      <trkpt lat="50.398483" lon="7.612395">
        <ele>64.439763</ele>
        <time>2026-08-08T11:19:45.267Z</time>
      </trkpt>
      <trkpt lat="50.399169" lon="7.611499">
        <ele>65.415410</ele>
        <time>2026-08-08T11:20:05.318Z</time>
      </trkpt>
      <trkpt lat="50.399318" lon="7.611306">
        <ele>65.626604</ele>
        <time>2026-08-08T11:20:09.751Z</time>
      </trkpt>
      <trkpt lat="50.399362" lon="7.611255">
        <ele>65.686399</ele>
        <time>2026-08-08T11:20:11.001Z</time>
      </trkpt>
      <trkpt lat="50.399619" lon="7.610981">
        <ele>66.017852</ele>
        <time>2026-08-08T11:20:18.062Z</time>
      </trkpt>
      <trkpt lat="50.400197" lon="7.610503">
        <ele>66.423564</ele>
        <time>2026-08-08T11:20:32.937Z</time>
      </trkpt>
      <trkpt lat="50.400573" lon="7.610194">
        <ele>66.687129</ele>
        <time>2026-08-08T11:20:42.377Z</time>
      </trkpt>
      <trkpt lat="50.400686" lon="7.610108">
        <ele>66.765115</ele>
        <time>2026-08-08T11:20:45.009Z</time>
      </trkpt>
      <trkpt lat="50.400750" lon="7.610145">
        <ele>66.807467</ele>
        <time>2026-08-08T11:20:46.488Z</time>
      </trkpt>
      <trkpt lat="50.400858" lon="7.610087">
        <ele>66.878348</ele>
        <time>2026-08-08T11:20:48.922Z</time>
      </trkpt>
      <trkpt lat="50.400886" lon="7.610012">
        <ele>66.912749</ele>
        <time>2026-08-08T11:20:50.067Z</time>
      </trkpt>
      <trkpt lat="50.400895" lon="7.609942">
        <ele>66.941012</ele>
        <time>2026-08-08T11:20:51.012Z</time>
      </trkpt>
      <trkpt lat="50.400945" lon="7.609757">
        <ele>67.020544</ele>
        <time>2026-08-08T11:20:53.720Z</time>
      </trkpt>
      <trkpt lat="50.401344" lon="7.609148">
        <ele>67.113657</ele>
        <time>2026-08-08T11:21:05.195Z</time>
      </trkpt>
      <trkpt lat="50.401446" lon="7.608912">
        <ele>67.108867</ele>
        <time>2026-08-08T11:21:08.962Z</time>
      </trkpt>
      <trkpt lat="50.401565" lon="7.608698">
        <ele>67.104096</ele>
        <time>2026-08-08T11:21:12.686Z</time>
      </trkpt>
      <trkpt lat="50.401816" lon="7.608209">
        <ele>67.093549</ele>
        <time>2026-08-08T11:21:20.921Z</time>
      </trkpt>
      <trkpt lat="50.402081" lon="7.607588">
        <ele>67.080995</ele>
        <time>2026-08-08T11:21:31.033Z</time>
      </trkpt>
      <trkpt lat="50.402182" lon="7.607305">
        <ele>67.095804</ele>
        <time>2026-08-08T11:21:35.582Z</time>
      </trkpt>
      <trkpt lat="50.402292" lon="7.607014">
        <ele>67.206475</ele>
        <time>2026-08-08T11:21:40.266Z</time>
      </trkpt>
      <trkpt lat="50.402756" lon="7.605785">
        <ele>67.673726</ele>
        <time>2026-08-08T11:22:00.377Z</time>
      </trkpt>
      <trkpt lat="50.403393" lon="7.604375">
        <ele>67.600168</ele>
        <time>2026-08-08T11:22:24.773Z</time>
      </trkpt>
      <trkpt lat="50.403720" lon="7.603745">
        <ele>67.156833</ele>
        <time>2026-08-08T11:22:34.527Z</time>
      </trkpt>
      <trkpt lat="50.403663" lon="7.603674">
        <ele>67.094526</ele>
        <time>2026-08-08T11:22:36.839Z</time>
      </trkpt>
      <trkpt lat="50.403962" lon="7.602999">
        <ele>66.645991</ele>
        <time>2026-08-08T11:22:46.414Z</time>
      </trkpt>
      <trkpt lat="50.404906" lon="7.600696">
        <ele>64.368362</ele>
        <time>2026-08-08T11:23:18.340Z</time>
      </trkpt>
      <trkpt lat="50.405352" lon="7.599442">
        <ele>64.035326</ele>
        <time>2026-08-08T11:23:36.435Z</time>
      </trkpt>
      <trkpt lat="50.407209" lon="7.593857">
        <ele>65.813438</ele>
        <time>2026-08-08T11:25:03.008Z</time>
      </trkpt>
      <trkpt lat="50.407560" lon="7.593150">
        <ele>66.676431</ele>
        <time>2026-08-08T11:25:16.936Z</time>
      </trkpt>
      <trkpt lat="50.407938" lon="7.592498">
        <ele>67.438424</ele>
        <time>2026-08-08T11:25:31.159Z</time>
      </trkpt>
      <trkpt lat="50.408591" lon="7.591162">
        <ele>68.824665</ele>
        <time>2026-08-08T11:25:55.915Z</time>
      </trkpt>
      <trkpt lat="50.408740" lon="7.590760">
        <ele>69.207553</ele>
        <time>2026-08-08T11:26:01.170Z</time>
      </trkpt>
      <trkpt lat="50.408767" lon="7.590460">
        <ele>69.019365</ele>
        <time>2026-08-08T11:26:04.498Z</time>
      </trkpt>
      <trkpt lat="50.408734" lon="7.590288">
        <ele>68.854022</ele>
        <time>2026-08-08T11:26:06.483Z</time>
      </trkpt>
      <trkpt lat="50.408544" lon="7.589943">
        <ele>68.434310</ele>
        <time>2026-08-08T11:26:11.501Z</time>
      </trkpt>
      <trkpt lat="50.408474" lon="7.589731">
        <ele>68.214531</ele>
        <time>2026-08-08T11:26:14.136Z</time>
      </trkpt>
      <trkpt lat="50.408453" lon="7.589382">
        <ele>67.891851</ele>
        <time>2026-08-08T11:26:17.979Z</time>
      </trkpt>
      <trkpt lat="50.408496" lon="7.589169">
        <ele>67.686185</ele>
        <time>2026-08-08T11:26:20.470Z</time>
      </trkpt>
      <trkpt lat="50.408648" lon="7.588700">
        <ele>67.201861</ele>
        <time>2026-08-08T11:26:26.551Z</time>
      </trkpt>
      <trkpt lat="50.408773" lon="7.588415">
        <ele>66.883400</ele>
        <time>2026-08-08T11:26:30.757Z</time>
      </trkpt>
      <trkpt lat="50.408870" lon="7.588238">
        <ele>66.668521</ele>
        <time>2026-08-08T11:26:33.687Z</time>
      </trkpt>
      <trkpt lat="50.409135" lon="7.587873">
        <ele>66.582800</ele>
        <time>2026-08-08T11:26:41.235Z</time>
      </trkpt>
      <trkpt lat="50.409160" lon="7.587796">
        <ele>66.571556</ele>
        <time>2026-08-08T11:26:42.451Z</time>
      </trkpt>
      <trkpt lat="50.409169" lon="7.587398">
        <ele>66.519740</ele>
        <time>2026-08-08T11:26:48.066Z</time>
      </trkpt>
      <trkpt lat="50.409223" lon="7.587242">
        <ele>66.496642</ele>
        <time>2026-08-08T11:26:50.554Z</time>
      </trkpt>
      <trkpt lat="50.409269" lon="7.586891">
        <ele>66.450018</ele>
        <time>2026-08-08T11:26:55.434Z</time>
      </trkpt>
      <trkpt lat="50.409575" lon="7.585684">
        <ele>66.280451</ele>
        <time>2026-08-08T11:27:12.110Z</time>
      </trkpt>
      <trkpt lat="50.409994" lon="7.583951">
        <ele>66.008328</ele>
        <time>2026-08-08T11:27:36.461Z</time>
      </trkpt>
      <trkpt lat="50.410211" lon="7.583393">
        <ele>65.912358</ele>
        <time>2026-08-08T11:27:45.094Z</time>
      </trkpt>
      <trkpt lat="50.410783" lon="7.582276">
        <ele>65.804701</ele>
        <time>2026-08-08T11:28:04.293Z</time>
      </trkpt>
      <trkpt lat="50.411851" lon="7.580275">
        <ele>66.190930</ele>
        <time>2026-08-08T11:28:38.901Z</time>
      </trkpt>
      <trkpt lat="50.412291" lon="7.579468">
        <ele>66.736781</ele>
        <time>2026-08-08T11:28:54.359Z</time>
      </trkpt>
      <trkpt lat="50.412428" lon="7.579229">
        <ele>66.901997</ele>
        <time>2026-08-08T11:28:59.083Z</time>
      </trkpt>
      <trkpt lat="50.412725" lon="7.578684">
        <ele>67.170646</ele>
        <time>2026-08-08T11:29:09.473Z</time>
      </trkpt>
      <trkpt lat="50.412985" lon="7.578212">
        <ele>67.203886</ele>
        <time>2026-08-08T11:29:18.427Z</time>
      </trkpt>
      <trkpt lat="50.413117" lon="7.578049">
        <ele>67.217929</ele>
        <time>2026-08-08T11:29:22.175Z</time>
      </trkpt>
      <trkpt lat="50.413316" lon="7.577888">
        <ele>67.236648</ele>
        <time>2026-08-08T11:29:27.076Z</time>
      </trkpt>
      <trkpt lat="50.413552" lon="7.577589">
        <ele>67.262006</ele>
        <time>2026-08-08T11:29:33.331Z</time>
      </trkpt>
      <trkpt lat="50.413705" lon="7.577178">
        <ele>67.287366</ele>
        <time>2026-08-08T11:29:39.202Z</time>
      </trkpt>
      <trkpt lat="50.413931" lon="7.576558">
        <ele>67.178257</ele>
        <time>2026-08-08T11:29:47.741Z</time>
      </trkpt>
      <trkpt lat="50.414279" lon="7.575860">
        <ele>66.789870</ele>
        <time>2026-08-08T11:29:58.566Z</time>
      </trkpt>
      <trkpt lat="50.415053" lon="7.574467">
        <ele>66.186835</ele>
        <time>2026-08-08T11:30:22.339Z</time>
      </trkpt>
      <trkpt lat="50.415835" lon="7.573022">
        <ele>67.212794</ele>
        <time>2026-08-08T11:30:49.188Z</time>
      </trkpt>
      <trkpt lat="50.415969" lon="7.572837">
        <ele>67.364367</ele>
        <time>2026-08-08T11:30:53.340Z</time>
      </trkpt>
      <trkpt lat="50.416082" lon="7.572840">
        <ele>67.460349</ele>
        <time>2026-08-08T11:30:55.953Z</time>
      </trkpt>
      <trkpt lat="50.416460" lon="7.573123">
        <ele>67.883860</ele>
        <time>2026-08-08T11:31:05.686Z</time>
      </trkpt>
      <trkpt lat="50.416703" lon="7.573293">
        <ele>68.180769</ele>
        <time>2026-08-08T11:31:11.833Z</time>
      </trkpt>
      <trkpt lat="50.416767" lon="7.573316">
        <ele>68.254040</ele>
        <time>2026-08-08T11:31:13.339Z</time>
      </trkpt>
      <trkpt lat="50.416875" lon="7.573297">
        <ele>68.375321</ele>
        <time>2026-08-08T11:31:15.853Z</time>
      </trkpt>
      <trkpt lat="50.416916" lon="7.573255">
        <ele>68.429961</ele>
        <time>2026-08-08T11:31:16.969Z</time>
      </trkpt>
      <trkpt lat="50.417125" lon="7.572825">
        <ele>68.814536</ele>
        <time>2026-08-08T11:31:24.893Z</time>
      </trkpt>
      <trkpt lat="50.418465" lon="7.569998">
        <ele>69.925433</ele>
        <time>2026-08-08T11:32:13.459Z</time>
      </trkpt>
      <trkpt lat="50.418602" lon="7.569733">
        <ele>69.970505</ele>
        <time>2026-08-08T11:32:17.994Z</time>
      </trkpt>
      <trkpt lat="50.418920" lon="7.569231">
        <ele>69.810415</ele>
        <time>2026-08-08T11:32:27.425Z</time>
      </trkpt>
      <trkpt lat="50.419097" lon="7.568953">
        <ele>69.705346</ele>
        <time>2026-08-08T11:32:32.594Z</time>
      </trkpt>
      <trkpt lat="50.419316" lon="7.568650">
        <ele>69.582849</ele>
        <time>2026-08-08T11:32:38.526Z</time>
      </trkpt>
      <trkpt lat="50.419500" lon="7.568088">
        <ele>69.413927</ele>
        <time>2026-08-08T11:32:46.590Z</time>
      </trkpt>
      <trkpt lat="50.419875" lon="7.567646">
        <ele>69.205730</ele>
        <time>2026-08-08T11:32:55.972Z</time>
      </trkpt>
      <trkpt lat="50.419274" lon="7.566406">
        <ele>68.216720</ele>
        <time>2026-08-08T11:33:15.166Z</time>
      </trkpt>
      <trkpt lat="50.420084" lon="7.565394">
        <ele>67.299498</ele>
        <time>2026-08-08T11:33:34.896Z</time>
      </trkpt>
      <trkpt lat="50.420129" lon="7.565285">
        <ele>67.254999</ele>
        <time>2026-08-08T11:33:37.099Z</time>
      </trkpt>
      <trkpt lat="50.420084" lon="7.565075">
        <ele>67.179089</ele>
        <time>2026-08-08T11:33:40.881Z</time>
      </trkpt>
      <trkpt lat="50.420096" lon="7.564882">
        <ele>67.112650</ele>
        <time>2026-08-08T11:33:44.211Z</time>
      </trkpt>
      <trkpt lat="50.420109" lon="7.564757">
        <ele>67.069256</ele>
        <time>2026-08-08T11:33:46.380Z</time>
      </trkpt>
      <trkpt lat="50.420164" lon="7.564605">
        <ele>67.009366</ele>
        <time>2026-08-08T11:33:49.394Z</time>
      </trkpt>
      <trkpt lat="50.420307" lon="7.564536">
        <ele>66.928918</ele>
        <time>2026-08-08T11:33:53.491Z</time>
      </trkpt>
      <trkpt lat="50.420508" lon="7.564354">
        <ele>66.804137</ele>
        <time>2026-08-08T11:33:59.786Z</time>
      </trkpt>
      <trkpt lat="50.420680" lon="7.564249">
        <ele>66.704897</ele>
        <time>2026-08-08T11:34:04.818Z</time>
      </trkpt>
      <trkpt lat="50.420913" lon="7.564168">
        <ele>66.576569</ele>
        <time>2026-08-08T11:34:11.305Z</time>
      </trkpt>
      <trkpt lat="50.421175" lon="7.564197">
        <ele>66.414105</ele>
        <time>2026-08-08T11:34:18.539Z</time>
      </trkpt>
      <trkpt lat="50.421244" lon="7.564255">
        <ele>66.343156</ele>
        <time>2026-08-08T11:34:20.682Z</time>
      </trkpt>
      <trkpt lat="50.421313" lon="7.564290">
        <ele>66.277427</ele>
        <time>2026-08-08T11:34:22.679Z</time>
      </trkpt>
      <trkpt lat="50.421369" lon="7.563523">
        <ele>65.831566</ele>
        <time>2026-08-08T11:34:32.643Z</time>
      </trkpt>
      <trkpt lat="50.421413" lon="7.563266">
        <ele>65.677877</ele>
        <time>2026-08-08T11:34:35.897Z</time>
      </trkpt>
      <trkpt lat="50.421660" lon="7.562571">
        <ele>65.218279</ele>
        <time>2026-08-08T11:34:45.420Z</time>
      </trkpt>
      <trkpt lat="50.421666" lon="7.562466">
        <ele>65.157396</ele>
        <time>2026-08-08T11:34:46.646Z</time>
      </trkpt>
      <trkpt lat="50.421641" lon="7.562316">
        <ele>65.067853</ele>
        <time>2026-08-08T11:34:48.454Z</time>
      </trkpt>
      <trkpt lat="50.421588" lon="7.562139">
        <ele>64.954905</ele>
        <time>2026-08-08T11:34:50.741Z</time>
      </trkpt>
      <trkpt lat="50.421552" lon="7.562006">
        <ele>64.871450</ele>
        <time>2026-08-08T11:34:52.449Z</time>
      </trkpt>
      <trkpt lat="50.421546" lon="7.561881">
        <ele>64.804882</ele>
        <time>2026-08-08T11:34:53.944Z</time>
      </trkpt>
      <trkpt lat="50.421635" lon="7.561486">
        <ele>64.601143</ele>
        <time>2026-08-08T11:34:58.973Z</time>
      </trkpt>
      <trkpt lat="50.421725" lon="7.561123">
        <ele>64.411729</ele>
        <time>2026-08-08T11:35:03.664Z</time>
      </trkpt>
      <trkpt lat="50.422084" lon="7.559908">
        <ele>63.760457</ele>
        <time>2026-08-08T11:35:20.518Z</time>
      </trkpt>
      <trkpt lat="50.422709" lon="7.558414">
        <ele>63.769826</ele>
        <time>2026-08-08T11:35:44.555Z</time>
      </trkpt>
      <trkpt lat="50.422971" lon="7.557775">
        <ele>63.968008</ele>
        <time>2026-08-08T11:35:55.224Z</time>
      </trkpt>
      <trkpt lat="50.422966" lon="7.557601">
        <ele>64.013434</ele>
        <time>2026-08-08T11:35:57.694Z</time>
      </trkpt>
      <trkpt lat="50.423052" lon="7.557300">
        <ele>64.099468</ele>
        <time>2026-08-08T11:36:02.390Z</time>
      </trkpt>
      <trkpt lat="50.423209" lon="7.556692">
        <ele>64.270926</ele>
        <time>2026-08-08T11:36:11.748Z</time>
      </trkpt>
      <trkpt lat="50.422631" lon="7.556063">
        <ele>64.560298</ele>
        <time>2026-08-08T11:36:28.053Z</time>
      </trkpt>
      <trkpt lat="50.422328" lon="7.555818">
        <ele>64.700532</ele>
        <time>2026-08-08T11:36:35.812Z</time>
      </trkpt>
      <trkpt lat="50.422044" lon="7.555715">
        <ele>64.820456</ele>
        <time>2026-08-08T11:36:42.207Z</time>
      </trkpt>
      <trkpt lat="50.421778" lon="7.555662">
        <ele>64.930775</ele>
        <time>2026-08-08T11:36:47.982Z</time>
      </trkpt>
      <trkpt lat="50.421103" lon="7.555466">
        <ele>64.052530</ele>
        <time>2026-08-08T11:37:06.212Z</time>
      </trkpt>
      <trkpt lat="50.420881" lon="7.555307">
        <ele>63.727271</ele>
        <time>2026-08-08T11:37:12.324Z</time>
      </trkpt>
      <trkpt lat="50.420721" lon="7.555103">
        <ele>63.452504</ele>
        <time>2026-08-08T11:37:17.397Z</time>
      </trkpt>
      <trkpt lat="50.420359" lon="7.554413">
        <ele>62.693424</ele>
        <time>2026-08-08T11:37:31.230Z</time>
      </trkpt>
      <trkpt lat="50.420311" lon="7.554281">
        <ele>62.564349</ele>
        <time>2026-08-08T11:37:33.557Z</time>
      </trkpt>
      <trkpt lat="50.420309" lon="7.554149">
        <ele>62.439816</ele>
        <time>2026-08-08T11:37:35.572Z</time>
      </trkpt>
      <trkpt lat="50.420501" lon="7.552996">
        <ele>61.287983</ele>
        <time>2026-08-08T11:37:53.866Z</time>
      </trkpt>
      <trkpt lat="50.421012" lon="7.550496">
        <ele>59.695126</ele>
        <time>2026-08-08T11:38:36.961Z</time>
      </trkpt>
      <trkpt lat="50.421603" lon="7.547600">
        <ele>59.927840</ele>
        <time>2026-08-08T11:39:19.347Z</time>
      </trkpt>
      <trkpt lat="50.421817" lon="7.546409">
        <ele>60.320527</ele>
        <time>2026-08-08T11:39:36.123Z</time>
      </trkpt>
      <trkpt lat="50.421871" lon="7.545938">
        <ele>60.726363</ele>
        <time>2026-08-08T11:39:42.687Z</time>
      </trkpt>
      <trkpt lat="50.421966" lon="7.545334">
        <ele>61.672868</ele>
        <time>2026-08-08T11:39:52.058Z</time>
      </trkpt>
      <trkpt lat="50.422056" lon="7.544642">
        <ele>62.747378</ele>
        <time>2026-08-08T11:40:02.936Z</time>
      </trkpt>
      <trkpt lat="50.422256" lon="7.544726">
        <ele>63.241758</ele>
        <time>2026-08-08T11:40:08.159Z</time>
      </trkpt>
      <trkpt lat="50.422295" lon="7.544742">
        <ele>63.338014</ele>
        <time>2026-08-08T11:40:09.188Z</time>
      </trkpt>
      <trkpt lat="50.422581" lon="7.544861">
        <ele>64.044537</ele>
        <time>2026-08-08T11:40:16.641Z</time>
      </trkpt>
      <trkpt lat="50.422683" lon="7.544204">
        <ele>64.455660</ele>
        <time>2026-08-08T11:40:27.227Z</time>
      </trkpt>
      <trkpt lat="50.422686" lon="7.544176">
        <ele>64.427311</ele>
        <time>2026-08-08T11:40:27.670Z</time>
      </trkpt>
      <trkpt lat="50.422733" lon="7.544130">
        <ele>64.340509</ele>
        <time>2026-08-08T11:40:29.020Z</time>
      </trkpt>
      <trkpt lat="50.422906" lon="7.544021">
        <ele>64.048366</ele>
        <time>2026-08-08T11:40:33.506Z</time>
      </trkpt>
      <trkpt lat="50.423105" lon="7.543786">
        <ele>63.658096</ele>
        <time>2026-08-08T11:40:38.549Z</time>
      </trkpt>
      <trkpt lat="50.423182" lon="7.543835">
        <ele>63.527886</ele>
        <time>2026-08-08T11:40:39.966Z</time>
      </trkpt>
      <trkpt lat="50.423105" lon="7.543786">
        <ele>63.397676</ele>
        <time>2026-08-08T11:40:41.312Z</time>
      </trkpt>
      <trkpt lat="50.422906" lon="7.544021">
        <ele>63.007406</ele>
        <time>2026-08-08T11:40:45.237Z</time>
      </trkpt>
      <trkpt lat="50.422733" lon="7.544130">
        <ele>62.715263</ele>
        <time>2026-08-08T11:40:48.176Z</time>
      </trkpt>
      <trkpt lat="50.422686" lon="7.544176">
        <ele>62.628461</ele>
        <time>2026-08-08T11:40:49.062Z</time>
      </trkpt>
      <trkpt lat="50.422652" lon="7.544166">
        <ele>62.574251</ele>
        <time>2026-08-08T11:40:49.601Z</time>
      </trkpt>
      <trkpt lat="50.422359" lon="7.544095">
        <ele>62.109639</ele>
        <time>2026-08-08T11:40:54.256Z</time>
      </trkpt>
      <trkpt lat="50.422175" lon="7.544038">
        <ele>61.797900</ele>
        <time>2026-08-08T11:40:57.181Z</time>
      </trkpt>
      <trkpt lat="50.422307" lon="7.543082">
        <ele>60.557287</ele>
        <time>2026-08-08T11:41:06.935Z</time>
      </trkpt>
      <trkpt lat="50.422429" lon="7.542671">
        <ele>59.982231</ele>
        <time>2026-08-08T11:41:11.614Z</time>
      </trkpt>
      <trkpt lat="50.422655" lon="7.541526">
        <ele>58.461980</ele>
        <time>2026-08-08T11:41:27.702Z</time>
      </trkpt>
      <trkpt lat="50.422630" lon="7.541310">
        <ele>58.325775</ele>
        <time>2026-08-08T11:41:30.739Z</time>
      </trkpt>
      <trkpt lat="50.422910" lon="7.540097">
        <ele>58.666368</ele>
        <time>2026-08-08T11:41:48.496Z</time>
      </trkpt>
      <trkpt lat="50.423053" lon="7.539170">
        <ele>58.918159</ele>
        <time>2026-08-08T11:42:01.870Z</time>
      </trkpt>
      <trkpt lat="50.423173" lon="7.538381">
        <ele>59.152730</ele>
        <time>2026-08-08T11:42:13.295Z</time>
      </trkpt>
      <trkpt lat="50.423412" lon="7.536395">
        <ele>59.813392</ele>
        <time>2026-08-08T11:42:41.712Z</time>
      </trkpt>
      <trkpt lat="50.423557" lon="7.534341">
        <ele>59.552166</ele>
        <time>2026-08-08T11:43:09.811Z</time>
      </trkpt>
      <trkpt lat="50.423637" lon="7.533034">
        <ele>59.189243</ele>
        <time>2026-08-08T11:43:25.818Z</time>
      </trkpt>
      <trkpt lat="50.423613" lon="7.532748">
        <ele>59.047051</ele>
        <time>2026-08-08T11:43:29.287Z</time>
      </trkpt>
      <trkpt lat="50.423544" lon="7.532360">
        <ele>58.848488</ele>
        <time>2026-08-08T11:43:34.169Z</time>
      </trkpt>
      <trkpt lat="50.423513" lon="7.532172">
        <ele>58.752766</ele>
        <time>2026-08-08T11:43:36.539Z</time>
      </trkpt>
      <trkpt lat="50.423488" lon="7.531471">
        <ele>58.406690</ele>
        <time>2026-08-08T11:43:51.569Z</time>
      </trkpt>
      <trkpt lat="50.423498" lon="7.529875">
        <ele>57.891977</ele>
        <time>2026-08-08T11:44:26.774Z</time>
      </trkpt>
      <trkpt lat="50.423465" lon="7.528868">
        <ele>58.018611</ele>
        <time>2026-08-08T11:44:48.936Z</time>
      </trkpt>
      <trkpt lat="50.423430" lon="7.528401">
        <ele>58.077665</ele>
        <time>2026-08-08T11:44:59.289Z</time>
      </trkpt>
      <trkpt lat="50.423334" lon="7.527135">
        <ele>58.232955</ele>
        <time>2026-08-08T11:45:27.201Z</time>
      </trkpt>
      <trkpt lat="50.423246" lon="7.526236">
        <ele>58.335322</ele>
        <time>2026-08-08T11:45:39.914Z</time>
      </trkpt>
      <trkpt lat="50.423251" lon="7.525812">
        <ele>58.383050</ele>
        <time>2026-08-08T11:45:46.361Z</time>
      </trkpt>
      <trkpt lat="50.423207" lon="7.525604">
        <ele>58.407716</ele>
        <time>2026-08-08T11:45:49.672Z</time>
      </trkpt>
      <trkpt lat="50.423116" lon="7.525389">
        <ele>58.436767</ele>
        <time>2026-08-08T11:45:53.583Z</time>
      </trkpt>
      <trkpt lat="50.422778" lon="7.523195">
        <ele>58.026635</ele>
        <time>2026-08-08T11:46:26.064Z</time>
      </trkpt>
      <trkpt lat="50.422204" lon="7.520452">
        <ele>57.494727</ele>
        <time>2026-08-08T11:47:07.716Z</time>
      </trkpt>
      <trkpt lat="50.421901" lon="7.519163">
        <ele>57.484949</ele>
        <time>2026-08-08T11:47:28.345Z</time>
      </trkpt>
      <trkpt lat="50.421532" lon="7.517924">
        <ele>58.119716</ele>
        <time>2026-08-08T11:47:49.416Z</time>
      </trkpt>
      <trkpt lat="50.421289" lon="7.517081">
        <ele>58.549151</ele>
        <time>2026-08-08T11:48:03.767Z</time>
      </trkpt>
      <trkpt lat="50.420516" lon="7.514978">
        <ele>60.920193</ele>
        <time>2026-08-08T11:48:41.818Z</time>
      </trkpt>
      <trkpt lat="50.420650" lon="7.514950">
        <ele>61.142725</ele>
        <time>2026-08-08T11:48:46.322Z</time>
      </trkpt>
      <trkpt lat="50.420565" lon="7.514724">
        <ele>61.417981</ele>
        <time>2026-08-08T11:48:51.917Z</time>
      </trkpt>
      <trkpt lat="50.420503" lon="7.514353">
        <ele>61.849955</ele>
        <time>2026-08-08T11:49:00.142Z</time>
      </trkpt>
      <trkpt lat="50.420507" lon="7.514295">
        <ele>61.921765</ele>
        <time>2026-08-08T11:49:01.400Z</time>
      </trkpt>
      <trkpt lat="50.420595" lon="7.514115">
        <ele>62.201038</ele>
        <time>2026-08-08T11:49:06.242Z</time>
      </trkpt>
      <trkpt lat="50.420721" lon="7.513943">
        <ele>62.523648</ele>
        <time>2026-08-08T11:49:11.867Z</time>
      </trkpt>
      <trkpt lat="50.421112" lon="7.513807">
        <ele>63.297352</ele>
        <time>2026-08-08T11:49:25.291Z</time>
      </trkpt>
      <trkpt lat="50.421453" lon="7.513458">
        <ele>64.083821</ele>
        <time>2026-08-08T11:49:38.963Z</time>
      </trkpt>
      <trkpt lat="50.421888" lon="7.513238">
        <ele>64.966753</ele>
        <time>2026-08-08T11:49:54.373Z</time>
      </trkpt>
      <trkpt lat="50.421810" lon="7.512541">
        <ele>64.839075</ele>
        <time>2026-08-08T11:50:04.854Z</time>
      </trkpt>
      <trkpt lat="50.421705" lon="7.510946">
        <ele>64.051086</ele>
        <time>2026-08-08T11:50:26.343Z</time>
      </trkpt>
      <trkpt lat="50.421699" lon="7.510859">
        <ele>64.008083</ele>
        <time>2026-08-08T11:50:27.487Z</time>
      </trkpt>
      <trkpt lat="50.421672" lon="7.510439">
        <ele>63.800638</ele>
        <time>2026-08-08T11:50:33.045Z</time>
      </trkpt>
      <trkpt lat="50.421579" lon="7.508794">
        <ele>63.607189</ele>
        <time>2026-08-08T11:50:56.329Z</time>
      </trkpt>
      <trkpt lat="50.421558" lon="7.508703">
        <ele>63.598947</ele>
        <time>2026-08-08T11:50:57.793Z</time>
      </trkpt>
      <trkpt lat="50.421481" lon="7.507528">
        <ele>63.498365</ele>
        <time>2026-08-08T11:51:16.011Z</time>
      </trkpt>
      <trkpt lat="50.421454" lon="7.507379">
        <ele>63.528334</ele>
        <time>2026-08-08T11:51:18.426Z</time>
      </trkpt>
      <trkpt lat="50.421297" lon="7.506514">
        <ele>63.747362</ele>
        <time>2026-08-08T11:51:32.495Z</time>
      </trkpt>
      <trkpt lat="50.421286" lon="7.506456">
        <ele>63.762099</ele>
        <time>2026-08-08T11:51:33.433Z</time>
      </trkpt>
      <trkpt lat="50.421225" lon="7.506105">
        <ele>63.850699</ele>
        <time>2026-08-08T11:51:39.058Z</time>
      </trkpt>
      <trkpt lat="50.421109" lon="7.505432">
        <ele>64.020482</ele>
        <time>2026-08-08T11:51:49.619Z</time>
      </trkpt>
      <trkpt lat="50.420937" lon="7.505513">
        <ele>64.089119</ele>
        <time>2026-08-08T11:51:55.835Z</time>
      </trkpt>
      <trkpt lat="50.419617" lon="7.505804">
        <ele>63.810240</ele>
        <time>2026-08-08T11:52:41.862Z</time>
      </trkpt>
      <trkpt lat="50.419006" lon="7.503218">
        <ele>63.091310</ele>
        <time>2026-08-08T11:53:18.640Z</time>
      </trkpt>
      <trkpt lat="50.418708" lon="7.501607">
        <ele>62.687523</ele>
        <time>2026-08-08T11:53:39.413Z</time>
      </trkpt>
      <trkpt lat="50.418537" lon="7.500516">
        <ele>62.547210</ele>
        <time>2026-08-08T11:53:53.592Z</time>
      </trkpt>
      <trkpt lat="50.418205" lon="7.498320">
        <ele>62.950340</ele>
        <time>2026-08-08T11:54:25.379Z</time>
      </trkpt>
      <trkpt lat="50.418062" lon="7.497343">
        <ele>63.478747</ele>
        <time>2026-08-08T11:54:39.856Z</time>
      </trkpt>
      <trkpt lat="50.418553" lon="7.497223">
        <ele>63.885945</ele>
        <time>2026-08-08T11:54:53.763Z</time>
      </trkpt>
      <trkpt lat="50.418775" lon="7.497056">
        <ele>63.940896</ele>
        <time>2026-08-08T11:55:00.634Z</time>
      </trkpt>
      <trkpt lat="50.418929" lon="7.496819">
        <ele>63.989039</ele>
        <time>2026-08-08T11:55:06.626Z</time>
      </trkpt>
      <trkpt lat="50.419065" lon="7.496431">
        <ele>64.052020</ele>
        <time>2026-08-08T11:55:14.452Z</time>
      </trkpt>
      <trkpt lat="50.419060" lon="7.495802">
        <ele>64.141486</ele>
        <time>2026-08-08T11:55:25.507Z</time>
      </trkpt>
      <trkpt lat="50.418533" lon="7.488402">
        <ele>64.160688</ele>
        <time>2026-08-08T11:57:36.019Z</time>
      </trkpt>
      <trkpt lat="50.418392" lon="7.486426">
        <ele>64.049707</ele>
        <time>2026-08-08T11:58:10.682Z</time>
      </trkpt>
      <trkpt lat="50.418352" lon="7.485866">
        <ele>64.096322</ele>
        <time>2026-08-08T11:58:20.551Z</time>
      </trkpt>
      <trkpt lat="50.418346" lon="7.485786">
        <ele>64.104075</ele>
        <time>2026-08-08T11:58:21.965Z</time>
      </trkpt>
      <trkpt lat="50.418286" lon="7.484939">
        <ele>64.186102</ele>
        <time>2026-08-08T11:58:37.035Z</time>
      </trkpt>
      <trkpt lat="50.418316" lon="7.484697">
        <ele>64.209832</ele>
        <time>2026-08-08T11:58:41.404Z</time>
      </trkpt>
      <trkpt lat="50.418358" lon="7.484704">
        <ele>64.216212</ele>
        <time>2026-08-08T11:58:42.324Z</time>
      </trkpt>
      <trkpt lat="50.418368" lon="7.484499">
        <ele>64.236002</ele>
        <time>2026-08-08T11:58:45.164Z</time>
      </trkpt>
      <trkpt lat="50.418375" lon="7.484366">
        <ele>64.248847</ele>
        <time>2026-08-08T11:58:47.008Z</time>
      </trkpt>
      <trkpt lat="50.418375" lon="7.483949">
        <ele>64.288984</ele>
        <time>2026-08-08T11:58:52.719Z</time>
      </trkpt>
      <trkpt lat="50.418398" lon="7.483626">
        <ele>64.318602</ele>
        <time>2026-08-08T11:58:57.179Z</time>
      </trkpt>
      <trkpt lat="50.418336" lon="7.483619">
        <ele>64.318555</ele>
        <time>2026-08-08T11:58:58.902Z</time>
      </trkpt>
      <trkpt lat="50.418553" lon="7.480312">
        <ele>64.323989</ele>
        <time>2026-08-08T11:59:57.128Z</time>
      </trkpt>
      <trkpt lat="50.418532" lon="7.480069">
        <ele>64.326676</ele>
        <time>2026-08-08T12:00:01.410Z</time>
      </trkpt>
      <trkpt lat="50.418492" lon="7.479975">
        <ele>64.327915</ele>
        <time>2026-08-08T12:00:03.388Z</time>
      </trkpt>
      <trkpt lat="50.418054" lon="7.479754">
        <ele>64.335829</ele>
        <time>2026-08-08T12:00:16.012Z</time>
      </trkpt>
      <trkpt lat="50.417994" lon="7.479715">
        <ele>64.336946</ele>
        <time>2026-08-08T12:00:17.809Z</time>
      </trkpt>
      <trkpt lat="50.417809" lon="7.479593">
        <ele>64.340398</ele>
        <time>2026-08-08T12:00:23.361Z</time>
      </trkpt>
      <trkpt lat="50.417514" lon="7.479305">
        <ele>64.346374</ele>
        <time>2026-08-08T12:00:33.004Z</time>
      </trkpt>
      <trkpt lat="50.417105" lon="7.478779">
        <ele>64.232426</ele>
        <time>2026-08-08T12:00:47.627Z</time>
      </trkpt>
      <trkpt lat="50.417008" lon="7.478665">
        <ele>64.199367</ele>
        <time>2026-08-08T12:00:50.962Z</time>
      </trkpt>
      <trkpt lat="50.416908" lon="7.478568">
        <ele>64.167297</ele>
        <time>2026-08-08T12:00:54.176Z</time>
      </trkpt>
      <trkpt lat="50.416573" lon="7.478330">
        <ele>64.066982</ele>
        <time>2026-08-08T12:01:04.271Z</time>
      </trkpt>
      <trkpt lat="50.415307" lon="7.477780">
        <ele>63.458661</ele>
        <time>2026-08-08T12:01:39.401Z</time>
      </trkpt>
      <trkpt lat="50.415122" lon="7.477645">
        <ele>63.309553</ele>
        <time>2026-08-08T12:01:44.703Z</time>
      </trkpt>
      <trkpt lat="50.415033" lon="7.477478">
        <ele>63.208166</ele>
        <time>2026-08-08T12:01:48.337Z</time>
      </trkpt>
      <trkpt lat="50.414948" lon="7.477117">
        <ele>63.028935</ele>
        <time>2026-08-08T12:01:54.837Z</time>
      </trkpt>
      <trkpt lat="50.415006" lon="7.477074">
        <ele>62.982054</ele>
        <time>2026-08-08T12:01:56.570Z</time>
      </trkpt>
      <trkpt lat="50.415000" lon="7.476922">
        <ele>62.911131</ele>
        <time>2026-08-08T12:01:58.576Z</time>
      </trkpt>
      <trkpt lat="50.415043" lon="7.476610">
        <ele>62.762470</ele>
        <time>2026-08-08T12:02:02.850Z</time>
      </trkpt>
      <trkpt lat="50.415622" lon="7.473855">
        <ele>61.267566</ele>
        <time>2026-08-08T12:02:41.718Z</time>
      </trkpt>
      <trkpt lat="50.415816" lon="7.473031">
        <ele>60.591724</ele>
        <time>2026-08-08T12:02:52.123Z</time>
      </trkpt>
      <trkpt lat="50.415874" lon="7.472865">
        <ele>60.408612</ele>
        <time>2026-08-08T12:02:54.331Z</time>
      </trkpt>
      <trkpt lat="50.416038" lon="7.472546">
        <ele>60.012166</ele>
        <time>2026-08-08T12:02:59.059Z</time>
      </trkpt>
      <trkpt lat="50.417144" lon="7.471173">
        <ele>58.388156</ele>
        <time>2026-08-08T12:03:26.289Z</time>
      </trkpt>
      <trkpt lat="50.417508" lon="7.470754">
        <ele>58.473222</ele>
        <time>2026-08-08T12:03:35.922Z</time>
      </trkpt>
      <trkpt lat="50.417683" lon="7.470553">
        <ele>58.514088</ele>
        <time>2026-08-08T12:03:40.811Z</time>
      </trkpt>
      <trkpt lat="50.417783" lon="7.470416">
        <ele>58.539102</ele>
        <time>2026-08-08T12:03:43.864Z</time>
      </trkpt>
      <trkpt lat="50.417857" lon="7.470326">
        <ele>58.556744</ele>
        <time>2026-08-08T12:03:46.034Z</time>
      </trkpt>
      <trkpt lat="50.418076" lon="7.470006">
        <ele>58.613131</ele>
        <time>2026-08-08T12:03:53.095Z</time>
      </trkpt>
      <trkpt lat="50.418334" lon="7.469587">
        <ele>58.689033</ele>
        <time>2026-08-08T12:04:01.616Z</time>
      </trkpt>
      <trkpt lat="50.418855" lon="7.468734">
        <ele>58.895523</ele>
        <time>2026-08-08T12:04:18.443Z</time>
      </trkpt>
      <trkpt lat="50.418917" lon="7.468618">
        <ele>58.921982</ele>
        <time>2026-08-08T12:04:20.584Z</time>
      </trkpt>
      <trkpt lat="50.418969" lon="7.468516">
        <ele>58.944810</ele>
        <time>2026-08-08T12:04:22.368Z</time>
      </trkpt>
      <trkpt lat="50.419576" lon="7.467199">
        <ele>59.045806</ele>
        <time>2026-08-08T12:04:43.360Z</time>
      </trkpt>
      <trkpt lat="50.419883" lon="7.466486">
        <ele>58.775926</ele>
        <time>2026-08-08T12:04:54.029Z</time>
      </trkpt>
      <trkpt lat="50.420002" lon="7.466192">
        <ele>58.666692</ele>
        <time>2026-08-08T12:04:58.497Z</time>
      </trkpt>
      <trkpt lat="50.420747" lon="7.464391">
        <ele>58.268645</ele>
        <time>2026-08-08T12:05:26.659Z</time>
      </trkpt>
      <trkpt lat="50.421151" lon="7.463435">
        <ele>58.256773</ele>
        <time>2026-08-08T12:05:42.104Z</time>
      </trkpt>
      <trkpt lat="50.421177" lon="7.463377">
        <ele>58.256039</ele>
        <time>2026-08-08T12:05:43.095Z</time>
      </trkpt>
      <trkpt lat="50.421558" lon="7.462664">
        <ele>58.106111</ele>
        <time>2026-08-08T12:05:56.143Z</time>
      </trkpt>
      <trkpt lat="50.421615" lon="7.462558">
        <ele>58.021401</ele>
        <time>2026-08-08T12:05:57.940Z</time>
      </trkpt>
      <trkpt lat="50.422006" lon="7.461850">
        <ele>57.449196</ele>
        <time>2026-08-08T12:06:09.756Z</time>
      </trkpt>
      <trkpt lat="50.422124" lon="7.461640">
        <ele>57.278197</ele>
        <time>2026-08-08T12:06:13.416Z</time>
      </trkpt>
      <trkpt lat="50.422029" lon="7.461498">
        <ele>57.152450</ele>
        <time>2026-08-08T12:06:15.923Z</time>
      </trkpt>
      <trkpt lat="50.421901" lon="7.461486">
        <ele>57.029539</ele>
        <time>2026-08-08T12:06:18.350Z</time>
      </trkpt>
      <trkpt lat="50.421908" lon="7.461241">
        <ele>56.879765</ele>
        <time>2026-08-08T12:06:21.345Z</time>
      </trkpt>
      <trkpt lat="50.421973" lon="7.461006">
        <ele>56.723308</ele>
        <time>2026-08-08T12:06:24.359Z</time>
      </trkpt>
      <trkpt lat="50.422234" lon="7.460369">
        <ele>56.105122</ele>
        <time>2026-08-08T12:06:32.562Z</time>
      </trkpt>
      <trkpt lat="50.422625" lon="7.459669">
        <ele>55.201359</ele>
        <time>2026-08-08T12:06:42.782Z</time>
      </trkpt>
      <trkpt lat="50.422684" lon="7.459552">
        <ele>55.056500</ele>
        <time>2026-08-08T12:06:44.539Z</time>
      </trkpt>
      <trkpt lat="50.423391" lon="7.458431">
        <ele>53.822628</ele>
        <time>2026-08-08T12:07:04.088Z</time>
      </trkpt>
      <trkpt lat="50.423598" lon="7.458147">
        <ele>53.885019</ele>
        <time>2026-08-08T12:07:09.656Z</time>
      </trkpt>
      <trkpt lat="50.423897" lon="7.457814">
        <ele>53.968218</ele>
        <time>2026-08-08T12:07:17.309Z</time>
      </trkpt>
      <trkpt lat="50.424150" lon="7.457516">
        <ele>54.040001</ele>
        <time>2026-08-08T12:07:24.234Z</time>
      </trkpt>
      <trkpt lat="50.424592" lon="7.457134">
        <ele>54.154506</ele>
        <time>2026-08-08T12:07:35.595Z</time>
      </trkpt>
      <trkpt lat="50.425533" lon="7.456400">
        <ele>55.235485</ele>
        <time>2026-08-08T12:07:59.241Z</time>
      </trkpt>
      <trkpt lat="50.425683" lon="7.456294">
        <ele>55.429511</ele>
        <time>2026-08-08T12:08:03.031Z</time>
      </trkpt>
      <trkpt lat="50.425801" lon="7.456204">
        <ele>55.584252</ele>
        <time>2026-08-08T12:08:06.063Z</time>
      </trkpt>
      <trkpt lat="50.426254" lon="7.455831">
        <ele>56.187614</ele>
        <time>2026-08-08T12:08:17.867Z</time>
      </trkpt>
      <trkpt lat="50.426509" lon="7.455643">
        <ele>56.330731</ele>
        <time>2026-08-08T12:08:24.185Z</time>
      </trkpt>
      <trkpt lat="50.426876" lon="7.455376">
        <ele>56.370068</ele>
        <time>2026-08-08T12:08:33.157Z</time>
      </trkpt>
      <trkpt lat="50.428049" lon="7.454469">
        <ele>56.452138</ele>
        <time>2026-08-08T12:09:00.111Z</time>
      </trkpt>
      <trkpt lat="50.428181" lon="7.454351">
        <ele>56.389295</ele>
        <time>2026-08-08T12:09:02.998Z</time>
      </trkpt>
      <trkpt lat="50.428304" lon="7.454247">
        <ele>56.331498</ele>
        <time>2026-08-08T12:09:05.697Z</time>
      </trkpt>
      <trkpt lat="50.428613" lon="7.454013">
        <ele>56.189565</ele>
        <time>2026-08-08T12:09:12.428Z</time>
      </trkpt>
      <trkpt lat="50.428724" lon="7.453932">
        <ele>56.138925</ele>
        <time>2026-08-08T12:09:14.919Z</time>
      </trkpt>
      <trkpt lat="50.428796" lon="7.453880">
        <ele>56.106137</ele>
        <time>2026-08-08T12:09:16.555Z</time>
      </trkpt>
      <trkpt lat="50.429312" lon="7.453503">
        <ele>55.870677</ele>
        <time>2026-08-08T12:09:28.292Z</time>
      </trkpt>
      <trkpt lat="50.429431" lon="7.453446">
        <ele>55.819206</ele>
        <time>2026-08-08T12:09:30.808Z</time>
      </trkpt>
      <trkpt lat="50.429694" lon="7.453421">
        <ele>55.737528</ele>
        <time>2026-08-08T12:09:36.339Z</time>
      </trkpt>
      <trkpt lat="50.429786" lon="7.453347">
        <ele>55.728791</ele>
        <time>2026-08-08T12:09:38.553Z</time>
      </trkpt>
      <trkpt lat="50.432476" lon="7.451261">
        <ele>55.423193</ele>
        <time>2026-08-08T12:11:00.875Z</time>
      </trkpt>
      <trkpt lat="50.432889" lon="7.451030">
        <ele>55.371516</ele>
        <time>2026-08-08T12:11:12.857Z</time>
      </trkpt>
      <trkpt lat="50.433300" lon="7.450667">
        <ele>55.344662</ele>
        <time>2026-08-08T12:11:25.677Z</time>
      </trkpt>
      <trkpt lat="50.434353" lon="7.449987">
        <ele>55.279823</ele>
        <time>2026-08-08T12:11:57.045Z</time>
      </trkpt>
      <trkpt lat="50.435122" lon="7.449577">
        <ele>55.180731</ele>
        <time>2026-08-08T12:12:19.517Z</time>
      </trkpt>
      <trkpt lat="50.435857" lon="7.448945">
        <ele>55.065036</ele>
        <time>2026-08-08T12:12:42.557Z</time>
      </trkpt>
      <trkpt lat="50.436875" lon="7.448205">
        <ele>54.744729</ele>
        <time>2026-08-08T12:13:12.502Z</time>
      </trkpt>
      <trkpt lat="50.437486" lon="7.447654">
        <ele>54.504019</ele>
        <time>2026-08-08T12:13:31.457Z</time>
      </trkpt>
      <trkpt lat="50.438249" lon="7.447067">
        <ele>54.980591</ele>
        <time>2026-08-08T12:13:55.174Z</time>
      </trkpt>
      <trkpt lat="50.438384" lon="7.446905">
        <ele>55.151807</ele>
        <time>2026-08-08T12:13:59.935Z</time>
      </trkpt>
      <trkpt lat="50.438612" lon="7.446640">
        <ele>55.437652</ele>
        <time>2026-08-08T12:14:07.899Z</time>
      </trkpt>
      <trkpt lat="50.438995" lon="7.446304">
        <ele>55.879741</ele>
        <time>2026-08-08T12:14:20.228Z</time>
      </trkpt>
      <trkpt lat="50.439312" lon="7.446122">
        <ele>56.219853</ele>
        <time>2026-08-08T12:14:29.697Z</time>
      </trkpt>
      <trkpt lat="50.439954" lon="7.445301">
        <ele>56.615118</ele>
        <time>2026-08-08T12:14:52.846Z</time>
      </trkpt>
      <trkpt lat="50.440512" lon="7.444603">
        <ele>56.955481</ele>
        <time>2026-08-08T12:15:12.581Z</time>
      </trkpt>
      <trkpt lat="50.440920" lon="7.444393">
        <ele>57.131467</ele>
        <time>2026-08-08T12:15:24.387Z</time>
      </trkpt>
      <trkpt lat="50.441060" lon="7.444219">
        <ele>57.186642</ele>
        <time>2026-08-08T12:15:29.260Z</time>
      </trkpt>
      <trkpt lat="50.441282" lon="7.443841">
        <ele>57.287836</ele>
        <time>2026-08-08T12:15:36.169Z</time>
      </trkpt>
      <trkpt lat="50.441616" lon="7.443273">
        <ele>57.439981</ele>
        <time>2026-08-08T12:15:46.249Z</time>
      </trkpt>
      <trkpt lat="50.442038" lon="7.442490">
        <ele>57.671193</ele>
        <time>2026-08-08T12:16:04.525Z</time>
      </trkpt>
      <trkpt lat="50.442206" lon="7.442138">
        <ele>58.090940</ele>
        <time>2026-08-08T12:16:10.953Z</time>
      </trkpt>
      <trkpt lat="50.442278" lon="7.442006">
        <ele>58.256784</ele>
        <time>2026-08-08T12:16:13.498Z</time>
      </trkpt>
      <trkpt lat="50.442533" lon="7.442348">
        <ele>58.759265</ele>
        <time>2026-08-08T12:16:21.259Z</time>
      </trkpt>
      <trkpt lat="50.442661" lon="7.442389">
        <ele>58.955004</ele>
        <time>2026-08-08T12:16:24.295Z</time>
      </trkpt>
      <trkpt lat="50.442870" lon="7.441923">
        <ele>59.498876</ele>
        <time>2026-08-08T12:16:34.505Z</time>
      </trkpt>
      <trkpt lat="50.442902" lon="7.441851">
        <ele>59.582656</ele>
        <time>2026-08-08T12:16:35.840Z</time>
      </trkpt>
      <trkpt lat="50.443116" lon="7.441366">
        <ele>60.145679</ele>
        <time>2026-08-08T12:16:46.499Z</time>
      </trkpt>
      <trkpt lat="50.443159" lon="7.441296">
        <ele>60.238484</ele>
        <time>2026-08-08T12:16:48.247Z</time>
      </trkpt>
      <trkpt lat="50.443191" lon="7.441243">
        <ele>60.308174</ele>
        <time>2026-08-08T12:16:49.372Z</time>
      </trkpt>
      <trkpt lat="50.443256" lon="7.441134">
        <ele>60.349168</ele>
        <time>2026-08-08T12:16:51.523Z</time>
      </trkpt>
      <trkpt lat="50.443421" lon="7.440851">
        <ele>60.409294</ele>
        <time>2026-08-08T12:16:56.891Z</time>
      </trkpt>
      <trkpt lat="50.443504" lon="7.440774">
        <ele>60.433015</ele>
        <time>2026-08-08T12:16:58.942Z</time>
      </trkpt>
      <trkpt lat="50.443589" lon="7.440693">
        <ele>60.457481</ele>
        <time>2026-08-08T12:17:01.009Z</time>
      </trkpt>
      <trkpt lat="50.443874" lon="7.440214">
        <ele>60.560204</ele>
        <time>2026-08-08T12:17:09.596Z</time>
      </trkpt>
      <trkpt lat="50.444055" lon="7.439819">
        <ele>60.636460</ele>
        <time>2026-08-08T12:17:15.907Z</time>
      </trkpt>
      <trkpt lat="50.444449" lon="7.438786">
        <ele>60.806955</ele>
        <time>2026-08-08T12:17:32.195Z</time>
      </trkpt>
      <trkpt lat="50.444717" lon="7.438080">
        <ele>60.891828</ele>
        <time>2026-08-08T12:17:43.216Z</time>
      </trkpt>
      <trkpt lat="50.444943" lon="7.437503">
        <ele>60.961778</ele>
        <time>2026-08-08T12:17:52.538Z</time>
      </trkpt>
      <trkpt lat="50.445103" lon="7.437035">
        <ele>61.016629</ele>
        <time>2026-08-08T12:18:00.008Z</time>
      </trkpt>
      <trkpt lat="50.445982" lon="7.433754">
        <ele>61.096023</ele>
        <time>2026-08-08T12:18:48.068Z</time>
      </trkpt>
      <trkpt lat="50.446041" lon="7.433446">
        <ele>61.036588</ele>
        <time>2026-08-08T12:18:52.248Z</time>
      </trkpt>
      <trkpt lat="50.446013" lon="7.433379">
        <ele>61.021778</ele>
        <time>2026-08-08T12:18:53.278Z</time>
      </trkpt>
      <trkpt lat="50.446002" lon="7.433249">
        <ele>60.997544</ele>
        <time>2026-08-08T12:18:54.989Z</time>
      </trkpt>
      <trkpt lat="50.446031" lon="7.433113">
        <ele>60.971041</ele>
        <time>2026-08-08T12:18:56.853Z</time>
      </trkpt>
      <trkpt lat="50.446116" lon="7.432780">
        <ele>60.904746</ele>
        <time>2026-08-08T12:19:01.507Z</time>
      </trkpt>
      <trkpt lat="50.446113" lon="7.432557">
        <ele>60.863528</ele>
        <time>2026-08-08T12:19:04.399Z</time>
      </trkpt>
      <trkpt lat="50.446113" lon="7.432489">
        <ele>60.850962</ele>
        <time>2026-08-08T12:19:05.275Z</time>
      </trkpt>
      <trkpt lat="50.446407" lon="7.428514">
        <ele>59.917926</ele>
        <time>2026-08-08T12:19:57.356Z</time>
      </trkpt>
      <trkpt lat="50.446402" lon="7.428389">
        <ele>59.875421</ele>
        <time>2026-08-08T12:19:58.925Z</time>
      </trkpt>
      <trkpt lat="50.446298" lon="7.428051">
        <ele>59.733263</ele>
        <time>2026-08-08T12:20:03.604Z</time>
      </trkpt>
      <trkpt lat="50.446185" lon="7.427329">
        <ele>59.451708</ele>
        <time>2026-08-08T12:20:12.892Z</time>
      </trkpt>
      <trkpt lat="50.446072" lon="7.426846">
        <ele>59.256843</ele>
        <time>2026-08-08T12:20:19.302Z</time>
      </trkpt>
      <trkpt lat="50.445996" lon="7.426342">
        <ele>59.060702</ele>
        <time>2026-08-08T12:20:25.849Z</time>
      </trkpt>
      <trkpt lat="50.445967" lon="7.425617">
        <ele>58.838158</ele>
        <time>2026-08-08T12:20:35.363Z</time>
      </trkpt>
      <trkpt lat="50.445962" lon="7.424529">
        <ele>58.837559</ele>
        <time>2026-08-08T12:20:50.091Z</time>
      </trkpt>
      <trkpt lat="50.445908" lon="7.423398">
        <ele>58.836935</ele>
        <time>2026-08-08T12:21:05.522Z</time>
      </trkpt>
      <trkpt lat="50.445910" lon="7.422677">
        <ele>58.792559</ele>
        <time>2026-08-08T12:21:15.243Z</time>
      </trkpt>
      <trkpt lat="50.445731" lon="7.420782">
        <ele>58.464574</ele>
        <time>2026-08-08T12:21:40.205Z</time>
      </trkpt>
      <trkpt lat="50.445634" lon="7.419039">
        <ele>58.318222</ele>
        <time>2026-08-08T12:22:03.053Z</time>
      </trkpt>
      <trkpt lat="50.445626" lon="7.418874">
        <ele>58.312966</ele>
        <time>2026-08-08T12:22:05.203Z</time>
      </trkpt>
      <trkpt lat="50.445630" lon="7.418687">
        <ele>58.307023</ele>
        <time>2026-08-08T12:22:07.654Z</time>
      </trkpt>
      <trkpt lat="50.445665" lon="7.418547">
        <ele>58.302246</ele>
        <time>2026-08-08T12:22:09.660Z</time>
      </trkpt>
      <trkpt lat="50.445670" lon="7.418381">
        <ele>58.296968</ele>
        <time>2026-08-08T12:22:11.858Z</time>
      </trkpt>
      <trkpt lat="50.445625" lon="7.417687">
        <ele>58.274812</ele>
        <time>2026-08-08T12:22:22.043Z</time>
      </trkpt>
      <trkpt lat="50.445622" lon="7.417466">
        <ele>58.267791</ele>
        <time>2026-08-08T12:22:25.159Z</time>
      </trkpt>
      <trkpt lat="50.445624" lon="7.417382">
        <ele>58.265122</ele>
        <time>2026-08-08T12:22:26.330Z</time>
      </trkpt>
      <trkpt lat="50.445625" lon="7.416748">
        <ele>58.107166</ele>
        <time>2026-08-08T12:22:34.660Z</time>
      </trkpt>
      <trkpt lat="50.445673" lon="7.416361">
        <ele>58.000962</ele>
        <time>2026-08-08T12:22:39.618Z</time>
      </trkpt>
      <trkpt lat="50.445771" lon="7.416079">
        <ele>57.914426</ele>
        <time>2026-08-08T12:22:43.668Z</time>
      </trkpt>
      <trkpt lat="50.445770" lon="7.415927">
        <ele>57.873480</ele>
        <time>2026-08-08T12:22:45.598Z</time>
      </trkpt>
      <trkpt lat="50.445729" lon="7.415831">
        <ele>57.842344</ele>
        <time>2026-08-08T12:22:47.038Z</time>
      </trkpt>
      <trkpt lat="50.445722" lon="7.415711">
        <ele>57.809884</ele>
        <time>2026-08-08T12:22:49.108Z</time>
      </trkpt>
      <trkpt lat="50.445610" lon="7.415533">
        <ele>57.742480</ele>
        <time>2026-08-08T12:22:53.343Z</time>
      </trkpt>
      <trkpt lat="50.445587" lon="7.415393">
        <ele>57.703533</ele>
        <time>2026-08-08T12:22:55.809Z</time>
      </trkpt>
      <trkpt lat="50.445537" lon="7.413900">
        <ele>58.275095</ele>
        <time>2026-08-08T12:23:21.334Z</time>
      </trkpt>
      <trkpt lat="50.445495" lon="7.413341">
        <ele>58.855573</ele>
        <time>2026-08-08T12:23:31.394Z</time>
      </trkpt>
      <trkpt lat="50.445415" lon="7.412708">
        <ele>59.521098</ele>
        <time>2026-08-08T12:23:43.162Z</time>
      </trkpt>
      <trkpt lat="50.445160" lon="7.411150">
        <ele>61.060727</ele>
        <time>2026-08-08T12:24:12.656Z</time>
      </trkpt>
      <trkpt lat="50.444797" lon="7.408946">
        <ele>62.860530</ele>
        <time>2026-08-08T12:24:44.937Z</time>
      </trkpt>
      <trkpt lat="50.444704" lon="7.408061">
        <ele>62.799775</ele>
        <time>2026-08-08T12:24:56.578Z</time>
      </trkpt>
      <trkpt lat="50.444676" lon="7.407132">
        <ele>62.736780</ele>
        <time>2026-08-08T12:25:08.640Z</time>
      </trkpt>
      <trkpt lat="50.444681" lon="7.406277">
        <ele>62.683309</ele>
        <time>2026-08-08T12:25:19.925Z</time>
      </trkpt>
      <trkpt lat="50.444700" lon="7.405241">
        <ele>62.703008</ele>
        <time>2026-08-08T12:25:34.101Z</time>
      </trkpt>
      <trkpt lat="50.444754" lon="7.404164">
        <ele>62.723540</ele>
        <time>2026-08-08T12:25:48.777Z</time>
      </trkpt>
      <trkpt lat="50.445203" lon="7.398662">
        <ele>62.319903</ele>
        <time>2026-08-08T12:27:02.318Z</time>
      </trkpt>
      <trkpt lat="50.445340" lon="7.397787">
        <ele>62.246127</ele>
        <time>2026-08-08T12:27:14.008Z</time>
      </trkpt>
      <trkpt lat="50.445470" lon="7.397209">
        <ele>62.290335</ele>
        <time>2026-08-08T12:27:22.206Z</time>
      </trkpt>
      <trkpt lat="50.445633" lon="7.396673">
        <ele>62.333172</ele>
        <time>2026-08-08T12:27:30.346Z</time>
      </trkpt>
      <trkpt lat="50.446089" lon="7.395376">
        <ele>62.430702</ele>
        <time>2026-08-08T12:27:51.341Z</time>
      </trkpt>
      <trkpt lat="50.446381" lon="7.394746">
        <ele>61.427461</ele>
        <time>2026-08-08T12:28:00.888Z</time>
      </trkpt>
      <trkpt lat="50.446474" lon="7.394621">
        <ele>61.179958</ele>
        <time>2026-08-08T12:28:02.957Z</time>
      </trkpt>
      <trkpt lat="50.446554" lon="7.394582">
        <ele>61.010595</ele>
        <time>2026-08-08T12:28:04.383Z</time>
      </trkpt>
      <trkpt lat="50.446777" lon="7.394242">
        <ele>60.382174</ele>
        <time>2026-08-08T12:28:09.550Z</time>
      </trkpt>
      <trkpt lat="50.446796" lon="7.394105">
        <ele>60.201651</ele>
        <time>2026-08-08T12:28:10.992Z</time>
      </trkpt>
      <trkpt lat="50.446731" lon="7.394102">
        <ele>60.070174</ele>
        <time>2026-08-08T12:28:12.160Z</time>
      </trkpt>
      <trkpt lat="50.446367" lon="7.393993">
        <ele>59.320959</ele>
        <time>2026-08-08T12:28:18.584Z</time>
      </trkpt>
      <trkpt lat="50.446324" lon="7.393907">
        <ele>59.180180</ele>
        <time>2026-08-08T12:28:19.852Z</time>
      </trkpt>
      <trkpt lat="50.446327" lon="7.393819">
        <ele>59.066716</ele>
        <time>2026-08-08T12:28:20.830Z</time>
      </trkpt>
      <trkpt lat="50.446735" lon="7.392799">
        <ele>58.058271</ele>
        <time>2026-08-08T12:28:34.283Z</time>
      </trkpt>
      <trkpt lat="50.447220" lon="7.391430">
        <ele>56.891292</ele>
        <time>2026-08-08T12:28:55.367Z</time>
      </trkpt>
      <trkpt lat="50.447230" lon="7.391400">
        <ele>56.866068</ele>
        <time>2026-08-08T12:28:55.835Z</time>
      </trkpt>
      <trkpt lat="50.447322" lon="7.391124">
        <ele>56.708010</ele>
        <time>2026-08-08T12:29:00.172Z</time>
      </trkpt>
      <trkpt lat="50.447357" lon="7.391022">
        <ele>56.720121</ele>
        <time>2026-08-08T12:29:01.794Z</time>
      </trkpt>
      <trkpt lat="50.447386" lon="7.390941">
        <ele>56.729834</ele>
        <time>2026-08-08T12:29:03.122Z</time>
      </trkpt>
      <trkpt lat="50.447676" lon="7.390098">
        <ele>56.829984</ele>
        <time>2026-08-08T12:29:16.906Z</time>
      </trkpt>
      <trkpt lat="50.447794" lon="7.389760">
        <ele>56.870274</ele>
        <time>2026-08-08T12:29:22.418Z</time>
      </trkpt>
      <trkpt lat="50.447946" lon="7.389391">
        <ele>56.916210</ele>
        <time>2026-08-08T12:29:28.764Z</time>
      </trkpt>
      <trkpt lat="50.447978" lon="7.389315">
        <ele>56.925733</ele>
        <time>2026-08-08T12:29:30.027Z</time>
      </trkpt>
      <trkpt lat="50.447995" lon="7.389270">
        <ele>56.931202</ele>
        <time>2026-08-08T12:29:30.782Z</time>
      </trkpt>
      <trkpt lat="50.448087" lon="7.389030">
        <ele>56.960482</ele>
        <time>2026-08-08T12:29:34.703Z</time>
      </trkpt>
      <trkpt lat="50.448251" lon="7.388664">
        <ele>56.967194</ele>
        <time>2026-08-08T12:29:40.670Z</time>
      </trkpt>
      <trkpt lat="50.448358" lon="7.388440">
        <ele>56.907077</ele>
        <time>2026-08-08T12:29:44.357Z</time>
      </trkpt>
      <trkpt lat="50.448580" lon="7.388003">
        <ele>56.787061</ele>
        <time>2026-08-08T12:29:51.769Z</time>
      </trkpt>
      <trkpt lat="50.448744" lon="7.387695">
        <ele>56.700867</ele>
        <time>2026-08-08T12:29:57.007Z</time>
      </trkpt>
      <trkpt lat="50.448945" lon="7.387307">
        <ele>56.593485</ele>
        <time>2026-08-08T12:30:03.285Z</time>
      </trkpt>
      <trkpt lat="50.449049" lon="7.387112">
        <ele>56.538878</ele>
        <time>2026-08-08T12:30:06.392Z</time>
      </trkpt>
      <trkpt lat="50.449218" lon="7.386793">
        <ele>56.449790</ele>
        <time>2026-08-08T12:30:11.649Z</time>
      </trkpt>
      <trkpt lat="50.449404" lon="7.386428">
        <ele>56.367216</ele>
        <time>2026-08-08T12:30:17.877Z</time>
      </trkpt>
      <trkpt lat="50.449648" lon="7.385936">
        <ele>56.295508</ele>
        <time>2026-08-08T12:30:26.417Z</time>
      </trkpt>
      <trkpt lat="50.449821" lon="7.385511">
        <ele>56.237507</ele>
        <time>2026-08-08T12:30:33.039Z</time>
      </trkpt>
      <trkpt lat="50.450099" lon="7.384839">
        <ele>56.145361</ele>
        <time>2026-08-08T12:30:43.652Z</time>
      </trkpt>
      <trkpt lat="50.450442" lon="7.384049">
        <ele>55.972776</ele>
        <time>2026-08-08T12:30:56.400Z</time>
      </trkpt>
      <trkpt lat="50.450837" lon="7.383159">
        <ele>55.564058</ele>
        <time>2026-08-08T12:31:10.234Z</time>
      </trkpt>
      <trkpt lat="50.450893" lon="7.383034">
        <ele>55.506477</ele>
        <time>2026-08-08T12:31:12.151Z</time>
      </trkpt>
      <trkpt lat="50.450964" lon="7.382851">
        <ele>55.425742</ele>
        <time>2026-08-08T12:31:14.876Z</time>
      </trkpt>
      <trkpt lat="50.451110" lon="7.382485">
        <ele>55.263029</ele>
        <time>2026-08-08T12:31:20.750Z</time>
      </trkpt>
      <trkpt lat="50.451443" lon="7.381627">
        <ele>54.867891</ele>
        <time>2026-08-08T12:31:33.817Z</time>
      </trkpt>
      <trkpt lat="50.451612" lon="7.381312">
        <ele>54.690186</ele>
        <time>2026-08-08T12:31:38.881Z</time>
      </trkpt>
      <trkpt lat="50.451687" lon="7.381224">
        <ele>54.626754</ele>
        <time>2026-08-08T12:31:40.722Z</time>
      </trkpt>
      <trkpt lat="50.451871" lon="7.380826">
        <ele>54.414567</ele>
        <time>2026-08-08T12:31:47.009Z</time>
      </trkpt>
      <trkpt lat="50.452158" lon="7.380128">
        <ele>54.056113</ele>
        <time>2026-08-08T12:31:58.091Z</time>
      </trkpt>
      <trkpt lat="50.452219" lon="7.379935">
        <ele>53.963158</ele>
        <time>2026-08-08T12:32:00.909Z</time>
      </trkpt>
      <trkpt lat="50.452619" lon="7.379148">
        <ele>54.094488</ele>
        <time>2026-08-08T12:32:14.330Z</time>
      </trkpt>
      <trkpt lat="50.453156" lon="7.378222">
        <ele>54.770533</ele>
        <time>2026-08-08T12:32:31.766Z</time>
      </trkpt>
      <trkpt lat="50.454022" lon="7.376858">
        <ele>57.118499</ele>
        <time>2026-08-08T12:33:00.377Z</time>
      </trkpt>
      <trkpt lat="50.454380" lon="7.377370">
        <ele>58.591384</ele>
        <time>2026-08-08T12:33:14.482Z</time>
      </trkpt>
      <trkpt lat="50.454445" lon="7.377438">
        <ele>58.828961</ele>
        <time>2026-08-08T12:33:16.806Z</time>
      </trkpt>
      <trkpt lat="50.454885" lon="7.377906">
        <ele>60.445485</ele>
        <time>2026-08-08T12:33:30.624Z</time>
      </trkpt>
      <trkpt lat="50.455100" lon="7.378093">
        <ele>61.064563</ele>
        <time>2026-08-08T12:33:36.862Z</time>
      </trkpt>
      <trkpt lat="50.455155" lon="7.378187">
        <ele>61.235574</ele>
        <time>2026-08-08T12:33:38.848Z</time>
      </trkpt>
      <trkpt lat="50.455212" lon="7.378326">
        <ele>61.457046</ele>
        <time>2026-08-08T12:33:41.383Z</time>
      </trkpt>
      <trkpt lat="50.455427" lon="7.378655">
        <ele>62.088578</ele>
        <time>2026-08-08T12:33:48.424Z</time>
      </trkpt>
      <trkpt lat="50.455808" lon="7.377935">
        <ele>63.342658</ele>
        <time>2026-08-08T12:34:02.310Z</time>
      </trkpt>
      <trkpt lat="50.455937" lon="7.377716">
        <ele>63.742304</ele>
        <time>2026-08-08T12:34:06.666Z</time>
      </trkpt>
      <trkpt lat="50.456613" lon="7.378583">
        <ele>64.871249</ele>
        <time>2026-08-08T12:34:26.371Z</time>
      </trkpt>
      <trkpt lat="50.456774" lon="7.378323">
        <ele>65.019562</ele>
        <time>2026-08-08T12:34:31.577Z</time>
      </trkpt>
      <trkpt lat="50.456821" lon="7.378291">
        <ele>65.052463</ele>
        <time>2026-08-08T12:34:32.729Z</time>
      </trkpt>
      <trkpt lat="50.456967" lon="7.378393">
        <ele>65.155094</ele>
        <time>2026-08-08T12:34:36.317Z</time>
      </trkpt>
      <trkpt lat="50.457138" lon="7.378389">
        <ele>65.264936</ele>
        <time>2026-08-08T12:34:40.100Z</time>
      </trkpt>
      <trkpt lat="50.457299" lon="7.378322">
        <ele>65.371912</ele>
        <time>2026-08-08T12:34:43.743Z</time>
      </trkpt>
      <trkpt lat="50.457385" lon="7.378240">
        <ele>65.436529</ele>
        <time>2026-08-08T12:34:45.902Z</time>
      </trkpt>
      <trkpt lat="50.457495" lon="7.378045">
        <ele>65.543063</ele>
        <time>2026-08-08T12:34:49.416Z</time>
      </trkpt>
      <trkpt lat="50.457574" lon="7.377833">
        <ele>65.643510</ele>
        <time>2026-08-08T12:34:52.655Z</time>
      </trkpt>
      <trkpt lat="50.457609" lon="7.377739">
        <ele>65.688038</ele>
        <time>2026-08-08T12:34:54.091Z</time>
      </trkpt>
      <trkpt lat="50.458039" lon="7.376647">
        <ele>65.398227</ele>
        <time>2026-08-08T12:35:10.943Z</time>
      </trkpt>
      <trkpt lat="50.458378" lon="7.375859">
        <ele>65.149985</ele>
        <time>2026-08-08T12:35:23.076Z</time>
      </trkpt>
      <trkpt lat="50.458777" lon="7.375107">
        <ele>64.937077</ele>
        <time>2026-08-08T12:35:35.534Z</time>
      </trkpt>
      <trkpt lat="50.459755" lon="7.373685">
        <ele>64.668487</ele>
        <time>2026-08-08T12:36:02.953Z</time>
      </trkpt>
      <trkpt lat="50.459949" lon="7.373290">
        <ele>64.665346</ele>
        <time>2026-08-08T12:36:09.826Z</time>
      </trkpt>
      <trkpt lat="50.460150" lon="7.372777">
        <ele>65.004556</ele>
        <time>2026-08-08T12:36:18.202Z</time>
      </trkpt>
      <trkpt lat="50.460208" lon="7.372481">
        <ele>65.178956</ele>
        <time>2026-08-08T12:36:22.587Z</time>
      </trkpt>
      <trkpt lat="50.460571" lon="7.372831">
        <ele>65.555712</ele>
        <time>2026-08-08T12:36:32.042Z</time>
      </trkpt>
      <trkpt lat="50.460629" lon="7.372847">
        <ele>65.607801</ele>
        <time>2026-08-08T12:36:33.380Z</time>
      </trkpt>
      <trkpt lat="50.460680" lon="7.372719">
        <ele>65.692833</ele>
        <time>2026-08-08T12:36:35.488Z</time>
      </trkpt>
      <trkpt lat="50.461014" lon="7.372427">
        <ele>66.030949</ele>
        <time>2026-08-08T12:36:44.185Z</time>
      </trkpt>
      <trkpt lat="50.461352" lon="7.371982">
        <ele>66.544374</ele>
        <time>2026-08-08T12:36:54.425Z</time>
      </trkpt>
      <trkpt lat="50.462051" lon="7.371155">
        <ele>67.763905</ele>
        <time>2026-08-08T12:37:14.549Z</time>
      </trkpt>
      <trkpt lat="50.462366" lon="7.370662">
        <ele>68.383587</ele>
        <time>2026-08-08T12:37:24.779Z</time>
      </trkpt>
      <trkpt lat="50.462685" lon="7.370445">
        <ele>68.745963</ele>
        <time>2026-08-08T12:37:32.660Z</time>
      </trkpt>
      <trkpt lat="50.463023" lon="7.370010">
        <ele>68.874192</ele>
        <time>2026-08-08T12:37:42.299Z</time>
      </trkpt>
      <trkpt lat="50.463948" lon="7.368192">
        <ele>69.244799</ele>
        <time>2026-08-08T12:38:13.129Z</time>
      </trkpt>
      <trkpt lat="50.464505" lon="7.367018">
        <ele>69.259183</ele>
        <time>2026-08-08T12:38:33.852Z</time>
      </trkpt>
      <trkpt lat="50.464694" lon="7.366684">
        <ele>69.263573</ele>
        <time>2026-08-08T12:38:39.748Z</time>
      </trkpt>
      <trkpt lat="50.464786" lon="7.366580">
        <ele>69.265322</ele>
        <time>2026-08-08T12:38:42.029Z</time>
      </trkpt>
      <trkpt lat="50.465091" lon="7.366427">
        <ele>69.118745</ele>
        <time>2026-08-08T12:38:48.335Z</time>
      </trkpt>
      <trkpt lat="50.465153" lon="7.366405">
        <ele>69.002575</ele>
        <time>2026-08-08T12:38:49.647Z</time>
      </trkpt>
      <trkpt lat="50.465154" lon="7.365558">
        <ele>68.017175</ele>
        <time>2026-08-08T12:38:59.770Z</time>
      </trkpt>
      <trkpt lat="50.465417" lon="7.364713">
        <ele>66.922885</ele>
        <time>2026-08-08T12:39:09.957Z</time>
      </trkpt>
      <trkpt lat="50.466045" lon="7.363077">
        <ele>64.973584</ele>
        <time>2026-08-08T12:39:30.938Z</time>
      </trkpt>
      <trkpt lat="50.466513" lon="7.362055">
        <ele>63.821299</ele>
        <time>2026-08-08T12:39:46.528Z</time>
      </trkpt>
      <trkpt lat="50.467159" lon="7.361116">
        <ele>63.070690</ele>
        <time>2026-08-08T12:40:03.808Z</time>
      </trkpt>
      <trkpt lat="50.468812" lon="7.358919">
        <ele>62.231446</ele>
        <time>2026-08-08T12:40:47.871Z</time>
      </trkpt>
      <trkpt lat="50.469028" lon="7.358479">
        <ele>62.170554</ele>
        <time>2026-08-08T12:40:55.650Z</time>
      </trkpt>
      <trkpt lat="50.469401" lon="7.357388">
        <ele>61.672133</ele>
        <time>2026-08-08T12:41:12.611Z</time>
      </trkpt>
      <trkpt lat="50.469554" lon="7.357008">
        <ele>61.269472</ele>
        <time>2026-08-08T12:41:17.790Z</time>
      </trkpt>
      <trkpt lat="50.469983" lon="7.356124">
        <ele>60.274000</ele>
        <time>2026-08-08T12:41:29.692Z</time>
      </trkpt>
      <trkpt lat="50.470314" lon="7.355626">
        <ele>59.629214</ele>
        <time>2026-08-08T12:41:38.328Z</time>
      </trkpt>
      <trkpt lat="50.470440" lon="7.355422">
        <ele>59.461776</ele>
        <time>2026-08-08T12:41:41.793Z</time>
      </trkpt>
      <trkpt lat="50.470692" lon="7.355083">
        <ele>59.220700</ele>
        <time>2026-08-08T12:41:48.215Z</time>
      </trkpt>
      <trkpt lat="50.471173" lon="7.354540">
        <ele>58.790300</ele>
        <time>2026-08-08T12:42:00.071Z</time>
      </trkpt>
      <trkpt lat="50.471504" lon="7.354233">
        <ele>58.510987</ele>
        <time>2026-08-08T12:42:08.490Z</time>
      </trkpt>
      <trkpt lat="50.471929" lon="7.353798">
        <ele>58.244434</ele>
        <time>2026-08-08T12:42:17.879Z</time>
      </trkpt>
      <trkpt lat="50.471966" lon="7.353760">
        <ele>58.243408</ele>
        <time>2026-08-08T12:42:18.735Z</time>
      </trkpt>
      <trkpt lat="50.472532" lon="7.353217">
        <ele>58.228008</ele>
        <time>2026-08-08T12:42:32.034Z</time>
      </trkpt>
      <trkpt lat="50.472596" lon="7.353155">
        <ele>58.226262</ele>
        <time>2026-08-08T12:42:33.640Z</time>
      </trkpt>
      <trkpt lat="50.472663" lon="7.353083">
        <ele>58.224377</ele>
        <time>2026-08-08T12:42:35.383Z</time>
      </trkpt>
      <trkpt lat="50.472958" lon="7.352807">
        <ele>58.216404</ele>
        <time>2026-08-08T12:42:42.914Z</time>
      </trkpt>
      <trkpt lat="50.473217" lon="7.352791">
        <ele>58.210385</ele>
        <time>2026-08-08T12:42:48.644Z</time>
      </trkpt>
      <trkpt lat="50.473303" lon="7.352754">
        <ele>58.208315</ele>
        <time>2026-08-08T12:42:50.621Z</time>
      </trkpt>
      <trkpt lat="50.473459" lon="7.352546">
        <ele>58.270226</ele>
        <time>2026-08-08T12:42:55.178Z</time>
      </trkpt>
      <trkpt lat="50.473688" lon="7.352395">
        <ele>58.420002</ele>
        <time>2026-08-08T12:43:00.742Z</time>
      </trkpt>
      <trkpt lat="50.474237" lon="7.352099">
        <ele>58.770048</ele>
        <time>2026-08-08T12:43:13.760Z</time>
      </trkpt>
      <trkpt lat="50.475010" lon="7.351586">
        <ele>59.276112</ele>
        <time>2026-08-08T12:43:32.101Z</time>
      </trkpt>
      <trkpt lat="50.475258" lon="7.351462">
        <ele>59.227398</ele>
        <time>2026-08-08T12:43:37.592Z</time>
      </trkpt>
      <trkpt lat="50.475507" lon="7.351318">
        <ele>59.156121</ele>
        <time>2026-08-08T12:43:43.186Z</time>
      </trkpt>
      <trkpt lat="50.475984" lon="7.350807">
        <ele>59.001034</ele>
        <time>2026-08-08T12:43:55.188Z</time>
      </trkpt>
      <trkpt lat="50.476407" lon="7.350291">
        <ele>58.857177</ele>
        <time>2026-08-08T12:44:06.045Z</time>
      </trkpt>
      <trkpt lat="50.476574" lon="7.349979">
        <ele>58.778724</ele>
        <time>2026-08-08T12:44:11.125Z</time>
      </trkpt>
      <trkpt lat="50.476823" lon="7.349422">
        <ele>58.611697</ele>
        <time>2026-08-08T12:44:19.612Z</time>
      </trkpt>
      <trkpt lat="50.477169" lon="7.348925">
        <ele>58.430948</ele>
        <time>2026-08-08T12:44:28.863Z</time>
      </trkpt>
      <trkpt lat="50.477214" lon="7.348813">
        <ele>58.398447</ele>
        <time>2026-08-08T12:44:30.521Z</time>
      </trkpt>
      <trkpt lat="50.477228" lon="7.348580">
        <ele>58.341020</ele>
        <time>2026-08-08T12:44:33.531Z</time>
      </trkpt>
      <trkpt lat="50.477231" lon="7.348405">
        <ele>58.298064</ele>
        <time>2026-08-08T12:44:35.838Z</time>
      </trkpt>
      <trkpt lat="50.477259" lon="7.348279">
        <ele>58.265316</ele>
        <time>2026-08-08T12:44:37.611Z</time>
      </trkpt>
      <trkpt lat="50.477386" lon="7.348063">
        <ele>58.193156</ele>
        <time>2026-08-08T12:44:41.597Z</time>
      </trkpt>
      <trkpt lat="50.477825" lon="7.347569">
        <ele>58.218772</ele>
        <time>2026-08-08T12:44:53.417Z</time>
      </trkpt>
      <trkpt lat="50.478349" lon="7.346950">
        <ele>58.423717</ele>
        <time>2026-08-08T12:45:07.907Z</time>
      </trkpt>
      <trkpt lat="50.478424" lon="7.346887">
        <ele>58.450304</ele>
        <time>2026-08-08T12:45:09.756Z</time>
      </trkpt>
      <trkpt lat="50.478780" lon="7.346682">
        <ele>58.568838</ele>
        <time>2026-08-08T12:45:18.052Z</time>
      </trkpt>
      <trkpt lat="50.478924" lon="7.346566">
        <ele>58.619428</ele>
        <time>2026-08-08T12:45:21.551Z</time>
      </trkpt>
      <trkpt lat="50.479540" lon="7.345879">
        <ele>58.410982</ele>
        <time>2026-08-08T12:45:36.943Z</time>
      </trkpt>
      <trkpt lat="50.480002" lon="7.345525">
        <ele>58.172966</ele>
        <time>2026-08-08T12:45:46.939Z</time>
      </trkpt>
      <trkpt lat="50.480065" lon="7.345384">
        <ele>58.122198</ele>
        <time>2026-08-08T12:45:49.088Z</time>
      </trkpt>
      <trkpt lat="50.480072" lon="7.345172">
        <ele>58.059643</ele>
        <time>2026-08-08T12:45:51.751Z</time>
      </trkpt>
      <trkpt lat="50.480205" lon="7.345104">
        <ele>57.994877</ele>
        <time>2026-08-08T12:45:55.469Z</time>
      </trkpt>
      <trkpt lat="50.480240" lon="7.345009">
        <ele>57.962530</ele>
        <time>2026-08-08T12:45:57.345Z</time>
      </trkpt>
      <trkpt lat="50.480260" lon="7.344775">
        <ele>57.892957</ele>
        <time>2026-08-08T12:46:01.416Z</time>
      </trkpt>
      <trkpt lat="50.480977" lon="7.343903">
        <ele>59.092997</ele>
        <time>2026-08-08T12:46:26.488Z</time>
      </trkpt>
      <trkpt lat="50.482299" lon="7.342383">
        <ele>63.205050</ele>
        <time>2026-08-08T12:47:13.288Z</time>
      </trkpt>
      <trkpt lat="50.482782" lon="7.341744">
        <ele>65.725332</ele>
        <time>2026-08-08T12:47:30.469Z</time>
      </trkpt>
      <trkpt lat="50.483149" lon="7.341198">
        <ele>67.742657</ele>
        <time>2026-08-08T12:47:43.976Z</time>
      </trkpt>
      <trkpt lat="50.483566" lon="7.340383">
        <ele>68.229632</ele>
        <time>2026-08-08T12:48:00.065Z</time>
      </trkpt>
      <trkpt lat="50.484190" lon="7.339053">
        <ele>68.878038</ele>
        <time>2026-08-08T12:48:20.695Z</time>
      </trkpt>
      <trkpt lat="50.484446" lon="7.338602">
        <ele>68.303652</ele>
        <time>2026-08-08T12:48:27.490Z</time>
      </trkpt>
      <trkpt lat="50.484737" lon="7.338177">
        <ele>67.397746</ele>
        <time>2026-08-08T12:48:34.606Z</time>
      </trkpt>
      <trkpt lat="50.485087" lon="7.337774">
        <ele>66.408312</ele>
        <time>2026-08-08T12:48:42.140Z</time>
      </trkpt>
      <trkpt lat="50.485375" lon="7.337490">
        <ele>65.632973</ele>
        <time>2026-08-08T12:48:47.897Z</time>
      </trkpt>
      <trkpt lat="50.486164" lon="7.336957">
        <ele>63.429066</ele>
        <time>2026-08-08T12:49:01.749Z</time>
      </trkpt>
      <trkpt lat="50.486222" lon="7.336826">
        <ele>63.148757</ele>
        <time>2026-08-08T12:49:03.375Z</time>
      </trkpt>
      <trkpt lat="50.486286" lon="7.336546">
        <ele>62.626202</ele>
        <time>2026-08-08T12:49:06.401Z</time>
      </trkpt>
      <trkpt lat="50.486437" lon="7.336324">
        <ele>62.055432</ele>
        <time>2026-08-08T12:49:09.715Z</time>
      </trkpt>
      <trkpt lat="50.486597" lon="7.336179">
        <ele>61.545597</ele>
        <time>2026-08-08T12:49:12.700Z</time>
      </trkpt>
      <trkpt lat="50.487335" lon="7.335741">
        <ele>59.885413</ele>
        <time>2026-08-08T12:49:26.530Z</time>
      </trkpt>
      <trkpt lat="50.487582" lon="7.335313">
        <ele>59.904834</ele>
        <time>2026-08-08T12:49:34.118Z</time>
      </trkpt>
      <trkpt lat="50.487627" lon="7.335287">
        <ele>59.907366</ele>
        <time>2026-08-08T12:49:35.145Z</time>
      </trkpt>
      <trkpt lat="50.487761" lon="7.335101">
        <ele>59.916810</ele>
        <time>2026-08-08T12:49:39.058Z</time>
      </trkpt>
      <trkpt lat="50.488098" lon="7.334792">
        <ele>59.937419</ele>
        <time>2026-08-08T12:49:47.647Z</time>
      </trkpt>
      <trkpt lat="50.488481" lon="7.334425">
        <ele>59.961113</ele>
        <time>2026-08-08T12:49:57.714Z</time>
      </trkpt>
      <trkpt lat="50.488676" lon="7.334302">
        <ele>59.980920</ele>
        <time>2026-08-08T12:50:02.484Z</time>
      </trkpt>
      <trkpt lat="50.489317" lon="7.334078">
        <ele>60.216339</ele>
        <time>2026-08-08T12:50:17.029Z</time>
      </trkpt>
      <trkpt lat="50.489481" lon="7.334019">
        <ele>60.276656</ele>
        <time>2026-08-08T12:50:20.657Z</time>
      </trkpt>
      <trkpt lat="50.490043" lon="7.333835">
        <ele>60.482465</ele>
        <time>2026-08-08T12:50:33.032Z</time>
      </trkpt>
      <trkpt lat="50.489988" lon="7.333421">
        <ele>60.578932</ele>
        <time>2026-08-08T12:50:38.628Z</time>
      </trkpt>
      <trkpt lat="50.490003" lon="7.333283">
        <ele>60.610865</ele>
        <time>2026-08-08T12:50:40.460Z</time>
      </trkpt>
      <trkpt lat="50.490061" lon="7.333200">
        <ele>60.629298</ele>
        <time>2026-08-08T12:50:42.081Z</time>
      </trkpt>
      <trkpt lat="50.490595" lon="7.332743">
        <ele>60.757180</ele>
        <time>2026-08-08T12:50:54.661Z</time>
      </trkpt>
      <trkpt lat="50.491447" lon="7.331905">
        <ele>60.968570</ele>
        <time>2026-08-08T12:51:16.616Z</time>
      </trkpt>
      <trkpt lat="50.491864" lon="7.331670">
        <ele>61.011833</ele>
        <time>2026-08-08T12:51:26.270Z</time>
      </trkpt>
      <trkpt lat="50.492134" lon="7.331521">
        <ele>61.027775</ele>
        <time>2026-08-08T12:51:32.444Z</time>
      </trkpt>
      <trkpt lat="50.492379" lon="7.331530">
        <ele>61.041428</ele>
        <time>2026-08-08T12:51:37.663Z</time>
      </trkpt>
      <trkpt lat="50.492432" lon="7.331541">
        <ele>61.044407</ele>
        <time>2026-08-08T12:51:38.832Z</time>
      </trkpt>
      <trkpt lat="50.492610" lon="7.331418">
        <ele>61.055239</ele>
        <time>2026-08-08T12:51:42.959Z</time>
      </trkpt>
      <trkpt lat="50.492793" lon="7.331241">
        <ele>61.067210</ele>
        <time>2026-08-08T12:51:47.435Z</time>
      </trkpt>
      <trkpt lat="50.492842" lon="7.331194">
        <ele>61.070408</ele>
        <time>2026-08-08T12:51:48.640Z</time>
      </trkpt>
      <trkpt lat="50.493184" lon="7.330833">
        <ele>61.093359</ele>
        <time>2026-08-08T12:51:56.987Z</time>
      </trkpt>
      <trkpt lat="50.493360" lon="7.330712">
        <ele>61.057059</ele>
        <time>2026-08-08T12:52:00.920Z</time>
      </trkpt>
      <trkpt lat="50.494089" lon="7.330220">
        <ele>60.893637</ele>
        <time>2026-08-08T12:52:17.220Z</time>
      </trkpt>
      <trkpt lat="50.494640" lon="7.329577">
        <ele>60.752279</ele>
        <time>2026-08-08T12:52:32.048Z</time>
      </trkpt>
      <trkpt lat="50.495227" lon="7.328717">
        <ele>60.662460</ele>
        <time>2026-08-08T12:52:49.646Z</time>
      </trkpt>
      <trkpt lat="50.495463" lon="7.328365">
        <ele>60.632481</ele>
        <time>2026-08-08T12:52:56.907Z</time>
      </trkpt>
      <trkpt lat="50.495739" lon="7.328044">
        <ele>60.600843</ele>
        <time>2026-08-08T12:53:04.497Z</time>
      </trkpt>
      <trkpt lat="50.495914" lon="7.327876">
        <ele>60.581948</ele>
        <time>2026-08-08T12:53:08.951Z</time>
      </trkpt>
      <trkpt lat="50.496033" lon="7.327717">
        <ele>60.567556</ele>
        <time>2026-08-08T12:53:12.282Z</time>
      </trkpt>
      <trkpt lat="50.496414" lon="7.327248">
        <ele>60.193551</ele>
        <time>2026-08-08T12:53:22.530Z</time>
      </trkpt>
      <trkpt lat="50.496930" lon="7.326440">
        <ele>59.491934</ele>
        <time>2026-08-08T12:53:37.343Z</time>
      </trkpt>
      <trkpt lat="50.497059" lon="7.326300">
        <ele>59.340925</ele>
        <time>2026-08-08T12:53:40.371Z</time>
      </trkpt>
      <trkpt lat="50.497698" lon="7.325674">
        <ele>58.642976</ele>
        <time>2026-08-08T12:53:54.903Z</time>
      </trkpt>
      <trkpt lat="50.497819" lon="7.325596">
        <ele>58.533454</ele>
        <time>2026-08-08T12:53:57.523Z</time>
      </trkpt>
      <trkpt lat="50.497477" lon="7.324923">
        <ele>58.074574</ele>
        <time>2026-08-08T12:54:08.171Z</time>
      </trkpt>
      <trkpt lat="50.497466" lon="7.324829">
        <ele>58.023658</ele>
        <time>2026-08-08T12:54:09.363Z</time>
      </trkpt>
      <trkpt lat="50.497693" lon="7.325188">
        <ele>57.753999</ele>
        <time>2026-08-08T12:54:16.019Z</time>
      </trkpt>
      <trkpt lat="50.497753" lon="7.325195">
        <ele>57.703613</ele>
        <time>2026-08-08T12:54:17.279Z</time>
      </trkpt>
      <trkpt lat="50.497841" lon="7.325125">
        <ele>57.621019</ele>
        <time>2026-08-08T12:54:19.338Z</time>
      </trkpt>
      <trkpt lat="50.499088" lon="7.323440">
        <ele>56.987571</ele>
        <time>2026-08-08T12:54:54.533Z</time>
      </trkpt>
      <trkpt lat="50.500622" lon="7.321618">
        <ele>56.645270</ele>
        <time>2026-08-08T12:55:36.409Z</time>
      </trkpt>
      <trkpt lat="50.501775" lon="7.320017">
        <ele>56.527287</ele>
        <time>2026-08-08T12:56:09.431Z</time>
      </trkpt>
      <trkpt lat="50.502972" lon="7.318866">
        <ele>56.416880</ele>
        <time>2026-08-08T12:56:40.810Z</time>
      </trkpt>
      <trkpt lat="50.503499" lon="7.318266">
        <ele>56.350693</ele>
        <time>2026-08-08T12:56:55.047Z</time>
      </trkpt>
      <trkpt lat="50.503014" lon="7.317073">
        <ele>55.701115</ele>
        <time>2026-08-08T12:57:13.662Z</time>
      </trkpt>
      <trkpt lat="50.502977" lon="7.316883">
        <ele>55.548367</ele>
        <time>2026-08-08T12:57:16.178Z</time>
      </trkpt>
      <trkpt lat="50.502976" lon="7.316701">
        <ele>55.408456</ele>
        <time>2026-08-08T12:57:18.442Z</time>
      </trkpt>
      <trkpt lat="50.503010" lon="7.316542">
        <ele>55.279508</ele>
        <time>2026-08-08T12:57:20.491Z</time>
      </trkpt>
      <trkpt lat="50.503689" lon="7.315411">
        <ele>54.064465</ele>
        <time>2026-08-08T12:57:39.627Z</time>
      </trkpt>
      <trkpt lat="50.503813" lon="7.315094">
        <ele>53.672243</ele>
        <time>2026-08-08T12:57:44.215Z</time>
      </trkpt>
      <trkpt lat="50.503847" lon="7.314950">
        <ele>53.510358</ele>
        <time>2026-08-08T12:57:46.008Z</time>
      </trkpt>
      <trkpt lat="50.503966" lon="7.314598">
        <ele>53.090228</ele>
        <time>2026-08-08T12:57:50.536Z</time>
      </trkpt>
      <trkpt lat="50.504354" lon="7.314074">
        <ele>52.242677</ele>
        <time>2026-08-08T12:57:59.589Z</time>
      </trkpt>
      <trkpt lat="50.504404" lon="7.313911">
        <ele>52.051954</ele>
        <time>2026-08-08T12:58:01.603Z</time>
      </trkpt>
      <trkpt lat="50.504474" lon="7.313181">
        <ele>51.273906</ele>
        <time>2026-08-08T12:58:10.037Z</time>
      </trkpt>
      <trkpt lat="50.504278" lon="7.312080">
        <ele>51.224338</ele>
        <time>2026-08-08T12:58:20.143Z</time>
      </trkpt>
      <trkpt lat="50.503471" lon="7.310360">
        <ele>51.756842</ele>
        <time>2026-08-08T12:58:39.035Z</time>
      </trkpt>
      <trkpt lat="50.502804" lon="7.309931">
        <ele>53.131605</ele>
        <time>2026-08-08T12:58:49.053Z</time>
      </trkpt>
      <trkpt lat="50.502372" lon="7.309958">
        <ele>53.956366</ele>
        <time>2026-08-08T12:59:01.322Z</time>
      </trkpt>
      <trkpt lat="50.502469" lon="7.309807">
        <ele>54.216769</ele>
        <time>2026-08-08T12:59:05.185Z</time>
      </trkpt>
      <trkpt lat="50.502958" lon="7.309282">
        <ele>55.074013</ele>
        <time>2026-08-08T12:59:21.822Z</time>
      </trkpt>
      <trkpt lat="50.503394" lon="7.308755">
        <ele>55.623607</ele>
        <time>2026-08-08T12:59:37.201Z</time>
      </trkpt>
      <trkpt lat="50.504310" lon="7.307572">
        <ele>56.772298</ele>
        <time>2026-08-08T13:00:10.344Z</time>
      </trkpt>
      <trkpt lat="50.504534" lon="7.307267">
        <ele>57.023404</ele>
        <time>2026-08-08T13:00:18.660Z</time>
      </trkpt>
      <trkpt lat="50.506215" lon="7.305532">
        <ele>57.988673</ele>
        <time>2026-08-08T13:01:14.880Z</time>
      </trkpt>
      <trkpt lat="50.506869" lon="7.304841">
        <ele>57.875145</ele>
        <time>2026-08-08T13:01:35.633Z</time>
      </trkpt>
      <trkpt lat="50.509051" lon="7.302650">
        <ele>56.565370</ele>
        <time>2026-08-08T13:02:44.964Z</time>
      </trkpt>
      <trkpt lat="50.509398" lon="7.302288">
        <ele>56.536865</ele>
        <time>2026-08-08T13:02:56.471Z</time>
      </trkpt>
      <trkpt lat="50.510120" lon="7.301602">
        <ele>56.479120</ele>
        <time>2026-08-08T13:03:19.744Z</time>
      </trkpt>
      <trkpt lat="50.510170" lon="7.301547">
        <ele>56.485221</ele>
        <time>2026-08-08T13:03:21.104Z</time>
      </trkpt>
      <trkpt lat="50.510474" lon="7.301250">
        <ele>56.538916</ele>
        <time>2026-08-08T13:03:29.076Z</time>
      </trkpt>
      <trkpt lat="50.510813" lon="7.300916">
        <ele>56.598934</ele>
        <time>2026-08-08T13:03:37.769Z</time>
      </trkpt>
      <trkpt lat="50.511206" lon="7.300503">
        <ele>56.669850</ele>
        <time>2026-08-08T13:04:10.594Z</time>
      </trkpt>
      <trkpt lat="50.511401" lon="7.300297">
        <ele>56.705095</ele>
        <time>2026-08-08T13:04:26.945Z</time>
      </trkpt>
      <trkpt lat="50.511802" lon="7.299885">
        <ele>56.662884</ele>
        <time>2026-08-08T13:05:00.193Z</time>
      </trkpt>
      <trkpt lat="50.512306" lon="7.299371">
        <ele>56.397845</ele>
        <time>2026-08-08T13:05:41.980Z</time>
      </trkpt>
      <trkpt lat="50.512353" lon="7.299345">
        <ele>56.375863</ele>
        <time>2026-08-08T13:05:43.012Z</time>
      </trkpt>
      <trkpt lat="50.512472" lon="7.299280">
        <ele>56.320282</ele>
        <time>2026-08-08T13:05:45.604Z</time>
      </trkpt>
      <trkpt lat="50.513419" lon="7.298467">
        <ele>55.891455</ele>
        <time>2026-08-08T13:06:14.778Z</time>
      </trkpt>
      <trkpt lat="50.514697" lon="7.297370">
        <ele>55.524280</ele>
        <time>2026-08-08T13:06:54.618Z</time>
      </trkpt>
      <trkpt lat="50.515923" lon="7.296582">
        <ele>55.222651</ele>
        <time>2026-08-08T13:07:30.514Z</time>
      </trkpt>
      <trkpt lat="50.518697" lon="7.294934">
        <ele>55.315473</ele>
        <time>2026-08-08T13:08:52.504Z</time>
      </trkpt>
      <trkpt lat="50.519056" lon="7.294669">
        <ele>55.315285</ele>
        <time>2026-08-08T13:09:00.835Z</time>
      </trkpt>
      <trkpt lat="50.519365" lon="7.294437">
        <ele>55.315122</ele>
        <time>2026-08-08T13:09:07.978Z</time>
      </trkpt>
      <trkpt lat="50.520649" lon="7.293738">
        <ele>55.293485</ele>
        <time>2026-08-08T13:09:36.484Z</time>
      </trkpt>
      <trkpt lat="50.520985" lon="7.293594">
        <ele>55.285185</ele>
        <time>2026-08-08T13:09:43.793Z</time>
      </trkpt>
      <trkpt lat="50.522974" lon="7.292570">
        <ele>55.115787</ele>
        <time>2026-08-08T13:10:27.773Z</time>
      </trkpt>
      <trkpt lat="50.526030" lon="7.291010">
        <ele>54.087230</ele>
        <time>2026-08-08T13:11:55.266Z</time>
      </trkpt>
      <trkpt lat="50.527314" lon="7.290338">
        <ele>53.800569</ele>
        <time>2026-08-08T13:12:31.642Z</time>
      </trkpt>
      <trkpt lat="50.528561" lon="7.289602">
        <ele>53.776936</ele>
        <time>2026-08-08T13:13:08.689Z</time>
      </trkpt>
      <trkpt lat="50.530199" lon="7.288739">
        <ele>53.846171</ele>
        <time>2026-08-08T13:13:56.199Z</time>
      </trkpt>
      <trkpt lat="50.531304" lon="7.288119">
        <ele>53.735408</ele>
        <time>2026-08-08T13:14:28.183Z</time>
      </trkpt>
      <trkpt lat="50.533100" lon="7.286963">
        <ele>53.722121</ele>
        <time>2026-08-08T13:15:21.930Z</time>
      </trkpt>
      <trkpt lat="50.536274" lon="7.285174">
        <ele>52.642939</ele>
        <time>2026-08-08T13:16:53.398Z</time>
      </trkpt>
      <trkpt lat="50.538014" lon="7.284490">
        <ele>52.259942</ele>
        <time>2026-08-08T13:17:42.259Z</time>
      </trkpt>
      <trkpt lat="50.542210" lon="7.282670">
        <ele>52.699543</ele>
        <time>2026-08-08T13:19:42.616Z</time>
      </trkpt>
      <trkpt lat="50.544365" lon="7.281562">
        <ele>53.852347</ele>
        <time>2026-08-08T13:20:45.721Z</time>
      </trkpt>
      <trkpt lat="50.544953" lon="7.281135">
        <ele>54.373336</ele>
        <time>2026-08-08T13:21:03.824Z</time>
      </trkpt>
      <trkpt lat="50.545177" lon="7.280932">
        <ele>54.581292</ele>
        <time>2026-08-08T13:21:11.062Z</time>
      </trkpt>
      <trkpt lat="50.545224" lon="7.280788">
        <ele>54.664053</ele>
        <time>2026-08-08T13:21:13.936Z</time>
      </trkpt>
      <trkpt lat="50.545348" lon="7.280646">
        <ele>54.799758</ele>
        <time>2026-08-08T13:21:18.257Z</time>
      </trkpt>
      <trkpt lat="50.545525" lon="7.280532">
        <ele>55.004734</ele>
        <time>2026-08-08T13:21:23.616Z</time>
      </trkpt>
      <trkpt lat="50.545757" lon="7.280446">
        <ele>55.260190</ele>
        <time>2026-08-08T13:21:30.312Z</time>
      </trkpt>
      <trkpt lat="50.546386" lon="7.280075">
        <ele>55.980127</ele>
        <time>2026-08-08T13:21:45.768Z</time>
      </trkpt>
      <trkpt lat="50.546732" lon="7.279871">
        <ele>56.376130</ele>
        <time>2026-08-08T13:21:54.106Z</time>
      </trkpt>
      <trkpt lat="50.547398" lon="7.279435">
        <ele>56.482225</ele>
        <time>2026-08-08T13:22:09.572Z</time>
      </trkpt>
      <trkpt lat="50.548747" lon="7.278788">
        <ele>55.858525</ele>
        <time>2026-08-08T13:22:37.393Z</time>
      </trkpt>
      <trkpt lat="50.549564" lon="7.278482">
        <ele>55.557406</ele>
        <time>2026-08-08T13:22:54.185Z</time>
      </trkpt>
      <trkpt lat="50.550651" lon="7.277984">
        <ele>55.253485</ele>
        <time>2026-08-08T13:23:17.809Z</time>
      </trkpt>
      <trkpt lat="50.550517" lon="7.277158">
        <ele>55.305338</ele>
        <time>2026-08-08T13:23:29.353Z</time>
      </trkpt>
      <trkpt lat="50.549611" lon="7.273443">
        <ele>55.914252</ele>
        <time>2026-08-08T13:24:23.495Z</time>
      </trkpt>
      <trkpt lat="50.548497" lon="7.269708">
        <ele>58.070994</ele>
        <time>2026-08-08T13:25:22.044Z</time>
      </trkpt>
      <trkpt lat="50.548344" lon="7.269200">
        <ele>58.472728</ele>
        <time>2026-08-08T13:25:30.232Z</time>
      </trkpt>
      <trkpt lat="50.548291" lon="7.269174">
        <ele>58.535161</ele>
        <time>2026-08-08T13:25:31.524Z</time>
      </trkpt>
      <trkpt lat="50.548240" lon="7.269298">
        <ele>58.640714</ele>
        <time>2026-08-08T13:25:33.664Z</time>
      </trkpt>
      <trkpt lat="50.548291" lon="7.269174">
        <ele>58.746268</ele>
        <time>2026-08-08T13:25:35.821Z</time>
      </trkpt>
      <trkpt lat="50.548344" lon="7.269200">
        <ele>58.808701</ele>
        <time>2026-08-08T13:25:37.097Z</time>
      </trkpt>
      <trkpt lat="50.548617" lon="7.268877">
        <ele>59.192807</ele>
        <time>2026-08-08T13:25:44.927Z</time>
      </trkpt>
      <trkpt lat="50.548837" lon="7.268614">
        <ele>59.503508</ele>
        <time>2026-08-08T13:25:51.241Z</time>
      </trkpt>
      <trkpt lat="50.549469" lon="7.268234">
        <ele>59.698576</ele>
        <time>2026-08-08T13:26:06.100Z</time>
      </trkpt>
      <trkpt lat="50.549595" lon="7.268150">
        <ele>59.737277</ele>
        <time>2026-08-08T13:26:09.171Z</time>
      </trkpt>
      <trkpt lat="50.549782" lon="7.267900">
        <ele>59.806673</ele>
        <time>2026-08-08T13:26:14.582Z</time>
      </trkpt>
      <trkpt lat="50.549918" lon="7.267587">
        <ele>59.874816</ele>
        <time>2026-08-08T13:26:19.829Z</time>
      </trkpt>
      <trkpt lat="50.549970" lon="7.267361">
        <ele>59.918011</ele>
        <time>2026-08-08T13:26:23.160Z</time>
      </trkpt>
      <trkpt lat="50.550008" lon="7.267066">
        <ele>59.972104</ele>
        <time>2026-08-08T13:26:27.330Z</time>
      </trkpt>
      <trkpt lat="50.549964" lon="7.266067">
        <ele>59.995918</ele>
        <time>2026-08-08T13:26:41.024Z</time>
      </trkpt>
      <trkpt lat="50.549895" lon="7.265561">
        <ele>59.981256</ele>
        <time>2026-08-08T13:26:47.821Z</time>
      </trkpt>
      <trkpt lat="50.549770" lon="7.264777">
        <ele>59.958356</ele>
        <time>2026-08-08T13:26:58.523Z</time>
      </trkpt>
      <trkpt lat="50.549702" lon="7.264330">
        <ele>59.945334</ele>
        <time>2026-08-08T13:27:04.672Z</time>
      </trkpt>
      <trkpt lat="50.549568" lon="7.263388">
        <ele>60.227472</ele>
        <time>2026-08-08T13:27:17.969Z</time>
      </trkpt>
      <trkpt lat="50.549497" lon="7.262922">
        <ele>60.435043</ele>
        <time>2026-08-08T13:27:24.717Z</time>
      </trkpt>
      <trkpt lat="50.549457" lon="7.262682">
        <ele>60.542516</ele>
        <time>2026-08-08T13:27:28.232Z</time>
      </trkpt>
      <trkpt lat="50.549436" lon="7.262511">
        <ele>60.617956</ele>
        <time>2026-08-08T13:27:30.696Z</time>
      </trkpt>
      <trkpt lat="50.549383" lon="7.262075">
        <ele>60.810236</ele>
        <time>2026-08-08T13:27:36.987Z</time>
      </trkpt>
      <trkpt lat="50.549320" lon="7.261516">
        <ele>61.056149</ele>
        <time>2026-08-08T13:27:45.104Z</time>
      </trkpt>
      <trkpt lat="50.549272" lon="7.261245">
        <ele>61.183872</ele>
        <time>2026-08-08T13:27:49.146Z</time>
      </trkpt>
      <trkpt lat="50.549207" lon="7.260880">
        <ele>61.412642</ele>
        <time>2026-08-08T13:27:54.596Z</time>
      </trkpt>
      <trkpt lat="50.549187" lon="7.260770">
        <ele>61.481693</ele>
        <time>2026-08-08T13:27:56.232Z</time>
      </trkpt>
      <trkpt lat="50.549044" lon="7.259969">
        <ele>61.983827</ele>
        <time>2026-08-08T13:28:08.087Z</time>
      </trkpt>
      <trkpt lat="50.548782" lon="7.258598">
        <ele>62.847861</ele>
        <time>2026-08-08T13:28:28.439Z</time>
      </trkpt>
      <trkpt lat="50.548777" lon="7.258207">
        <ele>63.101864</ele>
        <time>2026-08-08T13:28:34.043Z</time>
      </trkpt>
      <trkpt lat="50.548788" lon="7.258070">
        <ele>63.192258</ele>
        <time>2026-08-08T13:28:36.014Z</time>
      </trkpt>
      <trkpt lat="50.548800" lon="7.258003">
        <ele>63.237825</ele>
        <time>2026-08-08T13:28:37.007Z</time>
      </trkpt>
      <trkpt lat="50.548808" lon="7.257969">
        <ele>63.261558</ele>
        <time>2026-08-08T13:28:37.530Z</time>
      </trkpt>
      <trkpt lat="50.548996" lon="7.257386">
        <ele>63.689519</ele>
        <time>2026-08-08T13:28:46.935Z</time>
      </trkpt>
      <trkpt lat="50.549014" lon="7.257219">
        <ele>63.800398</ele>
        <time>2026-08-08T13:28:49.387Z</time>
      </trkpt>
      <trkpt lat="50.548988" lon="7.256969">
        <ele>63.966224</ele>
        <time>2026-08-08T13:28:53.069Z</time>
      </trkpt>
      <trkpt lat="50.548907" lon="7.256763">
        <ele>64.124801</ele>
        <time>2026-08-08T13:28:56.579Z</time>
      </trkpt>
      <trkpt lat="50.548848" lon="7.256681">
        <ele>64.205891</ele>
        <time>2026-08-08T13:28:58.363Z</time>
      </trkpt>
      <trkpt lat="50.548718" lon="7.256586">
        <ele>64.353548</ele>
        <time>2026-08-08T13:29:01.599Z</time>
      </trkpt>
      <trkpt lat="50.548615" lon="7.256568">
        <ele>64.460309</ele>
        <time>2026-08-08T13:29:03.929Z</time>
      </trkpt>
      <trkpt lat="50.548417" lon="7.256623">
        <ele>64.667438</ele>
        <time>2026-08-08T13:29:08.406Z</time>
      </trkpt>
      <trkpt lat="50.547891" lon="7.256965">
        <ele>64.814394</ele>
        <time>2026-08-08T13:29:20.882Z</time>
      </trkpt>
      <trkpt lat="50.547374" lon="7.257335">
        <ele>64.913893</ele>
        <time>2026-08-08T13:29:33.237Z</time>
      </trkpt>
      <trkpt lat="50.547260" lon="7.257377">
        <ele>64.934404</ele>
        <time>2026-08-08T13:29:35.789Z</time>
      </trkpt>
      <trkpt lat="50.547181" lon="7.257417">
        <ele>64.948943</ele>
        <time>2026-08-08T13:29:37.553Z</time>
      </trkpt>
      <trkpt lat="50.547077" lon="7.257311">
        <ele>64.970650</ele>
        <time>2026-08-08T13:29:40.159Z</time>
      </trkpt>
      <trkpt lat="50.547042" lon="7.257209">
        <ele>64.983555</ele>
        <time>2026-08-08T13:29:41.695Z</time>
      </trkpt>
      <trkpt lat="50.546968" lon="7.257137">
        <ele>64.998797</ele>
        <time>2026-08-08T13:29:43.448Z</time>
      </trkpt>
      <trkpt lat="50.547177" lon="7.257005">
        <ele>65.038250</ele>
        <time>2026-08-08T13:29:47.987Z</time>
      </trkpt>
      <trkpt lat="50.547492" lon="7.256798">
        <ele>64.765496</ele>
        <time>2026-08-08T13:29:54.756Z</time>
      </trkpt>
      <trkpt lat="50.547498" lon="7.256794">
        <ele>64.760157</ele>
        <time>2026-08-08T13:29:54.885Z</time>
      </trkpt>
      <trkpt lat="50.547580" lon="7.256742">
        <ele>64.687717</ele>
        <time>2026-08-08T13:29:56.638Z</time>
      </trkpt>
      <trkpt lat="50.548261" lon="7.256259">
        <ele>64.075661</ele>
        <time>2026-08-08T13:30:11.227Z</time>
      </trkpt>
      <trkpt lat="50.548201" lon="7.254912">
        <ele>63.560743</ele>
        <time>2026-08-08T13:30:27.595Z</time>
      </trkpt>
      <trkpt lat="50.548135" lon="7.254073">
        <ele>63.549474</ele>
        <time>2026-08-08T13:30:38.566Z</time>
      </trkpt>
      <trkpt lat="50.548080" lon="7.253532">
        <ele>63.542171</ele>
        <time>2026-08-08T13:30:45.973Z</time>
      </trkpt>
      <trkpt lat="50.548015" lon="7.252854">
        <ele>63.533031</ele>
        <time>2026-08-08T13:30:55.565Z</time>
      </trkpt>
      <trkpt lat="50.547914" lon="7.251867">
        <ele>63.808857</ele>
        <time>2026-08-08T13:31:09.797Z</time>
      </trkpt>
      <trkpt lat="50.547824" lon="7.250948">
        <ele>64.230880</ele>
        <time>2026-08-08T13:31:23.469Z</time>
      </trkpt>
      <trkpt lat="50.547787" lon="7.250577">
        <ele>64.401324</ele>
        <time>2026-08-08T13:31:28.977Z</time>
      </trkpt>
      <trkpt lat="50.547784" lon="7.250439">
        <ele>64.463994</ele>
        <time>2026-08-08T13:31:30.993Z</time>
      </trkpt>
      <trkpt lat="50.547753" lon="7.249748">
        <ele>64.778393</ele>
        <time>2026-08-08T13:31:40.711Z</time>
      </trkpt>
      <trkpt lat="50.547729" lon="7.249183">
        <ele>64.868436</ele>
        <time>2026-08-08T13:31:48.412Z</time>
      </trkpt>
      <trkpt lat="50.547741" lon="7.248557">
        <ele>64.939628</ele>
        <time>2026-08-08T13:31:56.776Z</time>
      </trkpt>
      <trkpt lat="50.547820" lon="7.248351">
        <ele>64.966978</ele>
        <time>2026-08-08T13:31:59.991Z</time>
      </trkpt>
      <trkpt lat="50.547861" lon="7.247974">
        <ele>65.010456</ele>
        <time>2026-08-08T13:32:05.114Z</time>
      </trkpt>
      <trkpt lat="50.547904" lon="7.247137">
        <ele>65.105911</ele>
        <time>2026-08-08T13:32:16.526Z</time>
      </trkpt>
      <trkpt lat="50.547860" lon="7.245729">
        <ele>64.956728</ele>
        <time>2026-08-08T13:32:36.015Z</time>
      </trkpt>
      <trkpt lat="50.547811" lon="7.244913">
        <ele>64.831078</ele>
        <time>2026-08-08T13:32:46.843Z</time>
      </trkpt>
      <trkpt lat="50.548302" lon="7.244847">
        <ele>64.712192</ele>
        <time>2026-08-08T13:32:56.547Z</time>
      </trkpt>
      <trkpt lat="50.548514" lon="7.244814">
        <ele>64.485344</ele>
        <time>2026-08-08T13:33:00.634Z</time>
      </trkpt>
      <trkpt lat="50.548703" lon="7.244790">
        <ele>64.237344</ele>
        <time>2026-08-08T13:33:04.135Z</time>
      </trkpt>
      <trkpt lat="50.548755" lon="7.244783">
        <ele>64.169084</ele>
        <time>2026-08-08T13:33:05.090Z</time>
      </trkpt>
      <trkpt lat="50.549298" lon="7.244711">
        <ele>63.456368</ele>
        <time>2026-08-08T13:33:14.904Z</time>
      </trkpt>
      <trkpt lat="50.549431" lon="7.244689">
        <ele>63.281457</ele>
        <time>2026-08-08T13:33:17.327Z</time>
      </trkpt>
      <trkpt lat="50.549543" lon="7.244675">
        <ele>63.134509</ele>
        <time>2026-08-08T13:33:19.378Z</time>
      </trkpt>
      <trkpt lat="50.549594" lon="7.244669">
        <ele>63.067619</ele>
        <time>2026-08-08T13:33:20.318Z</time>
      </trkpt>
      <trkpt lat="50.550258" lon="7.244582">
        <ele>62.326986</ele>
        <time>2026-08-08T13:33:32.965Z</time>
      </trkpt>
      <trkpt lat="50.550639" lon="7.244537">
        <ele>62.257823</ele>
        <time>2026-08-08T13:33:40.526Z</time>
      </trkpt>
      <trkpt lat="50.550587" lon="7.244190">
        <ele>62.216816</ele>
        <time>2026-08-08T13:33:45.155Z</time>
      </trkpt>
      <trkpt lat="50.550571" lon="7.243871">
        <ele>62.180010</ele>
        <time>2026-08-08T13:33:49.398Z</time>
      </trkpt>
      <trkpt lat="50.550569" lon="7.243566">
        <ele>62.144926</ele>
        <time>2026-08-08T13:33:53.537Z</time>
      </trkpt>
      <trkpt lat="50.550568" lon="7.243393">
        <ele>62.125027</ele>
        <time>2026-08-08T13:33:55.889Z</time>
      </trkpt>
      <trkpt lat="50.550625" lon="7.242366">
        <ele>62.078649</ele>
        <time>2026-08-08T13:34:10.129Z</time>
      </trkpt>
      <trkpt lat="50.550660" lon="7.242172">
        <ele>62.160404</ele>
        <time>2026-08-08T13:34:12.942Z</time>
      </trkpt>
      <trkpt lat="50.550888" lon="7.241572">
        <ele>62.443817</ele>
        <time>2026-08-08T13:34:22.697Z</time>
      </trkpt>
      <trkpt lat="50.550977" lon="7.241335">
        <ele>62.555420</ele>
        <time>2026-08-08T13:34:26.542Z</time>
      </trkpt>
      <trkpt lat="50.551014" lon="7.241237">
        <ele>62.601632</ele>
        <time>2026-08-08T13:34:28.124Z</time>
      </trkpt>
      <trkpt lat="50.551293" lon="7.240484">
        <ele>62.954998</ele>
        <time>2026-08-08T13:34:40.356Z</time>
      </trkpt>
      <trkpt lat="50.551398" lon="7.240218">
        <ele>63.081946</ele>
        <time>2026-08-08T13:34:44.794Z</time>
      </trkpt>
      <trkpt lat="50.551643" lon="7.239439">
        <ele>63.645331</ele>
        <time>2026-08-08T13:34:57.221Z</time>
      </trkpt>
      <trkpt lat="50.551686" lon="7.239282">
        <ele>63.769964</ele>
        <time>2026-08-08T13:34:59.694Z</time>
      </trkpt>
      <trkpt lat="50.552039" lon="7.237011">
        <ele>65.308237</ele>
        <time>2026-08-08T13:35:33.687Z</time>
      </trkpt>
      <trkpt lat="50.552383" lon="7.234630">
        <ele>65.860079</ele>
        <time>2026-08-08T13:36:06.742Z</time>
      </trkpt>
      <trkpt lat="50.550724" lon="7.234107">
        <ele>65.931388</ele>
        <time>2026-08-08T13:36:42.321Z</time>
      </trkpt>
      <trkpt lat="50.550082" lon="7.233890">
        <ele>65.910402</ele>
        <time>2026-08-08T13:36:56.361Z</time>
      </trkpt>
      <trkpt lat="50.551176" lon="7.226196">
        <ele>65.685966</ele>
        <time>2026-08-08T13:38:41.239Z</time>
      </trkpt>
      <trkpt lat="50.551627" lon="7.226199">
        <ele>65.875256</ele>
        <time>2026-08-08T13:38:50.793Z</time>
      </trkpt>
      <trkpt lat="50.551878" lon="7.225342">
        <ele>66.126907</ele>
        <time>2026-08-08T13:39:03.784Z</time>
      </trkpt>
      <trkpt lat="50.552028" lon="7.225064">
        <ele>66.224167</ele>
        <time>2026-08-08T13:39:08.903Z</time>
      </trkpt>
      <trkpt lat="50.552336" lon="7.224713">
        <ele>66.383767</ele>
        <time>2026-08-08T13:39:17.379Z</time>
      </trkpt>
      <trkpt lat="50.553115" lon="7.224005">
        <ele>67.171595</ele>
        <time>2026-08-08T13:39:37.734Z</time>
      </trkpt>
      <trkpt lat="50.553157" lon="7.223933">
        <ele>67.226296</ele>
        <time>2026-08-08T13:39:39.154Z</time>
      </trkpt>
      <trkpt lat="50.553335" lon="7.223400">
        <ele>67.563275</ele>
        <time>2026-08-08T13:39:47.781Z</time>
      </trkpt>
      <trkpt lat="50.553373" lon="7.223279">
        <ele>67.638811</ele>
        <time>2026-08-08T13:39:49.710Z</time>
      </trkpt>
      <trkpt lat="50.553588" lon="7.222602">
        <ele>67.975927</ele>
        <time>2026-08-08T13:40:00.313Z</time>
      </trkpt>
      <trkpt lat="50.553689" lon="7.222336">
        <ele>67.983213</ele>
        <time>2026-08-08T13:40:04.576Z</time>
      </trkpt>
      <trkpt lat="50.553790" lon="7.222071">
        <ele>67.990478</ele>
        <time>2026-08-08T13:40:08.759Z</time>
      </trkpt>
      <trkpt lat="50.553484" lon="7.221833">
        <ele>68.003108</ele>
        <time>2026-08-08T13:40:15.908Z</time>
      </trkpt>
      <trkpt lat="50.553310" lon="7.221754">
        <ele>68.009809</ele>
        <time>2026-08-08T13:40:19.664Z</time>
      </trkpt>
      <trkpt lat="50.552575" lon="7.221801">
        <ele>68.037028</ele>
        <time>2026-08-08T13:40:34.802Z</time>
      </trkpt>
      <trkpt lat="50.552529" lon="7.221771">
        <ele>68.038426</ele>
        <time>2026-08-08T13:40:35.830Z</time>
      </trkpt>
      <trkpt lat="50.552505" lon="7.221729">
        <ele>68.036465</ele>
        <time>2026-08-08T13:40:36.570Z</time>
      </trkpt>
      <trkpt lat="50.552487" lon="7.221540">
        <ele>68.029831</ele>
        <time>2026-08-08T13:40:39.114Z</time>
      </trkpt>
      <trkpt lat="50.552556" lon="7.220867">
        <ele>68.006165</ele>
        <time>2026-08-08T13:40:48.291Z</time>
      </trkpt>
      <trkpt lat="50.552589" lon="7.220122">
        <ele>67.980239</ele>
        <time>2026-08-08T13:40:58.375Z</time>
      </trkpt>
      <trkpt lat="50.552614" lon="7.219352">
        <ele>67.953473</ele>
        <time>2026-08-08T13:41:08.698Z</time>
      </trkpt>
      <trkpt lat="50.552615" lon="7.218764">
        <ele>67.921696</ele>
        <time>2026-08-08T13:41:16.484Z</time>
      </trkpt>
      <trkpt lat="50.552649" lon="7.218585">
        <ele>67.905191</ele>
        <time>2026-08-08T13:41:18.938Z</time>
      </trkpt>
      <trkpt lat="50.552727" lon="7.218385">
        <ele>67.884458</ele>
        <time>2026-08-08T13:41:22.018Z</time>
      </trkpt>
      <trkpt lat="50.552588" lon="7.217864">
        <ele>67.834537</ele>
        <time>2026-08-08T13:41:29.372Z</time>
      </trkpt>
      <trkpt lat="50.552414" lon="7.217319">
        <ele>67.780651</ele>
        <time>2026-08-08T13:41:37.233Z</time>
      </trkpt>
      <trkpt lat="50.552335" lon="7.217259">
        <ele>67.768454</ele>
        <time>2026-08-08T13:41:39.043Z</time>
      </trkpt>
      <trkpt lat="50.552263" lon="7.217257">
        <ele>67.758441</ele>
        <time>2026-08-08T13:41:40.516Z</time>
      </trkpt>
      <trkpt lat="50.551469" lon="7.217451">
        <ele>67.750166</ele>
        <time>2026-08-08T13:41:57.692Z</time>
      </trkpt>
      <trkpt lat="50.551444" lon="7.217455">
        <ele>67.754962</ele>
        <time>2026-08-08T13:41:58.244Z</time>
      </trkpt>
      <trkpt lat="50.551275" lon="7.217468">
        <ele>67.787253</ele>
        <time>2026-08-08T13:42:01.909Z</time>
      </trkpt>
      <trkpt lat="50.550935" lon="7.217450">
        <ele>67.852178</ele>
        <time>2026-08-08T13:42:09.134Z</time>
      </trkpt>
      <trkpt lat="50.550892" lon="7.217448">
        <ele>67.860388</ele>
        <time>2026-08-08T13:42:10.059Z</time>
      </trkpt>
      <trkpt lat="50.550315" lon="7.217413">
        <ele>67.970587</ele>
        <time>2026-08-08T13:42:22.522Z</time>
      </trkpt>
      <trkpt lat="50.550276" lon="7.217411">
        <ele>67.978034</ele>
        <time>2026-08-08T13:42:23.373Z</time>
      </trkpt>
      <trkpt lat="50.550302" lon="7.216956">
        <ele>68.033432</ele>
        <time>2026-08-08T13:42:30.263Z</time>
      </trkpt>
      <trkpt lat="50.550339" lon="7.215979">
        <ele>68.164750</ele>
        <time>2026-08-08T13:42:44.904Z</time>
      </trkpt>
      <trkpt lat="50.550308" lon="7.214964">
        <ele>68.301108</ele>
        <time>2026-08-08T13:43:00.178Z</time>
      </trkpt>
      <trkpt lat="50.550272" lon="7.213801">
        <ele>68.350018</ele>
        <time>2026-08-08T13:43:17.889Z</time>
      </trkpt>
      <trkpt lat="50.550154" lon="7.213358">
        <ele>68.256959</ele>
        <time>2026-08-08T13:43:28.466Z</time>
      </trkpt>
      <trkpt lat="50.550138" lon="7.213038">
        <ele>68.194773</ele>
        <time>2026-08-08T13:43:35.527Z</time>
      </trkpt>
      <trkpt lat="50.550041" lon="7.212353">
        <ele>68.058810</ele>
        <time>2026-08-08T13:43:50.967Z</time>
      </trkpt>
      <trkpt lat="50.550112" lon="7.211934">
        <ele>67.974799</ele>
        <time>2026-08-08T13:43:57.211Z</time>
      </trkpt>
      <trkpt lat="50.550207" lon="7.211651">
        <ele>67.912792</ele>
        <time>2026-08-08T13:44:01.822Z</time>
      </trkpt>
      <trkpt lat="50.550222" lon="7.211455">
        <ele>67.874546</ele>
        <time>2026-08-08T13:44:04.655Z</time>
      </trkpt>
      <trkpt lat="50.550158" lon="7.209670">
        <ele>67.839949</ele>
        <time>2026-08-08T13:44:30.488Z</time>
      </trkpt>
      <trkpt lat="50.550140" lon="7.208534">
        <ele>67.868186</ele>
        <time>2026-08-08T13:44:47.778Z</time>
      </trkpt>
      <trkpt lat="50.550144" lon="7.208118">
        <ele>68.280788</ele>
        <time>2026-08-08T13:44:54.194Z</time>
      </trkpt>
      <trkpt lat="50.550280" lon="7.206662">
        <ele>69.740243</ele>
        <time>2026-08-08T13:45:17.257Z</time>
      </trkpt>
      <trkpt lat="50.550356" lon="7.206294">
        <ele>70.123986</ele>
        <time>2026-08-08T13:45:23.413Z</time>
      </trkpt>
      <trkpt lat="50.550457" lon="7.205580">
        <ele>71.125534</ele>
        <time>2026-08-08T13:45:35.225Z</time>
      </trkpt>
      <trkpt lat="50.550625" lon="7.204892">
        <ele>72.782588</ele>
        <time>2026-08-08T13:45:47.379Z</time>
      </trkpt>
      <trkpt lat="50.550432" lon="7.203441">
        <ele>76.115443</ele>
        <time>2026-08-08T13:46:12.790Z</time>
      </trkpt>
      <trkpt lat="50.550338" lon="7.203085">
        <ele>76.982162</ele>
        <time>2026-08-08T13:46:19.237Z</time>
      </trkpt>
      <trkpt lat="50.550349" lon="7.202950">
        <ele>77.209875</ele>
        <time>2026-08-08T13:46:21.411Z</time>
      </trkpt>
      <trkpt lat="50.550700" lon="7.201855">
        <ele>79.229546</ele>
        <time>2026-08-08T13:46:40.971Z</time>
      </trkpt>
      <trkpt lat="50.550745" lon="7.201524">
        <ele>79.786959</ele>
        <time>2026-08-08T13:46:46.384Z</time>
      </trkpt>
      <trkpt lat="50.550760" lon="7.201104">
        <ele>80.479686</ele>
        <time>2026-08-08T13:46:52.936Z</time>
      </trkpt>
      <trkpt lat="50.550526" lon="7.200140">
        <ele>81.111416</ele>
        <time>2026-08-08T13:47:07.217Z</time>
      </trkpt>
      <trkpt lat="50.550201" lon="7.199670">
        <ele>79.915582</ele>
        <time>2026-08-08T13:47:15.085Z</time>
      </trkpt>
      <trkpt lat="50.550374" lon="7.199364">
        <ele>79.210457</ele>
        <time>2026-08-08T13:47:19.304Z</time>
      </trkpt>
      <trkpt lat="50.550431" lon="7.199115">
        <ele>78.754828</ele>
        <time>2026-08-08T13:47:21.966Z</time>
      </trkpt>
      <trkpt lat="50.550266" lon="7.198092">
        <ele>76.937856</ele>
        <time>2026-08-08T13:47:32.191Z</time>
      </trkpt>
      <trkpt lat="50.550264" lon="7.197991">
        <ele>76.774742</ele>
        <time>2026-08-08T13:47:33.131Z</time>
      </trkpt>
      <trkpt lat="50.550283" lon="7.197864">
        <ele>76.671769</ele>
        <time>2026-08-08T13:47:34.373Z</time>
      </trkpt>
      <trkpt lat="50.550404" lon="7.197543">
        <ele>76.377201</ele>
        <time>2026-08-08T13:47:38.156Z</time>
      </trkpt>
      <trkpt lat="50.550417" lon="7.197344">
        <ele>76.219318</ele>
        <time>2026-08-08T13:47:40.360Z</time>
      </trkpt>
      <trkpt lat="50.550374" lon="7.197215">
        <ele>76.104348</ele>
        <time>2026-08-08T13:47:42.018Z</time>
      </trkpt>
      <trkpt lat="50.549971" lon="7.196666">
        <ele>75.442305</ele>
        <time>2026-08-08T13:47:52.484Z</time>
      </trkpt>
      <trkpt lat="50.549920" lon="7.196537">
        <ele>75.322395</ele>
        <time>2026-08-08T13:47:54.522Z</time>
      </trkpt>
      <trkpt lat="50.549441" lon="7.194582">
        <ele>75.001955</ele>
        <time>2026-08-08T13:48:23.762Z</time>
      </trkpt>
      <trkpt lat="50.549282" lon="7.194391">
        <ele>75.129436</ele>
        <time>2026-08-08T13:48:28.625Z</time>
      </trkpt>
      <trkpt lat="50.549032" lon="7.193871">
        <ele>75.393504</ele>
        <time>2026-08-08T13:48:38.614Z</time>
      </trkpt>
      <trkpt lat="50.548962" lon="7.193784">
        <ele>75.450351</ele>
        <time>2026-08-08T13:48:40.776Z</time>
      </trkpt>
      <trkpt lat="50.548905" lon="7.193735">
        <ele>75.491745</ele>
        <time>2026-08-08T13:48:42.200Z</time>
      </trkpt>
      <trkpt lat="50.548819" lon="7.193376">
        <ele>75.647117</ele>
        <time>2026-08-08T13:48:47.653Z</time>
      </trkpt>
      <trkpt lat="50.548500" lon="7.192562">
        <ele>75.958178</ele>
        <time>2026-08-08T13:49:01.268Z</time>
      </trkpt>
      <trkpt lat="50.548257" lon="7.192167">
        <ele>76.130646</ele>
        <time>2026-08-08T13:49:08.702Z</time>
      </trkpt>
      <trkpt lat="50.547949" lon="7.191828">
        <ele>76.316198</ele>
        <time>2026-08-08T13:49:16.580Z</time>
      </trkpt>
      <trkpt lat="50.547734" lon="7.191668">
        <ele>76.433608</ele>
        <time>2026-08-08T13:49:21.762Z</time>
      </trkpt>
      <trkpt lat="50.547328" lon="7.191429">
        <ele>76.644270</ele>
        <time>2026-08-08T13:49:31.461Z</time>
      </trkpt>
      <trkpt lat="50.547141" lon="7.191294">
        <ele>76.740501</ele>
        <time>2026-08-08T13:49:36.068Z</time>
      </trkpt>
      <trkpt lat="50.547027" lon="7.191171">
        <ele>76.805152</ele>
        <time>2026-08-08T13:49:39.126Z</time>
      </trkpt>
      <trkpt lat="50.546768" lon="7.190725">
        <ele>76.984729</ele>
        <time>2026-08-08T13:49:47.536Z</time>
      </trkpt>
      <trkpt lat="50.546596" lon="7.190243">
        <ele>77.149034</ele>
        <time>2026-08-08T13:49:55.151Z</time>
      </trkpt>
      <trkpt lat="50.546420" lon="7.189359">
        <ele>77.424374</ele>
        <time>2026-08-08T13:50:07.808Z</time>
      </trkpt>
      <trkpt lat="50.546351" lon="7.189011">
        <ele>77.613688</ele>
        <time>2026-08-08T13:50:12.838Z</time>
      </trkpt>
      <trkpt lat="50.546281" lon="7.188243">
        <ele>78.018259</ele>
        <time>2026-08-08T13:50:23.667Z</time>
      </trkpt>
      <trkpt lat="50.546199" lon="7.186463">
        <ele>78.959196</ele>
        <time>2026-08-08T13:50:49.267Z</time>
      </trkpt>
      <trkpt lat="50.546266" lon="7.186314">
        <ele>79.075050</ele>
        <time>2026-08-08T13:50:51.929Z</time>
      </trkpt>
      <trkpt lat="50.546337" lon="7.186276">
        <ele>79.149956</ele>
        <time>2026-08-08T13:50:53.655Z</time>
      </trkpt>
      <trkpt lat="50.546368" lon="7.186274">
        <ele>79.180945</ele>
        <time>2026-08-08T13:50:54.343Z</time>
      </trkpt>
      <trkpt lat="50.546391" lon="7.184447">
        <ele>80.340782</ele>
        <time>2026-08-08T13:51:20.588Z</time>
      </trkpt>
      <trkpt lat="50.546466" lon="7.183506">
        <ele>80.722478</ele>
        <time>2026-08-08T13:51:33.960Z</time>
      </trkpt>
      <trkpt lat="50.546325" lon="7.183497">
        <ele>80.736635</ele>
        <time>2026-08-08T13:51:37.040Z</time>
      </trkpt>
      <trkpt lat="50.546006" lon="7.183405">
        <ele>80.769171</ele>
        <time>2026-08-08T13:51:43.979Z</time>
      </trkpt>
      <trkpt lat="50.545690" lon="7.183212">
        <ele>80.803177</ele>
        <time>2026-08-08T13:51:51.084Z</time>
      </trkpt>
      <trkpt lat="50.545341" lon="7.182973">
        <ele>80.841361</ele>
        <time>2026-08-08T13:51:59.018Z</time>
      </trkpt>
      <trkpt lat="50.545126" lon="7.182844">
        <ele>80.864446</ele>
        <time>2026-08-08T13:52:03.759Z</time>
      </trkpt>
      <trkpt lat="50.544568" lon="7.182624">
        <ele>80.938055</ele>
        <time>2026-08-08T13:52:15.563Z</time>
      </trkpt>
      <trkpt lat="50.544284" lon="7.182555">
        <ele>80.977344</ele>
        <time>2026-08-08T13:52:21.533Z</time>
      </trkpt>
      <trkpt lat="50.544289" lon="7.182493">
        <ele>80.982774</ele>
        <time>2026-08-08T13:52:22.622Z</time>
      </trkpt>
      <trkpt lat="50.544351" lon="7.182182">
        <ele>81.011093</ele>
        <time>2026-08-08T13:52:28.318Z</time>
      </trkpt>
      <trkpt lat="50.544383" lon="7.181266">
        <ele>81.090798</ele>
        <time>2026-08-08T13:52:40.934Z</time>
      </trkpt>
      <trkpt lat="50.544501" lon="7.180609">
        <ele>81.282119</ele>
        <time>2026-08-08T13:52:50.531Z</time>
      </trkpt>
      <trkpt lat="50.544473" lon="7.179971">
        <ele>81.621159</ele>
        <time>2026-08-08T13:52:59.617Z</time>
      </trkpt>
      <trkpt lat="50.544355" lon="7.177920">
        <ele>82.686576</ele>
        <time>2026-08-08T13:53:29.043Z</time>
      </trkpt>
      <trkpt lat="50.544311" lon="7.177722">
        <ele>82.764531</ele>
        <time>2026-08-08T13:53:31.998Z</time>
      </trkpt>
      <trkpt lat="50.544478" lon="7.177236">
        <ele>82.969864</ele>
        <time>2026-08-08T13:53:39.714Z</time>
      </trkpt>
      <trkpt lat="50.544576" lon="7.176820">
        <ele>83.134749</ele>
        <time>2026-08-08T13:53:45.840Z</time>
      </trkpt>
      <trkpt lat="50.544610" lon="7.176772">
        <ele>83.161462</ele>
        <time>2026-08-08T13:53:46.840Z</time>
      </trkpt>
      <trkpt lat="50.544499" lon="7.176122">
        <ele>83.411600</ele>
        <time>2026-08-08T13:53:56.149Z</time>
      </trkpt>
      <trkpt lat="50.544332" lon="7.175389">
        <ele>83.703300</ele>
        <time>2026-08-08T13:54:06.998Z</time>
      </trkpt>
      <trkpt lat="50.544244" lon="7.175005">
        <ele>83.869379</ele>
        <time>2026-08-08T13:54:12.754Z</time>
      </trkpt>
      <trkpt lat="50.544002" lon="7.174132">
        <ele>84.256883</ele>
        <time>2026-08-08T13:54:26.370Z</time>
      </trkpt>
      <trkpt lat="50.543816" lon="7.173738">
        <ele>84.456575</ele>
        <time>2026-08-08T13:54:33.282Z</time>
      </trkpt>
      <trkpt lat="50.543657" lon="7.173493">
        <ele>84.599048</ele>
        <time>2026-08-08T13:54:38.121Z</time>
      </trkpt>
      <trkpt lat="50.543607" lon="7.173474">
        <ele>84.631979</ele>
        <time>2026-08-08T13:54:39.251Z</time>
      </trkpt>
      <trkpt lat="50.543474" lon="7.173412">
        <ele>84.720787</ele>
        <time>2026-08-08T13:54:42.297Z</time>
      </trkpt>
      <trkpt lat="50.543783" lon="7.172165">
        <ele>84.931375</ele>
        <time>2026-08-08T13:55:00.702Z</time>
      </trkpt>
      <trkpt lat="50.543925" lon="7.171614">
        <ele>84.988478</ele>
        <time>2026-08-08T13:55:08.653Z</time>
      </trkpt>
      <trkpt lat="50.544144" lon="7.170678">
        <ele>85.084267</ele>
        <time>2026-08-08T13:55:22.029Z</time>
      </trkpt>
      <trkpt lat="50.544351" lon="7.169843">
        <ele>85.024923</ele>
        <time>2026-08-08T13:55:34.191Z</time>
      </trkpt>
      <trkpt lat="50.544588" lon="7.169122">
        <ele>84.941713</ele>
        <time>2026-08-08T13:55:44.883Z</time>
      </trkpt>
      <trkpt lat="50.544823" lon="7.168544">
        <ele>84.871376</ele>
        <time>2026-08-08T13:55:53.822Z</time>
      </trkpt>
      <trkpt lat="50.544951" lon="7.168302">
        <ele>84.839101</ele>
        <time>2026-08-08T13:55:57.906Z</time>
      </trkpt>
      <trkpt lat="50.545665" lon="7.166940">
        <ele>84.603793</ele>
        <time>2026-08-08T13:56:21.090Z</time>
      </trkpt>
      <trkpt lat="50.545860" lon="7.166436">
        <ele>84.521658</ele>
        <time>2026-08-08T13:56:28.985Z</time>
      </trkpt>
      <trkpt lat="50.546102" lon="7.165763">
        <ele>84.414918</ele>
        <time>2026-08-08T13:56:39.068Z</time>
      </trkpt>
      <trkpt lat="50.546420" lon="7.165385">
        <ele>84.369658</ele>
        <time>2026-08-08T13:56:47.225Z</time>
      </trkpt>
      <trkpt lat="50.546534" lon="7.165279">
        <ele>84.354620</ele>
        <time>2026-08-08T13:56:49.940Z</time>
      </trkpt>
      <trkpt lat="50.546655" lon="7.165203">
        <ele>84.339824</ele>
        <time>2026-08-08T13:56:52.600Z</time>
      </trkpt>
      <trkpt lat="50.547106" lon="7.164904">
        <ele>84.284244</ele>
        <time>2026-08-08T13:57:02.709Z</time>
      </trkpt>
      <trkpt lat="50.547370" lon="7.164774">
        <ele>84.252828</ele>
        <time>2026-08-08T13:57:08.653Z</time>
      </trkpt>
      <trkpt lat="50.547580" lon="7.164676">
        <ele>84.227952</ele>
        <time>2026-08-08T13:57:13.147Z</time>
      </trkpt>
      <trkpt lat="50.547360" lon="7.164260">
        <ele>84.576814</ele>
        <time>2026-08-08T13:57:20.401Z</time>
      </trkpt>
      <trkpt lat="50.547225" lon="7.164005">
        <ele>84.961853</ele>
        <time>2026-08-08T13:57:25.102Z</time>
      </trkpt>
      <trkpt lat="50.546830" lon="7.162943">
        <ele>86.389407</ele>
        <time>2026-08-08T13:57:43.532Z</time>
      </trkpt>
      <trkpt lat="50.546642" lon="7.162576">
        <ele>86.936281</ele>
        <time>2026-08-08T13:57:50.899Z</time>
      </trkpt>
      <trkpt lat="50.546623" lon="7.162524">
        <ele>87.005868</ele>
        <time>2026-08-08T13:57:51.832Z</time>
      </trkpt>
      <trkpt lat="50.546192" lon="7.161352">
        <ele>87.752507</ele>
        <time>2026-08-08T13:58:12.163Z</time>
      </trkpt>
      <trkpt lat="50.545897" lon="7.160787">
        <ele>87.954267</ele>
        <time>2026-08-08T13:58:22.326Z</time>
      </trkpt>
      <trkpt lat="50.545489" lon="7.160264">
        <ele>88.182751</ele>
        <time>2026-08-08T13:58:32.433Z</time>
      </trkpt>
      <trkpt lat="50.545018" lon="7.159639">
        <ele>88.271922</ele>
        <time>2026-08-08T13:58:43.628Z</time>
      </trkpt>
      <trkpt lat="50.544559" lon="7.159181">
        <ele>88.266052</ele>
        <time>2026-08-08T13:58:54.896Z</time>
      </trkpt>
      <trkpt lat="50.544198" lon="7.158913">
        <ele>88.261740</ele>
        <time>2026-08-08T13:59:03.793Z</time>
      </trkpt>
      <trkpt lat="50.543723" lon="7.158658">
        <ele>88.257818</ele>
        <time>2026-08-08T13:59:15.121Z</time>
      </trkpt>
      <trkpt lat="50.543507" lon="7.158425">
        <ele>88.263400</ele>
        <time>2026-08-08T13:59:20.917Z</time>
      </trkpt>
      <trkpt lat="50.543299" lon="7.158050">
        <ele>88.270143</ele>
        <time>2026-08-08T13:59:27.821Z</time>
      </trkpt>
      <trkpt lat="50.543159" lon="7.157648">
        <ele>88.276353</ele>
        <time>2026-08-08T13:59:33.973Z</time>
      </trkpt>
      <trkpt lat="50.543035" lon="7.157115">
        <ele>88.284041</ele>
        <time>2026-08-08T13:59:41.288Z</time>
      </trkpt>
      <trkpt lat="50.542774" lon="7.155577">
        <ele>88.178933</ele>
        <time>2026-08-08T14:00:01.613Z</time>
      </trkpt>
      <trkpt lat="50.542755" lon="7.154878">
        <ele>88.073439</ele>
        <time>2026-08-08T14:00:10.808Z</time>
      </trkpt>
      <trkpt lat="50.542773" lon="7.152870">
        <ele>87.752134</ele>
        <time>2026-08-08T14:00:37.655Z</time>
      </trkpt>
      <trkpt lat="50.542822" lon="7.152218">
        <ele>87.634404</ele>
        <time>2026-08-08T14:00:46.204Z</time>
      </trkpt>
      <trkpt lat="50.542899" lon="7.151610">
        <ele>87.523235</ele>
        <time>2026-08-08T14:00:54.168Z</time>
      </trkpt>
      <trkpt lat="50.543103" lon="7.149999">
        <ele>87.445667</ele>
        <time>2026-08-08T14:01:15.483Z</time>
      </trkpt>
      <trkpt lat="50.543126" lon="7.149658">
        <ele>87.485098</ele>
        <time>2026-08-08T14:01:20.135Z</time>
      </trkpt>
      <trkpt lat="50.544128" lon="7.149875">
        <ele>87.668109</ele>
        <time>2026-08-08T14:02:30.411Z</time>
      </trkpt>
      <trkpt lat="50.544181" lon="7.149885">
        <ele>87.677768</ele>
        <time>2026-08-08T14:02:34.133Z</time>
      </trkpt>
      <trkpt lat="50.544205" lon="7.149894">
        <ele>87.682232</ele>
        <time>2026-08-08T14:02:35.867Z</time>
      </trkpt>
      <trkpt lat="50.544491" lon="7.149970">
        <ele>87.893035</ele>
        <time>2026-08-08T14:02:56.021Z</time>
      </trkpt>
      <trkpt lat="50.544438" lon="7.148476">
        <ele>88.628129</ele>
        <time>2026-08-08T14:03:16.993Z</time>
      </trkpt>
      <trkpt lat="50.544384" lon="7.146558">
        <ele>89.669659</ele>
        <time>2026-08-08T14:03:44.597Z</time>
      </trkpt>
      <trkpt lat="50.544677" lon="7.144958">
        <ele>90.650371</ele>
        <time>2026-08-08T14:04:08.416Z</time>
      </trkpt>
      <trkpt lat="50.544689" lon="7.144751">
        <ele>90.754667</ele>
        <time>2026-08-08T14:04:11.308Z</time>
      </trkpt>
      <trkpt lat="50.544322" lon="7.144700">
        <ele>90.882418</ele>
        <time>2026-08-08T14:04:19.291Z</time>
      </trkpt>
      <trkpt lat="50.544093" lon="7.144659">
        <ele>90.962336</ele>
        <time>2026-08-08T14:04:24.268Z</time>
      </trkpt>
      <trkpt lat="50.543777" lon="7.144597">
        <ele>91.072757</ele>
        <time>2026-08-08T14:04:31.067Z</time>
      </trkpt>
      <trkpt lat="50.543604" lon="7.144308">
        <ele>91.160244</ele>
        <time>2026-08-08T14:04:36.398Z</time>
      </trkpt>
      <trkpt lat="50.543485" lon="7.144288">
        <ele>91.201741</ele>
        <time>2026-08-08T14:04:38.949Z</time>
      </trkpt>
      <trkpt lat="50.543475" lon="7.143936">
        <ele>91.279384</ele>
        <time>2026-08-08T14:04:54.501Z</time>
      </trkpt>
      <trkpt lat="50.543429" lon="7.143828">
        <ele>91.308033</ele>
        <time>2026-08-08T14:04:56.296Z</time>
      </trkpt>
      <trkpt lat="50.543351" lon="7.142551">
        <ele>91.790382</ele>
        <time>2026-08-08T14:05:19.040Z</time>
      </trkpt>
      <trkpt lat="50.543256" lon="7.140994">
        <ele>92.443345</ele>
        <time>2026-08-08T14:05:46.831Z</time>
      </trkpt>
      <trkpt lat="50.543208" lon="7.140637">
        <ele>92.590441</ele>
        <time>2026-08-08T14:05:53.314Z</time>
      </trkpt>
      <trkpt lat="50.543184" lon="7.139894">
        <ele>92.866162</ele>
        <time>2026-08-08T14:06:26.180Z</time>
      </trkpt>
      <trkpt lat="50.543042" lon="7.138467">
        <ele>93.401472</ele>
        <time>2026-08-08T14:07:29.933Z</time>
      </trkpt>
      <trkpt lat="50.542928" lon="7.137073">
        <ele>93.597971</ele>
        <time>2026-08-08T14:07:49.318Z</time>
      </trkpt>
      <trkpt lat="50.542919" lon="7.136793">
        <ele>93.597971</ele>
        <time>2026-08-08T14:07:53.177Z</time>
      </trkpt>
      <trkpt lat="50.543011" lon="7.136597">
        <ele>93.597971</ele>
        <time>2026-08-08T14:07:56.529Z</time>
      </trkpt>
      <trkpt lat="50.542981" lon="7.136449">
        <ele>93.597971</ele>
        <time>2026-08-08T14:07:58.683Z</time>
      </trkpt>
      <trkpt lat="50.542978" lon="7.136173">
        <ele>93.597971</ele>
        <time>2026-08-08T14:08:02.509Z</time>
      </trkpt>
      <trkpt lat="50.542985" lon="7.134469">
        <ele>93.597971</ele>
        <time>2026-08-08T14:08:26.280Z</time>
      </trkpt>
    </trkseg>
  </trk>
</gpx>